[{
    "fields": {
        "active": true,
        "subscription_url": "",
        "cms_url": null,
        "name": "HSE Now"
    },
    "model": "spe_blog.publication",
    "pk": "HSE"
}, {
    "fields": {
        "active": true,
        "subscription_url": "",
        "cms_url": null,
        "name": "Journal of Petroleum Technology"
    },
    "model": "spe_blog.publication",
    "pk": "JPT"
}, {
    "fields": {
        "active": true,
        "subscription_url": "http://www.spe.org",
        "cms_url": null,
        "name": "Oil and Gas Facilities"
    },
    "model": "spe_blog.publication",
    "pk": "OGF"
}, {
    "fields": {
        "active": true,
        "subscription_url": "",
        "cms_url": null,
        "name": "The Way Ahead"
    },
    "model": "spe_blog.publication",
    "pk": "TWA"
}, {
    "fields": {
        "active": true,
        "subscription_url": "",
        "cms_url": null,
        "name": "Online"
    },
    "model": "spe_blog.publication",
    "pk": "WWW"
}, {
    "fields": {
        "print_volume": 4,
        "publication": "OGF",
        "print_issue": 2,
        "cover": "covers/v4n2_cover_sHadclQ.png",
        "active": true,
        "date": "2015-04-01",
        "issue_url": "http://www.spe.org/ogf/print/archives/2015/04/"
    },
    "model": "spe_blog.issue",
    "pk": 1
}, {
    "fields": {
        "print_volume": 4,
        "publication": "OGF",
        "print_issue": 1,
        "cover": "covers/v4n1_cover_dwqoXwg.png",
        "active": true,
        "date": "2015-02-01",
        "issue_url": "http://www.spe.org/ogf/print/archives/2015/02/"
    },
    "model": "spe_blog.issue",
    "pk": 2
}, {
    "fields": {
        "print_volume": 5,
        "publication": "OGF",
        "print_issue": 1,
        "cover": "covers/v5n1_cover_rMFE4z7.png",
        "active": true,
        "date": "2016-02-01",
        "issue_url": "http://www.spe.org/ogf/print/archives/2016/02/"
    },
    "model": "spe_blog.issue",
    "pk": 3
}, {
    "fields": {
        "print_volume": 4,
        "publication": "OGF",
        "print_issue": 3,
        "cover": "covers/v4n3_cover_lryThqQ.png",
        "active": true,
        "date": "2015-06-01",
        "issue_url": "http://www.spe.org/ogf/print/archives/2015/06/"
    },
    "model": "spe_blog.issue",
    "pk": 4
}, {
    "fields": {
        "print_volume": 4,
        "publication": "OGF",
        "print_issue": 4,
        "cover": "covers/v4n4_cover_oo9sZCG.png",
        "active": true,
        "date": "2015-08-01",
        "issue_url": "http://www.spe.org/ogf/print/archives/2015/08/"
    },
    "model": "spe_blog.issue",
    "pk": 5
}, {
    "fields": {
        "print_volume": 4,
        "publication": "OGF",
        "print_issue": 5,
        "cover": "covers/v4n5_cover_XpyWYhP.png",
        "active": true,
        "date": "2015-10-01",
        "issue_url": "http://www.spe.org/ogf/print/archives/2015/10/"
    },
    "model": "spe_blog.issue",
    "pk": 6
}, {
    "fields": {
        "print_volume": 4,
        "publication": "OGF",
        "print_issue": 6,
        "cover": "covers/v4n6_cover_2VBB3Yv.png",
        "active": true,
        "date": "2015-12-01",
        "issue_url": "http://www.spe.org/ogf/print/archives/2015/12/"
    },
    "model": "spe_blog.issue",
    "pk": 7
}, {
    "fields": {
        "print_volume": 3,
        "publication": "OGF",
        "print_issue": 1,
        "cover": "covers/v3n1_cover_D9hShXw.png",
        "active": true,
        "date": "2014-02-01",
        "issue_url": "http://www.spe.org/ogf/print/archives/2014/02/"
    },
    "model": "spe_blog.issue",
    "pk": 8
}, {
    "fields": {
        "print_volume": 3,
        "publication": "OGF",
        "print_issue": 2,
        "cover": "covers/v3n2_cover_5THXtkU.png",
        "active": true,
        "date": "2014-04-01",
        "issue_url": "http://www.spe.org/ogf/print/archives/2014/04/"
    },
    "model": "spe_blog.issue",
    "pk": 9
}, {
    "fields": {
        "print_volume": 3,
        "publication": "OGF",
        "print_issue": 3,
        "cover": "covers/v3n3_cover_VLsMIYl.png",
        "active": true,
        "date": "2014-06-01",
        "issue_url": "http://www.spe.org/ogf/print/archives/2014/06/"
    },
    "model": "spe_blog.issue",
    "pk": 10
}, {
    "fields": {
        "print_volume": 3,
        "publication": "OGF",
        "print_issue": 4,
        "cover": "covers/v3n4_cover_KQTRLT9.png",
        "active": true,
        "date": "2014-08-01",
        "issue_url": "http://www.spe.org/ogf/print/archives/2014/08/"
    },
    "model": "spe_blog.issue",
    "pk": 11
}, {
    "fields": {
        "print_volume": 3,
        "publication": "OGF",
        "print_issue": 5,
        "cover": "covers/v3n5_cover_FiwGLny.png",
        "active": true,
        "date": "2014-10-01",
        "issue_url": "http://www.spe.org/ogf/print/archives/2014/10/"
    },
    "model": "spe_blog.issue",
    "pk": 12
}, {
    "fields": {
        "print_volume": 3,
        "publication": "OGF",
        "print_issue": 6,
        "cover": "covers/v3n6_cover_JcVJQOF.png",
        "active": true,
        "date": "2014-12-01",
        "issue_url": "http://www.spe.org/ogf/print/archives/2014/12/"
    },
    "model": "spe_blog.issue",
    "pk": 13
}, {
    "fields": {
        "print_volume": 2,
        "publication": "OGF",
        "print_issue": 1,
        "cover": "covers/v2n1_cover_26i6swX.png",
        "active": true,
        "date": "2013-02-01",
        "issue_url": "http://www.spe.org/ogf/print/archives/2013/02/"
    },
    "model": "spe_blog.issue",
    "pk": 14
}, {
    "fields": {
        "print_volume": 2,
        "publication": "OGF",
        "print_issue": 2,
        "cover": "covers/v2n2_cover_iwF7caF.png",
        "active": true,
        "date": "2013-04-01",
        "issue_url": "http://www.spe.org/ogf/print/archives/2013/04/"
    },
    "model": "spe_blog.issue",
    "pk": 15
}, {
    "fields": {
        "print_volume": 2,
        "publication": "OGF",
        "print_issue": 3,
        "cover": "covers/v2n3_cover_5AnDWYr.png",
        "active": true,
        "date": "2013-06-01",
        "issue_url": "http://www.spe.org/ogf/print/archives/2013/06/"
    },
    "model": "spe_blog.issue",
    "pk": 16
}, {
    "fields": {
        "print_volume": 2,
        "publication": "OGF",
        "print_issue": 4,
        "cover": "covers/v2n4_cover_DB4rLsx.png",
        "active": true,
        "date": "2013-08-01",
        "issue_url": "http://www.spe.org/ogf/print/archives/2013/08/"
    },
    "model": "spe_blog.issue",
    "pk": 17
}, {
    "fields": {
        "print_volume": 2,
        "publication": "OGF",
        "print_issue": 5,
        "cover": "covers/v2n5_cover_elCnGOh.png",
        "active": true,
        "date": "2013-10-01",
        "issue_url": "http://www.spe.org/ogf/print/archives/2013/10/"
    },
    "model": "spe_blog.issue",
    "pk": 18
}, {
    "fields": {
        "print_volume": 2,
        "publication": "OGF",
        "print_issue": 6,
        "cover": "covers/v2n6_cover_cGEprma.png",
        "active": true,
        "date": "2013-12-01",
        "issue_url": "http://www.spe.org/ogf/print/archives/2013/12/"
    },
    "model": "spe_blog.issue",
    "pk": 19
}, {
    "fields": {
        "print_volume": 1,
        "publication": "OGF",
        "print_issue": 1,
        "cover": "covers/v1n1_cover_74saUYH.png",
        "active": true,
        "date": "2012-02-01",
        "issue_url": "http://www.spe.org/ogf/print/archives/2012/02/"
    },
    "model": "spe_blog.issue",
    "pk": 20
}, {
    "fields": {
        "print_volume": 1,
        "publication": "OGF",
        "print_issue": 2,
        "cover": "covers/v1n2_cover_jZA6r8g.png",
        "active": true,
        "date": "2012-04-01",
        "issue_url": "http://www.spe.org/ogf/print/archives/2012/04/"
    },
    "model": "spe_blog.issue",
    "pk": 21
}, {
    "fields": {
        "print_volume": 1,
        "publication": "OGF",
        "print_issue": 3,
        "cover": "covers/v1n3_cover_bLBEtRA.png",
        "active": true,
        "date": "2012-06-01",
        "issue_url": "http://www.spe.org/ogf/print/archives/2012/06/"
    },
    "model": "spe_blog.issue",
    "pk": 22
}, {
    "fields": {
        "print_volume": 1,
        "publication": "OGF",
        "print_issue": 4,
        "cover": "covers/v1n4_cover_ZYtIeSI.png",
        "active": true,
        "date": "2012-08-01",
        "issue_url": "http://www.spe.org/ogf/print/archives/2012/08/"
    },
    "model": "spe_blog.issue",
    "pk": 23
}, {
    "fields": {
        "print_volume": 1,
        "publication": "OGF",
        "print_issue": 5,
        "cover": "covers/v1n5_cover_abhBIZu.png",
        "active": true,
        "date": "2012-10-01",
        "issue_url": "http://www.spe.org/ogf/print/archives/2012/10/"
    },
    "model": "spe_blog.issue",
    "pk": 24
}, {
    "fields": {
        "print_volume": 1,
        "publication": "OGF",
        "print_issue": 6,
        "cover": "covers/v1n6_cover_Iuabafc.png",
        "active": true,
        "date": "2012-12-01",
        "issue_url": "http://www.spe.org/ogf/print/archives/2012/12/"
    },
    "model": "spe_blog.issue",
    "pk": 25
}, {
    "fields": {
        "print_volume": null,
        "disciplines": ["cmp"],
        "picture": "regular_images/lorempixel-1_iC9iVqJ.jpg",
        "topics": ["c01", "c05"],
        "picture_caption": "This is lorem pixel image #1's caption",
        "article_hits": 45,
        "category": null,
        "publication": "OGF",
        "title": "This is Article ONE - Start 2017-01-31",
        "introduction": "<p>Zombie ipsum reversus ab viral inferno, nam rick grimes malum cerebro. De carne lumbering animata corpora quaeritis. Summus brains sit\u200b\u200b, morbo vel maleficia? De apocalypsi gorger omero undead survivor dictum mauris. Hi mindless mortuis soulless creaturas, imo evil stalking monstra adventus resi dentevil vultus comedat cerebella viventium. Qui animated corpse, cricket bat max brucks terribilem incessu zomby. The voodoo sacerdos flesh eater, suscitat mortuos comedere carnem virus. Zonbi tattered for solum oculi eorum defunctis go lum cerebro. Nescio brains an Undead zombies. Sicut malus putrid voodoo horror. Nigh tofth eliv ingdead.</p>\r\n",
        "print_issue": null,
        "free_start": "2017-01-31",
        "article_last_viewed": "2016-03-23T16:17:29.394Z",
        "free": false,
        "teaser": "Zombie ipsum reversus ab viral inferno, nam rick grimes malum cerebro. ",
        "sponsored": false,
        "date": "2016-03-14",
        "slug": "article-one",
        "picture_alternate": "lorem pixel ONE alt text",
        "author": "JD Toony",
        "picture_attribution": "This is lorem pixel image #1's image attribution",
        "free_stop": null,
        "article_text": "<p>Zombie ipsum reversus ab viral inferno, nam rick grimes malum cerebro. De carne lumbering animata corpora quaeritis. Summus brains sit\u200b\u200b, morbo vel maleficia? De apocalypsi gorger omero undead survivor dictum mauris. Hi mindless mortuis soulless creaturas, imo evil stalking monstra adventus resi dentevil vultus comedat cerebella viventium. Qui animated corpse, cricket bat max brucks terribilem incessu zomby. The voodoo sacerdos flesh eater, suscitat mortuos comedere carnem virus. Zonbi tattered for solum oculi eorum defunctis go lum cerebro. Nescio brains an Undead zombies. Sicut malus putrid voodoo horror. Nigh tofth eliv ingdead.</p>\r\n\r\n<p>Cum horribilem walking dead resurgere de crazed sepulcris creaturis, zombie sicut de grave feeding iride et serpens. Pestilentia, shaun ofthe dead scythe animated corpses ipsa screams. Pestilentia est plague haec decaying ambulabat mortuos. Sicut zeder apathetic malus voodoo. Aenean a dolor plan et terror soulless vulnerum contagium accedunt, mortui iam vivam unlife. Qui tardius moveri, brid eof reanimator sed in magna copia sint terribiles undeath legionis. Alii missing oculis aliorum sicut serpere crabs nostram. Putridi braindead odores kill and infect, aere implent left four dead.</p>\r\n\r\n<p>Lucio fulci tremor est dark vivos magna. Expansis creepy arm yof darkness ulnis witchcraft missing carnem armis Kirkman Moore and Adlard caeruleum in locis. Romero morbo Congress amarus in auras. Nihil horum sagittis tincidunt, zombie slack-jawed gelida survival portenta. The unleashed virus est, et iam zombie mortui ambulabunt super terram. Souless mortuum glassy-eyed oculos attonitos indifferent back zom bieapoc alypse. An hoc dead snow braaaiiiins sociopathic incipere Clairvius Narcisse, an ante? Is bello mundi z?</p>\r\n\r\n<p>In Craven omni memoria patriae zombieland clairvius narcisse religionis sunt diri undead historiarum. Golums, zombies unrelenting et Raimi fascinati beheading. Maleficia! Vel cemetery man a modern bursting eyeballs perhsaps morbi. A terrenti flesh contagium. Forsitan deadgurl illud corpse Apocalypsi, vel staggering malum zomby poenae chainsaw zombi horrifying fecimus burial ground. Indeflexus shotgun coup de poudre monstra per plateas currere. Fit de decay nostra carne undead. Poenitentiam violent zom biehig hway agite RE:dead p&oelig;nitentiam! Vivens mortua sunt apud nos night of the living dead.</p>\r\n\r\n<p>Whyt zomby Ut fames after death cerebro virus enim carnis grusome, viscera et organa viventium. Sicut spargit virus ad impetum, qui supersumus flesh eating. Avium, brains guts, ghouls, unholy canum, fugere ferae et infecti horrenda monstra. Videmus twenty-eight deformis pale, horrenda daemonum. Panduntur brains portae rotting inferi. Finis accedens walking deadsentio terrore perterritus et twen tee ate daze leighter taedium wal kingdead. The horror, monstra epidemic significant finem. Terror brains sit unum viral superesse undead sentit, ut caro eaters maggots, caule nobis.</p>\r\n"
    },
    "model": "spe_blog.article",
    "pk": 1
}, {
    "fields": {
        "print_volume": null,
        "disciplines": ["drl"],
        "picture": "regular_images/lorempixel-2_lWimL5Q.jpg",
        "topics": ["d03", "d05"],
        "picture_caption": "This is lorem pixel image #2's caption",
        "article_hits": 18,
        "category": null,
        "publication": "OGF",
        "title": "This is Article TWO - Always Free",
        "introduction": "<p>Zombie ipsum reversus ab viral inferno, nam rick grimes malum cerebro. De carne lumbering animata corpora quaeritis. Summus brains sit\u200b\u200b, morbo vel maleficia? De apocalypsi gorger omero undead survivor dictum mauris. Hi mindless mortuis soulless creaturas, imo evil stalking monstra adventus resi dentevil vultus comedat cerebella viventium. Qui animated corpse, cricket bat max brucks terribilem incessu zomby. The voodoo sacerdos flesh eater, suscitat mortuos comedere carnem virus. Zonbi tattered for solum oculi eorum defunctis go lum cerebro. Nescio brains an Undead zombies. Sicut malus putrid voodoo horror. Nigh tofth eliv ingdead.</p>\r\n",
        "print_issue": null,
        "free_start": "2016-03-14",
        "article_last_viewed": "2016-03-21T19:50:51.288Z",
        "free": true,
        "teaser": "Zombie ipsum reversus ab viral inferno, nam rick grimes malum cerebro. ",
        "sponsored": true,
        "date": "2016-03-14",
        "slug": "article-two",
        "picture_alternate": "lorem pixel TWO alt text",
        "author": "JD Toony",
        "picture_attribution": "This is lorem pixel image #2's image attribution",
        "free_stop": null,
        "article_text": "<p>Zombie ipsum reversus ab viral inferno, nam rick grimes malum cerebro. De carne lumbering animata corpora quaeritis. Summus brains sit\u200b\u200b, morbo vel maleficia? De apocalypsi gorger omero undead survivor dictum mauris. Hi mindless mortuis soulless creaturas, imo evil stalking monstra adventus resi dentevil vultus comedat cerebella viventium. Qui animated corpse, cricket bat max brucks terribilem incessu zomby. The voodoo sacerdos flesh eater, suscitat mortuos comedere carnem virus. Zonbi tattered for solum oculi eorum defunctis go lum cerebro. Nescio brains an Undead zombies. Sicut malus putrid voodoo horror. Nigh tofth eliv ingdead.</p>\r\n\r\n<p>Cum horribilem walking dead resurgere de crazed sepulcris creaturis, zombie sicut de grave feeding iride et serpens. Pestilentia, shaun ofthe dead scythe animated corpses ipsa screams. Pestilentia est plague haec decaying ambulabat mortuos. Sicut zeder apathetic malus voodoo. Aenean a dolor plan et terror soulless vulnerum contagium accedunt, mortui iam vivam unlife. Qui tardius moveri, brid eof reanimator sed in magna copia sint terribiles undeath legionis. Alii missing oculis aliorum sicut serpere crabs nostram. Putridi braindead odores kill and infect, aere implent left four dead.</p>\r\n\r\n<p>Lucio fulci tremor est dark vivos magna. Expansis creepy arm yof darkness ulnis witchcraft missing carnem armis Kirkman Moore and Adlard caeruleum in locis. Romero morbo Congress amarus in auras. Nihil horum sagittis tincidunt, zombie slack-jawed gelida survival portenta. The unleashed virus est, et iam zombie mortui ambulabunt super terram. Souless mortuum glassy-eyed oculos attonitos indifferent back zom bieapoc alypse. An hoc dead snow braaaiiiins sociopathic incipere Clairvius Narcisse, an ante? Is bello mundi z?</p>\r\n\r\n<p>In Craven omni memoria patriae zombieland clairvius narcisse religionis sunt diri undead historiarum. Golums, zombies unrelenting et Raimi fascinati beheading. Maleficia! Vel cemetery man a modern bursting eyeballs perhsaps morbi. A terrenti flesh contagium. Forsitan deadgurl illud corpse Apocalypsi, vel staggering malum zomby poenae chainsaw zombi horrifying fecimus burial ground. Indeflexus shotgun coup de poudre monstra per plateas currere. Fit de decay nostra carne undead. Poenitentiam violent zom biehig hway agite RE:dead p&oelig;nitentiam! Vivens mortua sunt apud nos night of the living dead.</p>\r\n\r\n<p>Whyt zomby Ut fames after death cerebro virus enim carnis grusome, viscera et organa viventium. Sicut spargit virus ad impetum, qui supersumus flesh eating. Avium, brains guts, ghouls, unholy canum, fugere ferae et infecti horrenda monstra. Videmus twenty-eight deformis pale, horrenda daemonum. Panduntur brains portae rotting inferi. Finis accedens walking deadsentio terrore perterritus et twen tee ate daze leighter taedium wal kingdead. The horror, monstra epidemic significant finem. Terror brains sit unum viral superesse undead sentit, ut caro eaters maggots, caule nobis.</p>\r\n"
    },
    "model": "spe_blog.article",
    "pk": 2
}, {
    "fields": {
        "print_volume": null,
        "disciplines": ["prd"],
        "picture": "regular_images/lorempixel-3_zhFqaId.jpg",
        "topics": ["p01", "p04", "p06"],
        "picture_caption": "This is lorem pixel image #3's caption",
        "article_hits": 1,
        "category": null,
        "publication": "OGF",
        "title": "This is Article THREE - Start 2016-01-01",
        "introduction": "<p>Zombie ipsum reversus ab viral inferno, nam rick grimes malum cerebro. De carne lumbering animata corpora quaeritis. Summus brains sit\u200b\u200b, morbo vel maleficia? De apocalypsi gorger omero undead survivor dictum mauris. Hi mindless mortuis soulless creaturas, imo evil stalking monstra adventus resi dentevil vultus comedat cerebella viventium. Qui animated corpse, cricket bat max brucks terribilem incessu zomby. The voodoo sacerdos flesh eater, suscitat mortuos comedere carnem virus. Zonbi tattered for solum oculi eorum defunctis go lum cerebro. Nescio brains an Undead zombies. Sicut malus putrid voodoo horror. Nigh tofth eliv ingdead.</p>\r\n",
        "print_issue": null,
        "free_start": "2016-01-01",
        "article_last_viewed": "2016-03-16T18:36:45.682Z",
        "free": false,
        "teaser": "Zombie ipsum reversus ab viral inferno, nam rick grimes malum cerebro. ",
        "sponsored": false,
        "date": "2016-03-14",
        "slug": "article-three",
        "picture_alternate": "lorem pixel THREE alt text",
        "author": "JD Toony",
        "picture_attribution": "This is lorem pixel image #3's image attribution",
        "free_stop": null,
        "article_text": "<p>Zombie ipsum reversus ab viral inferno, nam rick grimes malum cerebro. De carne lumbering animata corpora quaeritis. Summus brains sit\u200b\u200b, morbo vel maleficia? De apocalypsi gorger omero undead survivor dictum mauris. Hi mindless mortuis soulless creaturas, imo evil stalking monstra adventus resi dentevil vultus comedat cerebella viventium. Qui animated corpse, cricket bat max brucks terribilem incessu zomby. The voodoo sacerdos flesh eater, suscitat mortuos comedere carnem virus. Zonbi tattered for solum oculi eorum defunctis go lum cerebro. Nescio brains an Undead zombies. Sicut malus putrid voodoo horror. Nigh tofth eliv ingdead.</p>\r\n\r\n<p>Cum horribilem walking dead resurgere de crazed sepulcris creaturis, zombie sicut de grave feeding iride et serpens. Pestilentia, shaun ofthe dead scythe animated corpses ipsa screams. Pestilentia est plague haec decaying ambulabat mortuos. Sicut zeder apathetic malus voodoo. Aenean a dolor plan et terror soulless vulnerum contagium accedunt, mortui iam vivam unlife. Qui tardius moveri, brid eof reanimator sed in magna copia sint terribiles undeath legionis. Alii missing oculis aliorum sicut serpere crabs nostram. Putridi braindead odores kill and infect, aere implent left four dead.</p>\r\n\r\n<p>Lucio fulci tremor est dark vivos magna. Expansis creepy arm yof darkness ulnis witchcraft missing carnem armis Kirkman Moore and Adlard caeruleum in locis. Romero morbo Congress amarus in auras. Nihil horum sagittis tincidunt, zombie slack-jawed gelida survival portenta. The unleashed virus est, et iam zombie mortui ambulabunt super terram. Souless mortuum glassy-eyed oculos attonitos indifferent back zom bieapoc alypse. An hoc dead snow braaaiiiins sociopathic incipere Clairvius Narcisse, an ante? Is bello mundi z?</p>\r\n\r\n<p>In Craven omni memoria patriae zombieland clairvius narcisse religionis sunt diri undead historiarum. Golums, zombies unrelenting et Raimi fascinati beheading. Maleficia! Vel cemetery man a modern bursting eyeballs perhsaps morbi. A terrenti flesh contagium. Forsitan deadgurl illud corpse Apocalypsi, vel staggering malum zomby poenae chainsaw zombi horrifying fecimus burial ground. Indeflexus shotgun coup de poudre monstra per plateas currere. Fit de decay nostra carne undead. Poenitentiam violent zom biehig hway agite RE:dead p&oelig;nitentiam! Vivens mortua sunt apud nos night of the living dead.</p>\r\n\r\n<p>Whyt zomby Ut fames after death cerebro virus enim carnis grusome, viscera et organa viventium. Sicut spargit virus ad impetum, qui supersumus flesh eating. Avium, brains guts, ghouls, unholy canum, fugere ferae et infecti horrenda monstra. Videmus twenty-eight deformis pale, horrenda daemonum. Panduntur brains portae rotting inferi. Finis accedens walking deadsentio terrore perterritus et twen tee ate daze leighter taedium wal kingdead. The horror, monstra epidemic significant finem. Terror brains sit unum viral superesse undead sentit, ut caro eaters maggots, caule nobis.</p>\r\n"
    },
    "model": "spe_blog.article",
    "pk": 3
}, {
    "fields": {
        "print_volume": null,
        "disciplines": ["man"],
        "picture": "regular_images/lorempixel-4_fXZTcrq.jpg",
        "topics": ["m07", "m08", "m06"],
        "picture_caption": "This is lorem pixel image #4's caption",
        "article_hits": 2,
        "category": null,
        "publication": "OGF",
        "title": "This is Article FOUR - Start 2016-01-31 - End 2016-12-31",
        "introduction": "<p>Zombie ipsum reversus ab viral inferno, nam rick grimes malum cerebro. De carne lumbering animata corpora quaeritis. Summus brains sit\u200b\u200b, morbo vel maleficia? De apocalypsi gorger omero undead survivor dictum mauris. Hi mindless mortuis soulless creaturas, imo evil stalking monstra adventus resi dentevil vultus comedat cerebella viventium. Qui animated corpse, cricket bat max brucks terribilem incessu zomby. The voodoo sacerdos flesh eater, suscitat mortuos comedere carnem virus. Zonbi tattered for solum oculi eorum defunctis go lum cerebro. Nescio brains an Undead zombies. Sicut malus putrid voodoo horror. Nigh tofth eliv ingdead.</p>\r\n",
        "print_issue": null,
        "free_start": "2016-01-31",
        "article_last_viewed": "2016-03-15T18:58:15.967Z",
        "free": false,
        "teaser": "Zombie ipsum reversus ab viral inferno, nam rick grimes malum cerebro. ",
        "sponsored": false,
        "date": "2016-03-14",
        "slug": "article-four",
        "picture_alternate": "lorem pixel FOUR alt text",
        "author": "JD Toony",
        "picture_attribution": "This is lorem pixel image #4's image attribution",
        "free_stop": "2016-12-31",
        "article_text": "<p>Zombie ipsum reversus ab viral inferno, nam rick grimes malum cerebro. De carne lumbering animata corpora quaeritis. Summus brains sit\u200b\u200b, morbo vel maleficia? De apocalypsi gorger omero undead survivor dictum mauris. Hi mindless mortuis soulless creaturas, imo evil stalking monstra adventus resi dentevil vultus comedat cerebella viventium. Qui animated corpse, cricket bat max brucks terribilem incessu zomby. The voodoo sacerdos flesh eater, suscitat mortuos comedere carnem virus. Zonbi tattered for solum oculi eorum defunctis go lum cerebro. Nescio brains an Undead zombies. Sicut malus putrid voodoo horror. Nigh tofth eliv ingdead.</p>\r\n\r\n<p>Cum horribilem walking dead resurgere de crazed sepulcris creaturis, zombie sicut de grave feeding iride et serpens. Pestilentia, shaun ofthe dead scythe animated corpses ipsa screams. Pestilentia est plague haec decaying ambulabat mortuos. Sicut zeder apathetic malus voodoo. Aenean a dolor plan et terror soulless vulnerum contagium accedunt, mortui iam vivam unlife. Qui tardius moveri, brid eof reanimator sed in magna copia sint terribiles undeath legionis. Alii missing oculis aliorum sicut serpere crabs nostram. Putridi braindead odores kill and infect, aere implent left four dead.</p>\r\n\r\n<p>Lucio fulci tremor est dark vivos magna. Expansis creepy arm yof darkness ulnis witchcraft missing carnem armis Kirkman Moore and Adlard caeruleum in locis. Romero morbo Congress amarus in auras. Nihil horum sagittis tincidunt, zombie slack-jawed gelida survival portenta. The unleashed virus est, et iam zombie mortui ambulabunt super terram. Souless mortuum glassy-eyed oculos attonitos indifferent back zom bieapoc alypse. An hoc dead snow braaaiiiins sociopathic incipere Clairvius Narcisse, an ante? Is bello mundi z?</p>\r\n\r\n<p>In Craven omni memoria patriae zombieland clairvius narcisse religionis sunt diri undead historiarum. Golums, zombies unrelenting et Raimi fascinati beheading. Maleficia! Vel cemetery man a modern bursting eyeballs perhsaps morbi. A terrenti flesh contagium. Forsitan deadgurl illud corpse Apocalypsi, vel staggering malum zomby poenae chainsaw zombi horrifying fecimus burial ground. Indeflexus shotgun coup de poudre monstra per plateas currere. Fit de decay nostra carne undead. Poenitentiam violent zom biehig hway agite RE:dead p&oelig;nitentiam! Vivens mortua sunt apud nos night of the living dead.</p>\r\n\r\n<p>Whyt zomby Ut fames after death cerebro virus enim carnis grusome, viscera et organa viventium. Sicut spargit virus ad impetum, qui supersumus flesh eating. Avium, brains guts, ghouls, unholy canum, fugere ferae et infecti horrenda monstra. Videmus twenty-eight deformis pale, horrenda daemonum. Panduntur brains portae rotting inferi. Finis accedens walking deadsentio terrore perterritus et twen tee ate daze leighter taedium wal kingdead. The horror, monstra epidemic significant finem. Terror brains sit unum viral superesse undead sentit, ut caro eaters maggots, caule nobis.</p>\r\n"
    },
    "model": "spe_blog.article",
    "pk": 4
}, {
    "fields": {
        "print_volume": null,
        "disciplines": ["hse"],
        "picture": "regular_images/lorempixel-5_zWiIB5Y.jpg",
        "topics": ["h03", "h04", "h05"],
        "picture_caption": "This is lorem pixel image #5's caption",
        "article_hits": 2,
        "category": null,
        "publication": "OGF",
        "title": "This is Article FIVE - All Blank",
        "introduction": "<p>Zombie ipsum reversus ab viral inferno, nam rick grimes malum cerebro. De carne lumbering animata corpora quaeritis. Summus brains sit\u200b\u200b, morbo vel maleficia? De apocalypsi gorger omero undead survivor dictum mauris. Hi mindless mortuis soulless creaturas, imo evil stalking monstra adventus resi dentevil vultus comedat cerebella viventium. Qui animated corpse, cricket bat max brucks terribilem incessu zomby. The voodoo sacerdos flesh eater, suscitat mortuos comedere carnem virus. Zonbi tattered for solum oculi eorum defunctis go lum cerebro. Nescio brains an Undead zombies. Sicut malus putrid voodoo horror. Nigh tofth eliv ingdead.</p>\r\n",
        "print_issue": null,
        "free_start": null,
        "article_last_viewed": "2016-03-15T20:24:45.148Z",
        "free": false,
        "teaser": "Zombie ipsum reversus ab viral inferno, nam rick grimes malum cerebro. ",
        "sponsored": false,
        "date": "2016-03-14",
        "slug": "article-five",
        "picture_alternate": "lorem pixel FIVE alt text",
        "author": "JD Toony",
        "picture_attribution": "This is lorem pixel image #5's image attribution",
        "free_stop": null,
        "article_text": "<p>Zombie ipsum reversus ab viral inferno, nam rick grimes malum cerebro. De carne lumbering animata corpora quaeritis. Summus brains sit\u200b\u200b, morbo vel maleficia? De apocalypsi gorger omero undead survivor dictum mauris. Hi mindless mortuis soulless creaturas, imo evil stalking monstra adventus resi dentevil vultus comedat cerebella viventium. Qui animated corpse, cricket bat max brucks terribilem incessu zomby. The voodoo sacerdos flesh eater, suscitat mortuos comedere carnem virus. Zonbi tattered for solum oculi eorum defunctis go lum cerebro. Nescio brains an Undead zombies. Sicut malus putrid voodoo horror. Nigh tofth eliv ingdead.</p>\r\n\r\n<p>Cum horribilem walking dead resurgere de crazed sepulcris creaturis, zombie sicut de grave feeding iride et serpens. Pestilentia, shaun ofthe dead scythe animated corpses ipsa screams. Pestilentia est plague haec decaying ambulabat mortuos. Sicut zeder apathetic malus voodoo. Aenean a dolor plan et terror soulless vulnerum contagium accedunt, mortui iam vivam unlife. Qui tardius moveri, brid eof reanimator sed in magna copia sint terribiles undeath legionis. Alii missing oculis aliorum sicut serpere crabs nostram. Putridi braindead odores kill and infect, aere implent left four dead.</p>\r\n\r\n<p>Lucio fulci tremor est dark vivos magna. Expansis creepy arm yof darkness ulnis witchcraft missing carnem armis Kirkman Moore and Adlard caeruleum in locis. Romero morbo Congress amarus in auras. Nihil horum sagittis tincidunt, zombie slack-jawed gelida survival portenta. The unleashed virus est, et iam zombie mortui ambulabunt super terram. Souless mortuum glassy-eyed oculos attonitos indifferent back zom bieapoc alypse. An hoc dead snow braaaiiiins sociopathic incipere Clairvius Narcisse, an ante? Is bello mundi z?</p>\r\n\r\n<p>In Craven omni memoria patriae zombieland clairvius narcisse religionis sunt diri undead historiarum. Golums, zombies unrelenting et Raimi fascinati beheading. Maleficia! Vel cemetery man a modern bursting eyeballs perhsaps morbi. A terrenti flesh contagium. Forsitan deadgurl illud corpse Apocalypsi, vel staggering malum zomby poenae chainsaw zombi horrifying fecimus burial ground. Indeflexus shotgun coup de poudre monstra per plateas currere. Fit de decay nostra carne undead. Poenitentiam violent zom biehig hway agite RE:dead p&oelig;nitentiam! Vivens mortua sunt apud nos night of the living dead.</p>\r\n\r\n<p>Whyt zomby Ut fames after death cerebro virus enim carnis grusome, viscera et organa viventium. Sicut spargit virus ad impetum, qui supersumus flesh eating. Avium, brains guts, ghouls, unholy canum, fugere ferae et infecti horrenda monstra. Videmus twenty-eight deformis pale, horrenda daemonum. Panduntur brains portae rotting inferi. Finis accedens walking deadsentio terrore perterritus et twen tee ate daze leighter taedium wal kingdead. The horror, monstra epidemic significant finem. Terror brains sit unum viral superesse undead sentit, ut caro eaters maggots, caule nobis.</p>\r\n"
    },
    "model": "spe_blog.article",
    "pk": 5
}, {
    "fields": {
        "print_volume": null,
        "disciplines": ["hse"],
        "picture": "",
        "topics": ["h01", "h02"],
        "picture_caption": "",
        "article_hits": 11,
        "category": null,
        "publication": "OGF",
        "title": "This is Article SIX",
        "introduction": "Whyt zomby Ut fames after death cerebro virus enim carnis grusome, viscera et organa viventium. Sicut spargit virus ad impetum, qui supersumus flesh eating. Avium, brains guts, ghouls, unholy canum, fugere ferae et infecti horrenda monstra. Videmus twenty-eight deformis pale, horrenda daemonum. Panduntur brains portae rotting inferi. Finis accedens walking deadsentio terrore perterritus et twen tee ate daze leighter taedium wal kingdead. The horror, monstra epidemic significant finem. Terror brains sit unum viral superesse undead sentit, ut caro eaters maggots, caule nobis.",
        "print_issue": null,
        "free_start": "2016-03-15",
        "article_last_viewed": "2016-03-16T20:18:50.971Z",
        "free": false,
        "teaser": "Furthermore, the Fosters ceases to exist, and an Ipswich Ale living with a Rolling Rock befriends",
        "sponsored": false,
        "date": "2016-03-15",
        "slug": "article-six",
        "picture_alternate": "",
        "author": "JD Toony",
        "picture_attribution": "",
        "free_stop": "2016-03-15",
        "article_text": "<p>Zombie ipsum reversus ab viral inferno, nam rick grimes malum cerebro. De carne lumbering animata corpora quaeritis. Summus brains sit\u200b\u200b, morbo vel maleficia? De apocalypsi gorger omero undead survivor dictum mauris. Hi mindless mortuis soulless creaturas, imo evil stalking monstra adventus resi dentevil vultus comedat cerebella viventium. Qui animated corpse, cricket bat max brucks terribilem incessu zomby. The voodoo sacerdos flesh eater, suscitat mortuos comedere carnem virus. Zonbi tattered for solum oculi eorum defunctis go lum cerebro. Nescio brains an Undead zombies. Sicut malus putrid voodoo horror. Nigh tofth eliv ingdead.</p>\r\n\r\n<p>Cum horribilem walking dead resurgere de crazed sepulcris creaturis, zombie sicut de grave feeding iride et serpens. Pestilentia, shaun ofthe dead scythe animated corpses ipsa screams. Pestilentia est plague haec decaying ambulabat mortuos. Sicut zeder apathetic malus voodoo. Aenean a dolor plan et terror soulless vulnerum contagium accedunt, mortui iam vivam unlife. Qui tardius moveri, brid eof reanimator sed in magna copia sint terribiles undeath legionis. Alii missing oculis aliorum sicut serpere crabs nostram. Putridi braindead odores kill and infect, aere implent left four dead.</p>\r\n\r\n<p>Lucio fulci tremor est dark vivos magna. Expansis creepy arm yof darkness ulnis witchcraft missing carnem armis Kirkman Moore and Adlard caeruleum in locis. Romero morbo Congress amarus in auras. Nihil horum sagittis tincidunt, zombie slack-jawed gelida survival portenta. The unleashed virus est, et iam zombie mortui ambulabunt super terram. Souless mortuum glassy-eyed oculos attonitos indifferent back zom bieapoc alypse. An hoc dead snow braaaiiiins sociopathic incipere Clairvius Narcisse, an ante? Is bello mundi z?</p>\r\n\r\n<p>In Craven omni memoria patriae zombieland clairvius narcisse religionis sunt diri undead historiarum. Golums, zombies unrelenting et Raimi fascinati beheading. Maleficia! Vel cemetery man a modern bursting eyeballs perhsaps morbi. A terrenti flesh contagium. Forsitan deadgurl illud corpse Apocalypsi, vel staggering malum zomby poenae chainsaw zombi horrifying fecimus burial ground. Indeflexus shotgun coup de poudre monstra per plateas currere. Fit de decay nostra carne undead. Poenitentiam violent zom biehig hway agite RE:dead p&oelig;nitentiam! Vivens mortua sunt apud nos night of the living dead.</p>\r\n\r\n<p>Whyt zomby Ut fames after death cerebro virus enim carnis grusome, viscera et organa viventium. Sicut spargit virus ad impetum, qui supersumus flesh eating. Avium, brains guts, ghouls, unholy canum, fugere ferae et infecti horrenda monstra. Videmus twenty-eight deformis pale, horrenda daemonum. Panduntur brains portae rotting inferi. Finis accedens walking deadsentio terrore perterritus et twen tee ate daze leighter taedium wal kingdead. The horror, monstra epidemic significant finem. Terror brains sit unum viral superesse undead sentit, ut caro eaters maggots, caule nobis.</p>\r\n"
    },
    "model": "spe_blog.article",
    "pk": 6
}, {
    "fields": {
        "exerpt": "<p>Zombie ipsum reversus ab viral inferno, nam rick grimes malum cerebro. De carne lumbering animata corpora quaeritis.&amp;nbsp;Avium, brains guts, ghouls,&amp;nbsp;canum, fugere ferae et infecti horrenda monstra.</p>\r\n",
        "picture_alternate": "",
        "picture_caption": "",
        "author_bio": "<p><strong>Howard Duhon</strong> is the systems engineering manager at GATE and the SPE technical director of Projects, Facilities, and Construction. He is a member of the Editorial Board of Oil and Gas Facilities. <a href=\"mailto:jtoony@spe.org\">hduhon@gateinc.com</a></p>\r\n",
        "picture": "authors/author-howard-duhon.png",
        "picture_attribution": "",
        "title_main": "FROM THE PFC TECHNICAL DIRECTOR",
        "title_sub": "This is the Title of the Article Itself"
    },
    "model": "spe_blog.editorial",
    "pk": 1
}, {
    "fields": {
        "all_url": null,
        "all_text": null,
        "order_by": "-date",
        "template": "spe_blog/plugins/person_of_interest.html",
        "articles": [5, 1, 3, 2]
    },
    "model": "spe_blog.articlesplugin",
    "pk": 105
}, {
    "fields": {
        "all_url": null,
        "all_text": null,
        "order_by": "-article_hits",
        "template": "spe_blog/plugins/image_left.html",
        "articles": [6, 3, 2]
    },
    "model": "spe_blog.articlesplugin",
    "pk": 107
}, {
    "fields": {
        "all_url": null,
        "all_text": null,
        "order_by": "-date",
        "template": "spe_blog/plugins/person_of_interest.html",
        "articles": [5, 4, 1, 3, 2]
    },
    "model": "spe_blog.articlesplugin",
    "pk": 169
}, {
    "fields": {
        "all_url": null,
        "all_text": null,
        "order_by": "-date",
        "template": "spe_blog/plugins/person_of_interest.html",
        "articles": [5, 4, 1, 3, 2]
    },
    "model": "spe_blog.articlesplugin",
    "pk": 184
}, {
    "fields": {
        "all_url": null,
        "all_text": null,
        "order_by": "-date",
        "template": "spe_blog/plugins/person_of_interest.html",
        "articles": [5, 1, 3, 2]
    },
    "model": "spe_blog.articlesplugin",
    "pk": 246
}, {
    "fields": {
        "all_url": null,
        "all_text": null,
        "order_by": "-article_hits",
        "template": "spe_blog/plugins/image_left.html",
        "articles": [6, 3, 2]
    },
    "model": "spe_blog.articlesplugin",
    "pk": 248
}, {
    "fields": {
        "all_url": null,
        "all_text": null,
        "order_by": "-article_hits",
        "template": "spe_blog/plugins/picture_with_text_below_full.html",
        "articles": [3]
    },
    "model": "spe_blog.articlesplugin",
    "pk": 269
}, {
    "fields": {
        "article": 1,
        "allow_url_to_override_selection": true
    },
    "model": "spe_blog.articledetailplugin",
    "pk": 263
}, {
    "fields": {
        "article": 1,
        "allow_url_to_override_selection": true
    },
    "model": "spe_blog.articledetailplugin",
    "pk": 264
}, {
    "fields": {
        "lnk": "http://www.spe.org",
        "template": "spe_blog/plugins/editorial.html",
        "editorial": [1]
    },
    "model": "spe_blog.editorialplugin",
    "pk": 75
}, {
    "fields": {
        "lnk": "http://www.spe.org",
        "template": "spe_blog/plugins/editorial.html",
        "editorial": [1]
    },
    "model": "spe_blog.editorialplugin",
    "pk": 257
}, {
    "fields": {
        "discipline": null,
        "category": null,
        "cnt": 1,
        "order_by": "-date",
        "publication": null,
        "starting_with": 1,
        "template": "spe_blog/plugins/overlay.html",
        "all_url": "",
        "all_text": "",
        "personalized": true
    },
    "model": "spe_blog.articleslistingplugin",
    "pk": 2
}, {
    "fields": {
        "discipline": null,
        "category": null,
        "cnt": 5,
        "order_by": "-article_hits",
        "publication": null,
        "starting_with": 2,
        "template": "spe_blog/plugins/image_left.html",
        "all_url": "",
        "all_text": "",
        "personalized": true
    },
    "model": "spe_blog.articleslistingplugin",
    "pk": 3
}, {
    "fields": {
        "discipline": null,
        "category": null,
        "cnt": 5,
        "order_by": "-date",
        "publication": null,
        "starting_with": 2,
        "template": "spe_blog/plugins/picture_with_text_below.html",
        "all_url": "",
        "all_text": "",
        "personalized": true
    },
    "model": "spe_blog.articleslistingplugin",
    "pk": 17
}, {
    "fields": {
        "discipline": null,
        "category": null,
        "cnt": 3,
        "order_by": "-date",
        "publication": null,
        "starting_with": 3,
        "template": "spe_blog/plugins/picture_with_text_below.html",
        "all_url": "",
        "all_text": "",
        "personalized": true
    },
    "model": "spe_blog.articleslistingplugin",
    "pk": 96
}, {
    "fields": {
        "discipline": null,
        "category": null,
        "cnt": 4,
        "order_by": "-date",
        "publication": null,
        "starting_with": 4,
        "template": "spe_blog/plugins/picture_with_text_below.html",
        "all_url": "",
        "all_text": "",
        "personalized": true
    },
    "model": "spe_blog.articleslistingplugin",
    "pk": 97
}, {
    "fields": {
        "discipline": null,
        "category": null,
        "cnt": 5,
        "order_by": "-date",
        "publication": null,
        "starting_with": 5,
        "template": "spe_blog/plugins/picture_with_text_below_full.html",
        "all_url": "",
        "all_text": "",
        "personalized": true
    },
    "model": "spe_blog.articleslistingplugin",
    "pk": 98
}, {
    "fields": {
        "discipline": null,
        "category": null,
        "cnt": 5,
        "order_by": "-date",
        "publication": null,
        "starting_with": 5,
        "template": "spe_blog/plugins/picture_with_text_below_full.html",
        "all_url": "",
        "all_text": "",
        "personalized": true
    },
    "model": "spe_blog.articleslistingplugin",
    "pk": 102
}, {
    "fields": {
        "discipline": null,
        "category": null,
        "cnt": 5,
        "order_by": "-article_hits",
        "publication": null,
        "starting_with": 1,
        "template": "spe_blog/plugins/carousel.html",
        "all_url": "",
        "all_text": "",
        "personalized": true
    },
    "model": "spe_blog.articleslistingplugin",
    "pk": 132
}, {
    "fields": {
        "discipline": null,
        "category": null,
        "cnt": 5,
        "order_by": "-date",
        "publication": null,
        "starting_with": 5,
        "template": "spe_blog/plugins/picture_with_text_below_full.html",
        "all_url": "",
        "all_text": "",
        "personalized": true
    },
    "model": "spe_blog.articleslistingplugin",
    "pk": 179
}, {
    "fields": {
        "discipline": null,
        "category": null,
        "cnt": 5,
        "order_by": "-date",
        "publication": null,
        "starting_with": 5,
        "template": "spe_blog/plugins/picture_with_text_below_full.html",
        "all_url": "",
        "all_text": "",
        "personalized": true
    },
    "model": "spe_blog.articleslistingplugin",
    "pk": 192
}, {
    "fields": {
        "discipline": null,
        "category": null,
        "cnt": 5,
        "order_by": "-date",
        "publication": null,
        "starting_with": 2,
        "template": "spe_blog/plugins/picture_with_text_below.html",
        "all_url": "",
        "all_text": "",
        "personalized": true
    },
    "model": "spe_blog.articleslistingplugin",
    "pk": 239
}, {
    "fields": {
        "discipline": null,
        "category": null,
        "cnt": 3,
        "order_by": "-date",
        "publication": null,
        "starting_with": 3,
        "template": "spe_blog/plugins/picture_with_text_below.html",
        "all_url": "",
        "all_text": "",
        "personalized": true
    },
    "model": "spe_blog.articleslistingplugin",
    "pk": 242
}, {
    "fields": {
        "discipline": null,
        "category": null,
        "cnt": 4,
        "order_by": "-date",
        "publication": null,
        "starting_with": 4,
        "template": "spe_blog/plugins/picture_with_text_below.html",
        "all_url": "",
        "all_text": "",
        "personalized": true
    },
    "model": "spe_blog.articleslistingplugin",
    "pk": 243
}, {
    "fields": {
        "discipline": null,
        "category": null,
        "cnt": 5,
        "order_by": "-date",
        "publication": null,
        "starting_with": 5,
        "template": "spe_blog/plugins/picture_with_text_below_full.html",
        "all_url": "",
        "all_text": "",
        "personalized": true
    },
    "model": "spe_blog.articleslistingplugin",
    "pk": 245
}, {
    "fields": {
        "discipline": null,
        "category": null,
        "cnt": 5,
        "order_by": "-date",
        "publication": null,
        "starting_with": 5,
        "template": "spe_blog/plugins/picture_with_text_below_full.html",
        "all_url": "",
        "all_text": "",
        "personalized": true
    },
    "model": "spe_blog.articleslistingplugin",
    "pk": 254
}, {
    "fields": {
        "discipline": null,
        "category": null,
        "cnt": 5,
        "order_by": "-article_hits",
        "publication": null,
        "starting_with": 1,
        "template": "spe_blog/plugins/carousel.html",
        "all_url": "",
        "all_text": "",
        "personalized": true
    },
    "model": "spe_blog.articleslistingplugin",
    "pk": 256
}, {
    "fields": {
        "discipline": null,
        "category": null,
        "cnt": 4,
        "order_by": "-article_hits",
        "publication": "OGF",
        "starting_with": 1,
        "template": "spe_blog/plugins/image_left.html",
        "all_url": "",
        "all_text": "",
        "personalized": true
    },
    "model": "spe_blog.articleslistingplugin",
    "pk": 272
}, {
    "fields": {
        "discipline": null,
        "category": null,
        "cnt": 1,
        "order_by": "-date",
        "publication": null,
        "starting_with": 1,
        "template": "spe_blog/plugins/overlay.html",
        "all_url": "",
        "all_text": "",
        "personalized": true
    },
    "model": "spe_blog.articleslistingplugin",
    "pk": 276
}, {
    "fields": {
        "discipline": null,
        "category": null,
        "cnt": 5,
        "order_by": "-article_hits",
        "publication": null,
        "starting_with": 2,
        "template": "spe_blog/plugins/image_left.html",
        "all_url": "",
        "all_text": "",
        "personalized": true
    },
    "model": "spe_blog.articleslistingplugin",
    "pk": 277
}, {
    "fields": {
        "cnt": 1,
        "publication": "OGF",
        "starting_with": 1,
        "all_url": "",
        "template": "spe_blog/plugins/issue_sidebar.html",
        "active": true,
        "all_text": ""
    },
    "model": "spe_blog.issuesbypublicationplugin",
    "pk": 42
}, {
    "fields": {
        "cnt": 1,
        "publication": "OGF",
        "starting_with": 1,
        "all_url": "",
        "template": "spe_blog/plugins/issue_sidebar.html",
        "active": true,
        "all_text": ""
    },
    "model": "spe_blog.issuesbypublicationplugin",
    "pk": 172
}, {
    "fields": {
        "cnt": 1,
        "publication": "OGF",
        "starting_with": 1,
        "all_url": "",
        "template": "spe_blog/plugins/issue_sidebar.html",
        "active": true,
        "all_text": ""
    },
    "model": "spe_blog.issuesbypublicationplugin",
    "pk": 185
}, {
    "fields": {
        "cnt": 1,
        "publication": "OGF",
        "starting_with": 1,
        "all_url": "",
        "template": "spe_blog/plugins/issue_sidebar.html",
        "active": true,
        "all_text": ""
    },
    "model": "spe_blog.issuesbypublicationplugin",
    "pk": 249
}, {
    "fields": {
        "cnt": 1,
        "publication": "OGF",
        "starting_with": 1,
        "all_url": "",
        "template": "spe_blog/plugins/issue_sidebar.html",
        "active": true,
        "all_text": ""
    },
    "model": "spe_blog.issuesbypublicationplugin",
    "pk": 266
}, {
    "fields": {
        "title": "Breadcrumbs"
    },
    "model": "spe_blog.breadcrumbplugin",
    "pk": 262
}, {
    "fields": {
        "publication": "OGF"
    },
    "model": "spe_blog.issuesbyyearplugin",
    "pk": 259
}, {
    "fields": {
        "publication": "OGF"
    },
    "model": "spe_blog.issuesbyyearplugin",
    "pk": 260
}]
