[{"fields": {"model": "placeholder", "app_label": "cms"}, "model": "contenttypes.contenttype", "pk": 1}, {"fields": {"model": "page", "app_label": "cms"}, "model": "contenttypes.contenttype", "pk": 2}, {"fields": {"model": "permission", "app_label": "auth"}, "model": "contenttypes.contenttype", "pk": 3}, {"fields": {"model": "group", "app_label": "auth"}, "model": "contenttypes.contenttype", "pk": 4}, {"fields": {"model": "user", "app_label": "auth"}, "model": "contenttypes.contenttype", "pk": 5}, {"fields": {"model": "contenttype", "app_label": "contenttypes"}, "model": "contenttypes.contenttype", "pk": 6}, {"fields": {"model": "session", "app_label": "sessions"}, "model": "contenttypes.contenttype", "pk": 7}, {"fields": {"model": "logentry", "app_label": "admin"}, "model": "contenttypes.contenttype", "pk": 8}, {"fields": {"model": "site", "app_label": "sites"}, "model": "contenttypes.contenttype", "pk": 9}, {"fields": {"model": "usersettings", "app_label": "cms"}, "model": "contenttypes.contenttype", "pk": 10}, {"fields": {"model": "globalpagepermission", "app_label": "cms"}, "model": "contenttypes.contenttype", "pk": 11}, {"fields": {"model": "pagepermission", "app_label": "cms"}, "model": "contenttypes.contenttype", "pk": 12}, {"fields": {"model": "pageuser", "app_label": "cms"}, "model": "contenttypes.contenttype", "pk": 13}, {"fields": {"model": "pageusergroup", "app_label": "cms"}, "model": "contenttypes.contenttype", "pk": 14}, {"fields": {"model": "cmsplugin", "app_label": "cms"}, "model": "contenttypes.contenttype", "pk": 15}, {"fields": {"model": "title", "app_label": "cms"}, "model": "contenttypes.contenttype", "pk": 16}, {"fields": {"model": "placeholderreference", "app_label": "cms"}, "model": "contenttypes.contenttype", "pk": 17}, {"fields": {"model": "staticplaceholder", "app_label": "cms"}, "model": "contenttypes.contenttype", "pk": 18}, {"fields": {"model": "aliaspluginmodel", "app_label": "cms"}, "model": "contenttypes.contenttype", "pk": 19}, {"fields": {"model": "urlconfrevision", "app_label": "cms"}, "model": "contenttypes.contenttype", "pk": 20}, {"fields": {"model": "cachekey", "app_label": "menus"}, "model": "contenttypes.contenttype", "pk": 21}, {"fields": {"model": "text", "app_label": "djangocms_text_ckeditor"}, "model": "contenttypes.contenttype", "pk": 22}, {"fields": {"model": "style", "app_label": "djangocms_style"}, "model": "contenttypes.contenttype", "pk": 23}, {"fields": {"model": "multicolumns", "app_label": "djangocms_column"}, "model": "contenttypes.contenttype", "pk": 24}, {"fields": {"model": "column", "app_label": "djangocms_column"}, "model": "contenttypes.contenttype", "pk": 25}, {"fields": {"model": "file", "app_label": "djangocms_file"}, "model": "contenttypes.contenttype", "pk": 26}, {"fields": {"model": "googlemap", "app_label": "djangocms_googlemap"}, "model": "contenttypes.contenttype", "pk": 27}, {"fields": {"model": "inheritpageplaceholder", "app_label": "djangocms_inherit"}, "model": "contenttypes.contenttype", "pk": 28}, {"fields": {"model": "link", "app_label": "djangocms_link"}, "model": "contenttypes.contenttype", "pk": 29}, {"fields": {"model": "picture", "app_label": "djangocms_picture"}, "model": "contenttypes.contenttype", "pk": 30}, {"fields": {"model": "teaser", "app_label": "djangocms_teaser"}, "model": "contenttypes.contenttype", "pk": 31}, {"fields": {"model": "video", "app_label": "djangocms_video"}, "model": "contenttypes.contenttype", "pk": 32}, {"fields": {"model": "related", "app_label": "easy_select2"}, "model": "contenttypes.contenttype", "pk": 33}, {"fields": {"model": "testfieldsmodel", "app_label": "easy_select2"}, "model": "contenttypes.contenttype", "pk": 34}, {"fields": {"model": "emptymodel", "app_label": "easy_select2"}, "model": "contenttypes.contenttype", "pk": 35}, {"fields": {"model": "revision", "app_label": "reversion"}, "model": "contenttypes.contenttype", "pk": 36}, {"fields": {"model": "version", "app_label": "reversion"}, "model": "contenttypes.contenttype", "pk": 37}, {"fields": {"model": "tier1discipline", "app_label": "mainsite"}, "model": "contenttypes.contenttype", "pk": 38}, {"fields": {"model": "topics", "app_label": "mainsite"}, "model": "contenttypes.contenttype", "pk": 39}, {"fields": {"model": "customersubscription", "app_label": "mainsite"}, "model": "contenttypes.contenttype", "pk": 40}, {"fields": {"model": "customerclassification", "app_label": "mainsite"}, "model": "contenttypes.contenttype", "pk": 41}, {"fields": {"model": "customer", "app_label": "mainsite"}, "model": "contenttypes.contenttype", "pk": 42}, {"fields": {"model": "customerclassificationjoin", "app_label": "mainsite"}, "model": "contenttypes.contenttype", "pk": 43}, {"fields": {"model": "customersubscriptionjoin", "app_label": "mainsite"}, "model": "contenttypes.contenttype", "pk": 44}, {"fields": {"model": "adspeedzoneplugin", "app_label": "mainsite"}, "model": "contenttypes.contenttype", "pk": 45}, {"fields": {"model": "titlebarplugin", "app_label": "mainsite"}, "model": "contenttypes.contenttype", "pk": 46}, {"fields": {"model": "textplugin", "app_label": "mainsite"}, "model": "contenttypes.contenttype", "pk": 47}, {"fields": {"model": "textwithclass", "app_label": "mainsite"}, "model": "contenttypes.contenttype", "pk": 48}, {"fields": {"model": "segmentlimitpluginmodel", "app_label": "segmentation"}, "model": "contenttypes.contenttype", "pk": 49}, {"fields": {"model": "fallbacksegmentpluginmodel", "app_label": "segmentation"}, "model": "contenttypes.contenttype", "pk": 50}, {"fields": {"model": "switchsegmentpluginmodel", "app_label": "segmentation"}, "model": "contenttypes.contenttype", "pk": 51}, {"fields": {"model": "cookiesegmentpluginmodel", "app_label": "segmentation"}, "model": "contenttypes.contenttype", "pk": 52}, {"fields": {"model": "variablesegmentpluginmodel", "app_label": "segmentation"}, "model": "contenttypes.contenttype", "pk": 53}, {"fields": {"model": "visitorsegmentpluginmodel", "app_label": "segmentation"}, "model": "contenttypes.contenttype", "pk": 54}, {"fields": {"model": "visitorclassificationsegmentpluginmodel", "app_label": "segmentation"}, "model": "contenttypes.contenttype", "pk": 55}, {"fields": {"model": "authenticatedsegmentpluginmodel", "app_label": "segmentation"}, "model": "contenttypes.contenttype", "pk": 56}, {"fields": {"model": "disciplinesegmentpluginmodel", "app_label": "segmentation"}, "model": "contenttypes.contenttype", "pk": 57}, {"fields": {"model": "countrysegmentpluginmodel", "app_label": "segmentation"}, "model": "contenttypes.contenttype", "pk": 58}, {"fields": {"model": "segment", "app_label": "segmentation"}, "model": "contenttypes.contenttype", "pk": 59}, {"fields": {"model": "smartsnippet", "app_label": "smartsnippets"}, "model": "contenttypes.contenttype", "pk": 60}, {"fields": {"model": "smartsnippetvariable", "app_label": "smartsnippets"}, "model": "contenttypes.contenttype", "pk": 61}, {"fields": {"model": "smartsnippetpointer", "app_label": "smartsnippets"}, "model": "contenttypes.contenttype", "pk": 62}, {"fields": {"model": "variable", "app_label": "smartsnippets"}, "model": "contenttypes.contenttype", "pk": 63}, {"fields": {"model": "dropdownvariable", "app_label": "smartsnippets"}, "model": "contenttypes.contenttype", "pk": 64}, {"fields": {"model": "tag", "app_label": "taggit"}, "model": "contenttypes.contenttype", "pk": 65}, {"fields": {"model": "taggeditem", "app_label": "taggit"}, "model": "contenttypes.contenttype", "pk": 66}, {"fields": {"model": "spelinkcategory", "app_label": "spe_links"}, "model": "contenttypes.contenttype", "pk": 67}, {"fields": {"model": "spelink", "app_label": "spe_links"}, "model": "contenttypes.contenttype", "pk": 68}, {"fields": {"model": "spelinkpluginmodel", "app_label": "spe_links"}, "model": "contenttypes.contenttype", "pk": 69}, {"fields": {"model": "tagged", "app_label": "spe_blog"}, "model": "contenttypes.contenttype", "pk": 70}, {"fields": {"model": "taggedauto", "app_label": "spe_blog"}, "model": "contenttypes.contenttype", "pk": 71}, {"fields": {"model": "publication", "app_label": "spe_blog"}, "model": "contenttypes.contenttype", "pk": 72}, {"fields": {"model": "issue", "app_label": "spe_blog"}, "model": "contenttypes.contenttype", "pk": 73}, {"fields": {"model": "category", "app_label": "spe_blog"}, "model": "contenttypes.contenttype", "pk": 74}, {"fields": {"model": "article", "app_label": "spe_blog"}, "model": "contenttypes.contenttype", "pk": 75}, {"fields": {"model": "editorial", "app_label": "spe_blog"}, "model": "contenttypes.contenttype", "pk": 76}, {"fields": {"model": "articlesplugin", "app_label": "spe_blog"}, "model": "contenttypes.contenttype", "pk": 77}, {"fields": {"model": "articledetailplugin", "app_label": "spe_blog"}, "model": "contenttypes.contenttype", "pk": 78}, {"fields": {"model": "editorialplugin", "app_label": "spe_blog"}, "model": "contenttypes.contenttype", "pk": 79}, {"fields": {"model": "articleslistingplugin", "app_label": "spe_blog"}, "model": "contenttypes.contenttype", "pk": 80}, {"fields": {"model": "issuesbypublicationplugin", "app_label": "spe_blog"}, "model": "contenttypes.contenttype", "pk": 81}, {"fields": {"model": "eventsbycurrentlocationplugin", "app_label": "spe_blog"}, "model": "contenttypes.contenttype", "pk": 82}, {"fields": {"model": "breadcrumbplugin", "app_label": "spe_blog"}, "model": "contenttypes.contenttype", "pk": 83}, {"fields": {"model": "issuesbyyearplugin", "app_label": "spe_blog"}, "model": "contenttypes.contenttype", "pk": 84}, {"fields": {"model": "publicationsubscription", "app_label": "spe_contact"}, "model": "contenttypes.contenttype", "pk": 85}, {"fields": {"model": "poll", "app_label": "spe_polls"}, "model": "contenttypes.contenttype", "pk": 86}, {"fields": {"model": "choice", "app_label": "spe_polls"}, "model": "contenttypes.contenttype", "pk": 87}, {"fields": {"model": "pollplugin", "app_label": "spe_polls"}, "model": "contenttypes.contenttype", "pk": 88}, {"fields": {"model": "styledlinkstyle", "app_label": "spe_styledlink"}, "model": "contenttypes.contenttype", "pk": 89}, {"fields": {"model": "styledlink", "app_label": "spe_styledlink"}, "model": "contenttypes.contenttype", "pk": 90}, {"fields": {"model": "request", "app_label": "request"}, "model": "contenttypes.contenttype", "pk": 91}, {"fields": {"model": "eventtype", "app_label": "spe_events"}, "model": "contenttypes.contenttype", "pk": 92}, {"fields": {"model": "eventsbycurrentipplugin", "app_label": "spe_events"}, "model": "contenttypes.contenttype", "pk": 93}, {"fields": {"expire_date": "2016-04-07T00:53:35.649Z", "session_data": "ZDBiMjQyZDhiZDM3ZDVkN2I0MThhZTE4ZTQ5OWRlMDI2MGY5NzJhMjqAAn1xAShVDmNtc19hZG1pbl9zaXRlSwFVEXNlc3Npb25fdmFyaWFibGVzfXECKFULRU5WSVJPTk1FTlRxA1UDREVWcQRVCERBVEFfRElScQVVKS9Vc2Vycy9qYm9kZW4vc3BlX3dlYnNpdGUvd2Vic2l0ZV9jb250ZW50cQZVA3ZpZHEHVSQ0NjAxNTczMy0zNmE5LTRjZTItOTUwZi00MjVkMWUyM2YwMjZxCFULU1RBVElDX1JPT1RxCVUoL1VzZXJzL2pib2Rlbi9zcGVfd2Vic2l0ZS93ZWJzaXRlX3N0YXRpY3EKVQVERUJVR3ELiFUKTUVESUFfUk9PVHEMVTAvVXNlcnMvamJvZGVuL3NwZV93ZWJzaXRlL3dlYnNpdGVfY29udGVudC9tZWRpYS9xDVUJTUVESUFfVVJMcQ5VBy9tZWRpYS9xD1ULUFJPSkVDVF9ESVJxEFUhL1VzZXJzL2pib2Rlbi9zcGVfd2Vic2l0ZS93ZWJzaXRlcRFVClNUQVRJQ19VUkxxElUIL3N0YXRpYy9xE1UIQkFTRV9ESVJxFFUZL1VzZXJzL2pib2Rlbi9zcGVfd2Vic2l0ZXEVdVUUY21zX3Rvb2xiYXJfZGlzYWJsZWSJVQ1fYXV0aF91c2VyX2lkWAEAAAAzVRJfYXV0aF91c2VyX2JhY2tlbmRVKWRqYW5nby5jb250cmliLmF1dGguYmFja2VuZHMuTW9kZWxCYWNrZW5kVQhjbXNfZWRpdIlVDXNlc3Npb25fbG9naW59cRYoVQN1cmxVES9sb2NhbGhvc3QvbG9naW4vVQdjb21tYW5kVQVsb2dpblUNYXV0aGVudGljYXRlZIlVBWxhYmVsVQdTaWduIEludVUPX2F1dGhfdXNlcl9oYXNoVShlN2NmZjcwZGI0MmNlZTAxMGIyMTRmZDBiZDkxODUyMzFiZTRmOGEwdS4="}, "model": "sessions.session", "pk": "vcr0qy29ajd8uen84fck98gc3xttt5c4"}, {"fields": {"domain": "spe.org", "name": "SPE"}, "model": "sites.site", "pk": 1}, {"fields": {"navigation_extenders": null, "site": 1, "application_namespace": null, "path": "0001", "in_navigation": false, "reverse_id": null, "login_required": false, "created_by": "script", "languages": "en", "publication_end_date": null, "template": "www_3col.html", "placeholders": [2, 3, 4, 5, 23, 24], "changed_date": "2016-03-23T19:27:42.628Z", "limit_visibility_in_menu": null, "parent": null, "numchild": 0, "soft_root": false, "is_home": true, "publication_date": "2016-03-14T18:59:15.185Z", "creation_date": "2016-03-14T18:33:03.871Z", "publisher_public": 2, "application_urls": null, "changed_by": "jboden", "publisher_is_draft": true, "xframe_options": 0, "depth": 1, "revision_id": 0}, "model": "cms.page", "pk": 1}, {"fields": {"navigation_extenders": null, "site": 1, "application_namespace": null, "path": "0002", "in_navigation": false, "reverse_id": null, "login_required": false, "created_by": "jtoony", "languages": "en", "publication_end_date": null, "template": "www_3col.html", "placeholders": [6, 7, 8, 9, 20, 22], "changed_date": "2016-03-23T19:27:07.340Z", "limit_visibility_in_menu": null, "parent": null, "numchild": 0, "soft_root": false, "is_home": true, "publication_date": "2016-03-14T18:59:15.185Z", "creation_date": "2016-03-14T18:59:15.192Z", "publisher_public": 1, "application_urls": null, "changed_by": "jboden", "publisher_is_draft": false, "xframe_options": 0, "depth": 1, "revision_id": 0}, "model": "cms.page", "pk": 2}, {"fields": {"navigation_extenders": null, "site": 1, "application_namespace": null, "path": "00030001", "in_navigation": true, "reverse_id": null, "login_required": false, "created_by": "jtoony", "languages": "en", "publication_end_date": null, "template": "ogf_home.html", "placeholders": [10, 11, 12, 13, 18, 21], "changed_date": "2016-03-23T19:26:52.062Z", "limit_visibility_in_menu": null, "parent": 18, "numchild": 0, "soft_root": false, "is_home": false, "publication_date": "2016-03-14T20:07:24.226Z", "creation_date": "2016-03-14T20:04:06.846Z", "publisher_public": 4, "application_urls": null, "changed_by": "jboden", "publisher_is_draft": true, "xframe_options": 0, "depth": 2, "revision_id": 0}, "model": "cms.page", "pk": 3}, {"fields": {"navigation_extenders": null, "site": 1, "application_namespace": null, "path": "00040001", "in_navigation": true, "reverse_id": null, "login_required": false, "created_by": "jtoony", "languages": "en", "publication_end_date": null, "template": "ogf_home.html", "placeholders": [14, 15, 16, 17, 19, 25], "changed_date": "2016-03-23T19:27:07.208Z", "limit_visibility_in_menu": null, "parent": 19, "numchild": 0, "soft_root": false, "is_home": false, "publication_date": "2016-03-14T20:07:24.226Z", "creation_date": "2016-03-14T20:07:24.234Z", "publisher_public": 3, "application_urls": null, "changed_by": "jboden", "publisher_is_draft": false, "xframe_options": 0, "depth": 2, "revision_id": 0}, "model": "cms.page", "pk": 4}, {"fields": {"navigation_extenders": null, "site": 1, "application_namespace": null, "path": "00030002", "in_navigation": true, "reverse_id": null, "login_required": false, "created_by": "jtoony", "languages": "en", "publication_end_date": null, "template": "ogf_subpage.html", "placeholders": [26, 27, 28, 29, 30, 31], "changed_date": "2016-03-23T19:27:21.048Z", "limit_visibility_in_menu": null, "parent": 18, "numchild": 0, "soft_root": false, "is_home": false, "publication_date": "2016-03-14T20:07:24.226Z", "creation_date": "2016-03-16T15:51:35.554Z", "publisher_public": 6, "application_urls": null, "changed_by": "jboden", "publisher_is_draft": true, "xframe_options": 0, "depth": 2, "revision_id": 0}, "model": "cms.page", "pk": 5}, {"fields": {"navigation_extenders": null, "site": 1, "application_namespace": null, "path": "00040002", "in_navigation": true, "reverse_id": null, "login_required": false, "created_by": "jtoony", "languages": "en", "publication_end_date": null, "template": "ogf_subpage.html", "placeholders": [32, 33, 34, 35, 36, 37], "changed_date": "2016-03-23T19:27:20.984Z", "limit_visibility_in_menu": null, "parent": 19, "numchild": 0, "soft_root": false, "is_home": false, "publication_date": "2016-03-14T20:07:24.226Z", "creation_date": "2016-03-16T17:12:03.526Z", "publisher_public": 5, "application_urls": null, "changed_by": "jboden", "publisher_is_draft": false, "xframe_options": 0, "depth": 2, "revision_id": 0}, "model": "cms.page", "pk": 6}, {"fields": {"navigation_extenders": null, "site": 1, "application_namespace": null, "path": "00030004", "in_navigation": true, "reverse_id": null, "login_required": false, "created_by": "jtoony", "languages": "en", "publication_end_date": null, "template": "ogf_subpage.html", "placeholders": [60, 61, 62, 63], "changed_date": "2016-03-23T19:29:08.346Z", "limit_visibility_in_menu": null, "parent": 18, "numchild": 0, "soft_root": false, "is_home": false, "publication_date": "2016-03-21T18:06:30.707Z", "creation_date": "2016-03-21T16:23:40.855Z", "publisher_public": 13, "application_urls": null, "changed_by": "jboden", "publisher_is_draft": true, "xframe_options": 0, "depth": 2, "revision_id": 0}, "model": "cms.page", "pk": 12}, {"fields": {"navigation_extenders": null, "site": 1, "application_namespace": null, "path": "00040004", "in_navigation": true, "reverse_id": null, "login_required": false, "created_by": "jtoony", "languages": "en", "publication_end_date": null, "template": "ogf_subpage.html", "placeholders": [64, 65, 66, 67], "changed_date": "2016-03-23T19:29:08.303Z", "limit_visibility_in_menu": null, "parent": 19, "numchild": 0, "soft_root": false, "is_home": false, "publication_date": "2016-03-21T18:06:30.707Z", "creation_date": "2016-03-21T18:06:30.716Z", "publisher_public": 12, "application_urls": null, "changed_by": "jboden", "publisher_is_draft": false, "xframe_options": 0, "depth": 2, "revision_id": 0}, "model": "cms.page", "pk": 13}, {"fields": {"navigation_extenders": "", "site": 1, "application_namespace": null, "path": "00030003", "in_navigation": false, "reverse_id": null, "login_required": false, "created_by": "jtoony", "languages": "en", "publication_end_date": null, "template": "ogf_subpage.html", "placeholders": [80, 81, 82, 83], "changed_date": "2016-03-23T19:27:30.831Z", "limit_visibility_in_menu": null, "parent": 18, "numchild": 0, "soft_root": false, "is_home": false, "publication_date": "2016-03-22T19:15:09.125Z", "creation_date": "2016-03-21T23:26:17.732Z", "publisher_public": 20, "application_urls": "", "changed_by": "jboden", "publisher_is_draft": true, "xframe_options": 0, "depth": 2, "revision_id": 0}, "model": "cms.page", "pk": 17}, {"fields": {"navigation_extenders": null, "site": 1, "application_namespace": null, "path": "0003", "in_navigation": false, "reverse_id": null, "login_required": false, "created_by": "jtoony", "languages": "en", "publication_end_date": null, "template": "www_3col.html", "placeholders": [84, 85, 86, 87], "changed_date": "2016-03-23T19:27:07.381Z", "limit_visibility_in_menu": null, "parent": null, "numchild": 4, "soft_root": false, "is_home": false, "publication_date": "2016-03-23T19:27:07.057Z", "creation_date": "2016-03-22T13:54:07.399Z", "publisher_public": 19, "application_urls": null, "changed_by": "jboden", "publisher_is_draft": true, "xframe_options": 0, "depth": 1, "revision_id": 0}, "model": "cms.page", "pk": 18}, {"fields": {"navigation_extenders": null, "site": 1, "application_namespace": null, "path": "0004", "in_navigation": false, "reverse_id": null, "login_required": false, "created_by": "jboden", "languages": "en", "publication_end_date": null, "template": "www_3col.html", "placeholders": [89, 90, 91, 92], "changed_date": "2016-03-23T19:27:07.140Z", "limit_visibility_in_menu": null, "parent": null, "numchild": 4, "soft_root": false, "is_home": false, "publication_date": "2016-03-23T19:27:07.057Z", "creation_date": "2016-03-23T19:27:07.063Z", "publisher_public": 18, "application_urls": null, "changed_by": "jboden", "publisher_is_draft": false, "xframe_options": 0, "depth": 1, "revision_id": 0}, "model": "cms.page", "pk": 19}, {"fields": {"navigation_extenders": "", "site": 1, "application_namespace": null, "path": "00040003", "in_navigation": false, "reverse_id": null, "login_required": false, "created_by": "jboden", "languages": "en", "publication_end_date": null, "template": "ogf_subpage.html", "placeholders": [93, 94, 95, 96], "changed_date": "2016-03-23T19:27:30.751Z", "limit_visibility_in_menu": null, "parent": 19, "numchild": 0, "soft_root": false, "is_home": false, "publication_date": "2016-03-22T19:15:09.125Z", "creation_date": "2016-03-23T19:27:30.612Z", "publisher_public": 17, "application_urls": "", "changed_by": "jboden", "publisher_is_draft": false, "xframe_options": 0, "depth": 2, "revision_id": 0}, "model": "cms.page", "pk": 20}, {"fields": {"slot": "clipboard", "default_width": null}, "model": "cms.placeholder", "pk": 1}, {"fields": {"slot": "notice", "default_width": null}, "model": "cms.placeholder", "pk": 2}, {"fields": {"slot": "content", "default_width": null}, "model": "cms.placeholder", "pk": 3}, {"fields": {"slot": "aside", "default_width": null}, "model": "cms.placeholder", "pk": 4}, {"fields": {"slot": "additional-content", "default_width": null}, "model": "cms.placeholder", "pk": 5}, {"fields": {"slot": "notice", "default_width": null}, "model": "cms.placeholder", "pk": 6}, {"fields": {"slot": "content", "default_width": null}, "model": "cms.placeholder", "pk": 7}, {"fields": {"slot": "aside", "default_width": null}, "model": "cms.placeholder", "pk": 8}, {"fields": {"slot": "additional-content", "default_width": null}, "model": "cms.placeholder", "pk": 9}, {"fields": {"slot": "notice", "default_width": null}, "model": "cms.placeholder", "pk": 10}, {"fields": {"slot": "content", "default_width": null}, "model": "cms.placeholder", "pk": 11}, {"fields": {"slot": "aside", "default_width": null}, "model": "cms.placeholder", "pk": 12}, {"fields": {"slot": "additional-content", "default_width": null}, "model": "cms.placeholder", "pk": 13}, {"fields": {"slot": "notice", "default_width": null}, "model": "cms.placeholder", "pk": 14}, {"fields": {"slot": "content", "default_width": null}, "model": "cms.placeholder", "pk": 15}, {"fields": {"slot": "aside", "default_width": null}, "model": "cms.placeholder", "pk": 16}, {"fields": {"slot": "additional-content", "default_width": null}, "model": "cms.placeholder", "pk": 17}, {"fields": {"slot": "feature", "default_width": null}, "model": "cms.placeholder", "pk": 18}, {"fields": {"slot": "feature", "default_width": null}, "model": "cms.placeholder", "pk": 19}, {"fields": {"slot": "feature", "default_width": null}, "model": "cms.placeholder", "pk": 20}, {"fields": {"slot": "editorial", "default_width": null}, "model": "cms.placeholder", "pk": 21}, {"fields": {"slot": "editorial", "default_width": null}, "model": "cms.placeholder", "pk": 22}, {"fields": {"slot": "feature", "default_width": null}, "model": "cms.placeholder", "pk": 23}, {"fields": {"slot": "editorial", "default_width": null}, "model": "cms.placeholder", "pk": 24}, {"fields": {"slot": "editorial", "default_width": null}, "model": "cms.placeholder", "pk": 25}, {"fields": {"slot": "feature", "default_width": null}, "model": "cms.placeholder", "pk": 26}, {"fields": {"slot": "editorial", "default_width": null}, "model": "cms.placeholder", "pk": 27}, {"fields": {"slot": "notice", "default_width": null}, "model": "cms.placeholder", "pk": 28}, {"fields": {"slot": "content", "default_width": null}, "model": "cms.placeholder", "pk": 29}, {"fields": {"slot": "aside", "default_width": null}, "model": "cms.placeholder", "pk": 30}, {"fields": {"slot": "additional-content", "default_width": null}, "model": "cms.placeholder", "pk": 31}, {"fields": {"slot": "notice", "default_width": null}, "model": "cms.placeholder", "pk": 32}, {"fields": {"slot": "content", "default_width": null}, "model": "cms.placeholder", "pk": 33}, {"fields": {"slot": "aside", "default_width": null}, "model": "cms.placeholder", "pk": 34}, {"fields": {"slot": "additional-content", "default_width": null}, "model": "cms.placeholder", "pk": 35}, {"fields": {"slot": "feature", "default_width": null}, "model": "cms.placeholder", "pk": 36}, {"fields": {"slot": "editorial", "default_width": null}, "model": "cms.placeholder", "pk": 37}, {"fields": {"slot": "notice", "default_width": null}, "model": "cms.placeholder", "pk": 60}, {"fields": {"slot": "content", "default_width": null}, "model": "cms.placeholder", "pk": 61}, {"fields": {"slot": "aside", "default_width": null}, "model": "cms.placeholder", "pk": 62}, {"fields": {"slot": "additional-content", "default_width": null}, "model": "cms.placeholder", "pk": 63}, {"fields": {"slot": "notice", "default_width": null}, "model": "cms.placeholder", "pk": 64}, {"fields": {"slot": "content", "default_width": null}, "model": "cms.placeholder", "pk": 65}, {"fields": {"slot": "aside", "default_width": null}, "model": "cms.placeholder", "pk": 66}, {"fields": {"slot": "additional-content", "default_width": null}, "model": "cms.placeholder", "pk": 67}, {"fields": {"slot": "notice", "default_width": null}, "model": "cms.placeholder", "pk": 80}, {"fields": {"slot": "content", "default_width": null}, "model": "cms.placeholder", "pk": 81}, {"fields": {"slot": "aside", "default_width": null}, "model": "cms.placeholder", "pk": 82}, {"fields": {"slot": "additional-content", "default_width": null}, "model": "cms.placeholder", "pk": 83}, {"fields": {"slot": "notice", "default_width": null}, "model": "cms.placeholder", "pk": 84}, {"fields": {"slot": "content", "default_width": null}, "model": "cms.placeholder", "pk": 85}, {"fields": {"slot": "aside", "default_width": null}, "model": "cms.placeholder", "pk": 86}, {"fields": {"slot": "additional-content", "default_width": null}, "model": "cms.placeholder", "pk": 87}, {"fields": {"slot": "clipboard", "default_width": null}, "model": "cms.placeholder", "pk": 88}, {"fields": {"slot": "notice", "default_width": null}, "model": "cms.placeholder", "pk": 89}, {"fields": {"slot": "content", "default_width": null}, "model": "cms.placeholder", "pk": 90}, {"fields": {"slot": "aside", "default_width": null}, "model": "cms.placeholder", "pk": 91}, {"fields": {"slot": "additional-content", "default_width": null}, "model": "cms.placeholder", "pk": 92}, {"fields": {"slot": "notice", "default_width": null}, "model": "cms.placeholder", "pk": 93}, {"fields": {"slot": "content", "default_width": null}, "model": "cms.placeholder", "pk": 94}, {"fields": {"slot": "aside", "default_width": null}, "model": "cms.placeholder", "pk": 95}, {"fields": {"slot": "additional-content", "default_width": null}, "model": "cms.placeholder", "pk": 96}, {"fields": {"changed_date": "2016-03-16T12:58:59.449Z", "language": "en", "parent": null, "numchild": 0, "creation_date": "2016-03-14T18:51:45.314Z", "depth": 1, "position": 0, "path": "0001", "placeholder": 2, "plugin_type": "ShowTextWithClassPlugin"}, "model": "cms.cmsplugin", "pk": 1}, {"fields": {"changed_date": "2016-03-14T18:55:13.137Z", "language": "en", "parent": null, "numchild": 0, "creation_date": "2016-03-14T18:54:51.859Z", "depth": 1, "position": 0, "path": "0002", "placeholder": 3, "plugin_type": "ShowArticlesListingPlugin"}, "model": "cms.cmsplugin", "pk": 2}, {"fields": {"changed_date": "2016-03-14T18:56:16.531Z", "language": "en", "parent": null, "numchild": 0, "creation_date": "2016-03-14T18:56:05.580Z", "depth": 1, "position": 1, "path": "0003", "placeholder": 3, "plugin_type": "ShowArticlesListingPlugin"}, "model": "cms.cmsplugin", "pk": 3}, {"fields": {"changed_date": "2016-03-14T18:57:18.041Z", "language": "en", "parent": null, "numchild": 0, "creation_date": "2016-03-14T18:57:13.678Z", "depth": 1, "position": 0, "path": "0004", "placeholder": 4, "plugin_type": "SpeLinkPluginPublisher"}, "model": "cms.cmsplugin", "pk": 4}, {"fields": {"changed_date": "2016-03-14T18:57:30.128Z", "language": "en", "parent": null, "numchild": 0, "creation_date": "2016-03-14T18:57:25.581Z", "depth": 1, "position": 1, "path": "0005", "placeholder": 4, "plugin_type": "SpeLinkPluginPublisher"}, "model": "cms.cmsplugin", "pk": 5}, {"fields": {"changed_date": "2016-03-14T18:58:33.051Z", "language": "en", "parent": null, "numchild": 0, "creation_date": "2016-03-14T18:57:35.998Z", "depth": 1, "position": 0, "path": "0006", "placeholder": 5, "plugin_type": "ShowTextWithClassPlugin"}, "model": "cms.cmsplugin", "pk": 6}, {"fields": {"changed_date": "2016-03-14T18:59:08.851Z", "language": "en", "parent": null, "numchild": 0, "creation_date": "2016-03-14T18:59:05.058Z", "depth": 1, "position": 1, "path": "0007", "placeholder": 5, "plugin_type": "SpeLinkPluginPublisher"}, "model": "cms.cmsplugin", "pk": 7}, {"fields": {"changed_date": "2016-03-15T18:59:52.652Z", "language": "en", "parent": null, "numchild": 0, "creation_date": "2016-03-14T20:04:43.075Z", "depth": 1, "position": 2, "path": "0027", "placeholder": 12, "plugin_type": "ShowTextWithClassPlugin"}, "model": "cms.cmsplugin", "pk": 15}, {"fields": {"changed_date": "2016-03-15T19:23:10.490Z", "language": "en", "parent": null, "numchild": 0, "creation_date": "2016-03-14T20:06:11.065Z", "depth": 1, "position": 1, "path": "000H", "placeholder": 11, "plugin_type": "ShowArticlesListingPlugin"}, "model": "cms.cmsplugin", "pk": 17}, {"fields": {"changed_date": "2016-03-15T19:23:10.484Z", "language": "en", "parent": null, "numchild": 0, "creation_date": "2016-03-14T20:07:04.998Z", "depth": 1, "position": 0, "path": "000I", "placeholder": 11, "plugin_type": "ShowTitlePlugin"}, "model": "cms.cmsplugin", "pk": 18}, {"fields": {"changed_date": "2016-03-15T18:59:52.628Z", "language": "en", "parent": null, "numchild": 0, "creation_date": "2016-03-14T20:17:33.648Z", "depth": 1, "position": 0, "path": "001K", "placeholder": 12, "plugin_type": "ShowTitlePlugin"}, "model": "cms.cmsplugin", "pk": 23}, {"fields": {"changed_date": "2016-03-15T19:18:32.539Z", "language": "en", "parent": null, "numchild": 0, "creation_date": "2016-03-14T20:18:03.009Z", "depth": 1, "position": 0, "path": "000P", "placeholder": 13, "plugin_type": "ShowTitlePlugin"}, "model": "cms.cmsplugin", "pk": 25}, {"fields": {"changed_date": "2016-03-15T19:23:10.497Z", "language": "en", "parent": null, "numchild": 0, "creation_date": "2016-03-14T20:43:59.758Z", "depth": 1, "position": 2, "path": "000Z", "placeholder": 11, "plugin_type": "ShowTitlePlugin"}, "model": "cms.cmsplugin", "pk": 35}, {"fields": {"changed_date": "2016-03-15T18:59:52.634Z", "language": "en", "parent": null, "numchild": 0, "creation_date": "2016-03-15T13:30:06.533Z", "depth": 1, "position": 1, "path": "001J", "placeholder": 12, "plugin_type": "ShowIssuesByPublicationPlugin"}, "model": "cms.cmsplugin", "pk": 42}, {"fields": {"changed_date": "2016-03-15T17:49:18.638Z", "language": "en", "parent": null, "numchild": 0, "creation_date": "2016-03-15T17:49:09.023Z", "depth": 1, "position": 0, "path": "001N", "placeholder": 21, "plugin_type": "ShowEditorialPlugin"}, "model": "cms.cmsplugin", "pk": 75}, {"fields": {"changed_date": "2016-03-15T18:59:52.640Z", "language": "en", "parent": null, "numchild": 0, "creation_date": "2016-03-15T18:45:14.103Z", "depth": 1, "position": 3, "path": "0022", "placeholder": 12, "plugin_type": "ShowAdSpeedZonePlugin"}, "model": "cms.cmsplugin", "pk": 95}, {"fields": {"changed_date": "2016-03-15T20:53:17.212Z", "language": "en", "parent": null, "numchild": 0, "creation_date": "2016-03-15T18:54:09.285Z", "depth": 1, "position": 3, "path": "0025", "placeholder": 11, "plugin_type": "ShowArticlesListingPlugin"}, "model": "cms.cmsplugin", "pk": 96}, {"fields": {"changed_date": "2016-03-15T20:53:17.216Z", "language": "en", "parent": null, "numchild": 0, "creation_date": "2016-03-15T18:57:12.314Z", "depth": 1, "position": 4, "path": "0026", "placeholder": 11, "plugin_type": "ShowArticlesListingPlugin"}, "model": "cms.cmsplugin", "pk": 97}, {"fields": {"changed_date": "2016-03-15T19:18:32.549Z", "language": "en", "parent": null, "numchild": 0, "creation_date": "2016-03-15T19:00:45.136Z", "depth": 1, "position": 1, "path": "0029", "placeholder": 13, "plugin_type": "ShowArticlesListingPlugin"}, "model": "cms.cmsplugin", "pk": 98}, {"fields": {"changed_date": "2016-03-15T19:18:32.568Z", "language": "en", "parent": null, "numchild": 0, "creation_date": "2016-03-15T19:18:20.762Z", "depth": 1, "position": 2, "path": "002A", "placeholder": 13, "plugin_type": "ShowAdSpeedZonePlugin"}, "model": "cms.cmsplugin", "pk": 99}, {"fields": {"changed_date": "2016-03-15T20:53:17.225Z", "language": "en", "parent": null, "numchild": 0, "creation_date": "2016-03-15T19:19:09.759Z", "depth": 1, "position": 6, "path": "002B", "placeholder": 11, "plugin_type": "ShowTitlePlugin"}, "model": "cms.cmsplugin", "pk": 100}, {"fields": {"changed_date": "2016-03-15T20:53:17.221Z", "language": "en", "parent": null, "numchild": 0, "creation_date": "2016-03-15T19:20:51.737Z", "depth": 1, "position": 5, "path": "002E", "placeholder": 11, "plugin_type": "ShowArticlesListingPlugin"}, "model": "cms.cmsplugin", "pk": 102}, {"fields": {"changed_date": "2016-03-15T20:53:17.230Z", "language": "en", "parent": null, "numchild": 0, "creation_date": "2016-03-15T19:28:23.202Z", "depth": 1, "position": 7, "path": "002F", "placeholder": 11, "plugin_type": "ShowArticlesPlugin"}, "model": "cms.cmsplugin", "pk": 105}, {"fields": {"changed_date": "2016-03-15T20:53:17.234Z", "language": "en", "parent": null, "numchild": 0, "creation_date": "2016-03-15T20:46:15.837Z", "depth": 1, "position": 8, "path": "002G", "placeholder": 11, "plugin_type": "ShowTitlePlugin"}, "model": "cms.cmsplugin", "pk": 106}, {"fields": {"changed_date": "2016-03-15T20:53:17.238Z", "language": "en", "parent": null, "numchild": 0, "creation_date": "2016-03-15T20:46:44.740Z", "depth": 1, "position": 9, "path": "002H", "placeholder": 11, "plugin_type": "ShowArticlesPlugin"}, "model": "cms.cmsplugin", "pk": 107}, {"fields": {"changed_date": "2016-03-16T13:07:44.072Z", "language": "en", "parent": null, "numchild": 0, "creation_date": "2016-03-16T12:47:40.258Z", "depth": 1, "position": 0, "path": "0041", "placeholder": 18, "plugin_type": "ShowArticlesListingPlugin"}, "model": "cms.cmsplugin", "pk": 132}, {"fields": {"changed_date": "2016-03-16T17:11:57.078Z", "language": "en", "parent": null, "numchild": 0, "creation_date": "2016-03-15T19:19:09.759Z", "depth": 1, "position": 0, "path": "0047", "placeholder": 29, "plugin_type": "ShowTitlePlugin"}, "model": "cms.cmsplugin", "pk": 167}, {"fields": {"changed_date": "2016-03-16T17:11:39.967Z", "language": "en", "parent": null, "numchild": 0, "creation_date": "2016-03-15T19:28:23.202Z", "depth": 1, "position": 1, "path": "0049", "placeholder": 29, "plugin_type": "ShowArticlesPlugin"}, "model": "cms.cmsplugin", "pk": 169}, {"fields": {"changed_date": "2016-03-16T15:51:35.707Z", "language": "en", "parent": null, "numchild": 0, "creation_date": "2016-03-15T13:30:06.533Z", "depth": 1, "position": 1, "path": "004C", "placeholder": 30, "plugin_type": "ShowIssuesByPublicationPlugin"}, "model": "cms.cmsplugin", "pk": 172}, {"fields": {"changed_date": "2016-03-16T15:51:35.715Z", "language": "en", "parent": null, "numchild": 0, "creation_date": "2016-03-14T20:17:33.648Z", "depth": 1, "position": 0, "path": "004D", "placeholder": 30, "plugin_type": "ShowTitlePlugin"}, "model": "cms.cmsplugin", "pk": 173}, {"fields": {"changed_date": "2016-03-16T15:51:35.722Z", "language": "en", "parent": null, "numchild": 0, "creation_date": "2016-03-15T18:45:14.103Z", "depth": 1, "position": 3, "path": "004E", "placeholder": 30, "plugin_type": "ShowAdSpeedZonePlugin"}, "model": "cms.cmsplugin", "pk": 174}, {"fields": {"changed_date": "2016-03-16T15:51:35.730Z", "language": "en", "parent": null, "numchild": 0, "creation_date": "2016-03-14T20:04:43.075Z", "depth": 1, "position": 2, "path": "004F", "placeholder": 30, "plugin_type": "ShowTextWithClassPlugin"}, "model": "cms.cmsplugin", "pk": 175}, {"fields": {"changed_date": "2016-03-16T15:51:35.744Z", "language": "en", "parent": null, "numchild": 0, "creation_date": "2016-03-14T20:18:03.009Z", "depth": 1, "position": 0, "path": "004G", "placeholder": 31, "plugin_type": "ShowTitlePlugin"}, "model": "cms.cmsplugin", "pk": 176}, {"fields": {"changed_date": "2016-03-16T15:51:35.752Z", "language": "en", "parent": null, "numchild": 0, "creation_date": "2016-03-14T20:18:26.084Z", "depth": 1, "position": 4, "path": "004H", "placeholder": 31, "plugin_type": "SpeLinkPluginPublisher"}, "model": "cms.cmsplugin", "pk": 177}, {"fields": {"changed_date": "2016-03-16T15:51:35.760Z", "language": "en", "parent": null, "numchild": 0, "creation_date": "2016-03-14T20:17:49.690Z", "depth": 1, "position": 3, "path": "004I", "placeholder": 31, "plugin_type": "SpeLinkPluginPublisher"}, "model": "cms.cmsplugin", "pk": 178}, {"fields": {"changed_date": "2016-03-16T15:51:35.767Z", "language": "en", "parent": null, "numchild": 0, "creation_date": "2016-03-15T19:00:45.136Z", "depth": 1, "position": 1, "path": "004J", "placeholder": 31, "plugin_type": "ShowArticlesListingPlugin"}, "model": "cms.cmsplugin", "pk": 179}, {"fields": {"changed_date": "2016-03-16T15:51:35.774Z", "language": "en", "parent": null, "numchild": 0, "creation_date": "2016-03-15T19:18:20.762Z", "depth": 1, "position": 2, "path": "004K", "placeholder": 31, "plugin_type": "ShowAdSpeedZonePlugin"}, "model": "cms.cmsplugin", "pk": 180}, {"fields": {"changed_date": "2016-03-21T15:11:01.700Z", "language": "en", "parent": null, "numchild": 0, "creation_date": "2016-03-14T20:06:11.065Z", "depth": 1, "position": 1, "path": "005H", "placeholder": 15, "plugin_type": "ShowArticlesListingPlugin"}, "model": "cms.cmsplugin", "pk": 239}, {"fields": {"changed_date": "2016-03-21T15:11:01.706Z", "language": "en", "parent": null, "numchild": 0, "creation_date": "2016-03-14T20:07:04.998Z", "depth": 1, "position": 0, "path": "005I", "placeholder": 15, "plugin_type": "ShowTitlePlugin"}, "model": "cms.cmsplugin", "pk": 240}, {"fields": {"changed_date": "2016-03-21T15:11:01.712Z", "language": "en", "parent": null, "numchild": 0, "creation_date": "2016-03-14T20:43:59.758Z", "depth": 1, "position": 2, "path": "005J", "placeholder": 15, "plugin_type": "ShowTitlePlugin"}, "model": "cms.cmsplugin", "pk": 241}, {"fields": {"changed_date": "2016-03-21T15:11:01.719Z", "language": "en", "parent": null, "numchild": 0, "creation_date": "2016-03-15T18:54:09.285Z", "depth": 1, "position": 3, "path": "005K", "placeholder": 15, "plugin_type": "ShowArticlesListingPlugin"}, "model": "cms.cmsplugin", "pk": 242}, {"fields": {"changed_date": "2016-03-21T15:11:01.726Z", "language": "en", "parent": null, "numchild": 0, "creation_date": "2016-03-15T18:57:12.314Z", "depth": 1, "position": 4, "path": "005L", "placeholder": 15, "plugin_type": "ShowArticlesListingPlugin"}, "model": "cms.cmsplugin", "pk": 243}, {"fields": {"changed_date": "2016-03-21T15:11:01.733Z", "language": "en", "parent": null, "numchild": 0, "creation_date": "2016-03-15T19:19:09.759Z", "depth": 1, "position": 6, "path": "005M", "placeholder": 15, "plugin_type": "ShowTitlePlugin"}, "model": "cms.cmsplugin", "pk": 244}, {"fields": {"changed_date": "2016-03-21T15:11:01.739Z", "language": "en", "parent": null, "numchild": 0, "creation_date": "2016-03-15T19:20:51.737Z", "depth": 1, "position": 5, "path": "005N", "placeholder": 15, "plugin_type": "ShowArticlesListingPlugin"}, "model": "cms.cmsplugin", "pk": 245}, {"fields": {"changed_date": "2016-03-21T15:11:01.746Z", "language": "en", "parent": null, "numchild": 0, "creation_date": "2016-03-15T19:28:23.202Z", "depth": 1, "position": 7, "path": "005O", "placeholder": 15, "plugin_type": "ShowArticlesPlugin"}, "model": "cms.cmsplugin", "pk": 246}, {"fields": {"changed_date": "2016-03-21T15:11:01.757Z", "language": "en", "parent": null, "numchild": 0, "creation_date": "2016-03-15T20:46:15.837Z", "depth": 1, "position": 8, "path": "005P", "placeholder": 15, "plugin_type": "ShowTitlePlugin"}, "model": "cms.cmsplugin", "pk": 247}, {"fields": {"changed_date": "2016-03-21T15:11:01.763Z", "language": "en", "parent": null, "numchild": 0, "creation_date": "2016-03-15T20:46:44.740Z", "depth": 1, "position": 9, "path": "005Q", "placeholder": 15, "plugin_type": "ShowArticlesPlugin"}, "model": "cms.cmsplugin", "pk": 248}, {"fields": {"changed_date": "2016-03-21T15:11:01.786Z", "language": "en", "parent": null, "numchild": 0, "creation_date": "2016-03-15T13:30:06.533Z", "depth": 1, "position": 1, "path": "005R", "placeholder": 16, "plugin_type": "ShowIssuesByPublicationPlugin"}, "model": "cms.cmsplugin", "pk": 249}, {"fields": {"changed_date": "2016-03-21T15:11:01.793Z", "language": "en", "parent": null, "numchild": 0, "creation_date": "2016-03-14T20:17:33.648Z", "depth": 1, "position": 0, "path": "005S", "placeholder": 16, "plugin_type": "ShowTitlePlugin"}, "model": "cms.cmsplugin", "pk": 250}, {"fields": {"changed_date": "2016-03-21T15:11:01.799Z", "language": "en", "parent": null, "numchild": 0, "creation_date": "2016-03-15T18:45:14.103Z", "depth": 1, "position": 3, "path": "005T", "placeholder": 16, "plugin_type": "ShowAdSpeedZonePlugin"}, "model": "cms.cmsplugin", "pk": 251}, {"fields": {"changed_date": "2016-03-21T15:11:01.806Z", "language": "en", "parent": null, "numchild": 0, "creation_date": "2016-03-14T20:04:43.075Z", "depth": 1, "position": 2, "path": "005U", "placeholder": 16, "plugin_type": "ShowTextWithClassPlugin"}, "model": "cms.cmsplugin", "pk": 252}, {"fields": {"changed_date": "2016-03-21T15:11:01.818Z", "language": "en", "parent": null, "numchild": 0, "creation_date": "2016-03-14T20:18:03.009Z", "depth": 1, "position": 0, "path": "005V", "placeholder": 17, "plugin_type": "ShowTitlePlugin"}, "model": "cms.cmsplugin", "pk": 253}, {"fields": {"changed_date": "2016-03-21T15:11:01.825Z", "language": "en", "parent": null, "numchild": 0, "creation_date": "2016-03-15T19:00:45.136Z", "depth": 1, "position": 1, "path": "005W", "placeholder": 17, "plugin_type": "ShowArticlesListingPlugin"}, "model": "cms.cmsplugin", "pk": 254}, {"fields": {"changed_date": "2016-03-21T15:11:01.832Z", "language": "en", "parent": null, "numchild": 0, "creation_date": "2016-03-15T19:18:20.762Z", "depth": 1, "position": 2, "path": "005X", "placeholder": 17, "plugin_type": "ShowAdSpeedZonePlugin"}, "model": "cms.cmsplugin", "pk": 255}, {"fields": {"changed_date": "2016-03-21T15:11:01.843Z", "language": "en", "parent": null, "numchild": 0, "creation_date": "2016-03-16T12:47:40.258Z", "depth": 1, "position": 0, "path": "005Y", "placeholder": 19, "plugin_type": "ShowArticlesListingPlugin"}, "model": "cms.cmsplugin", "pk": 256}, {"fields": {"changed_date": "2016-03-21T15:11:01.852Z", "language": "en", "parent": null, "numchild": 0, "creation_date": "2016-03-15T17:49:09.023Z", "depth": 1, "position": 0, "path": "005Z", "placeholder": 25, "plugin_type": "ShowEditorialPlugin"}, "model": "cms.cmsplugin", "pk": 257}, {"fields": {"changed_date": "2016-03-21T16:24:08.436Z", "language": "en", "parent": null, "numchild": 0, "creation_date": "2016-03-21T16:24:03.689Z", "depth": 1, "position": 0, "path": "0060", "placeholder": 61, "plugin_type": "ShowIssuesByYearPlugin"}, "model": "cms.cmsplugin", "pk": 259}, {"fields": {"changed_date": "2016-03-23T13:40:08.971Z", "language": "en", "parent": null, "numchild": 0, "creation_date": "2016-03-21T23:28:20.091Z", "depth": 1, "position": 1, "path": "0063", "placeholder": 81, "plugin_type": "ShowArticleDetailPlugin"}, "model": "cms.cmsplugin", "pk": 263}, {"fields": {"changed_date": "2016-03-23T13:40:28.777Z", "language": "en", "parent": null, "numchild": 0, "creation_date": "2016-03-22T12:01:21.349Z", "depth": 1, "position": 1, "path": "0065", "placeholder": 82, "plugin_type": "ShowTitlePlugin"}, "model": "cms.cmsplugin", "pk": 265}, {"fields": {"changed_date": "2016-03-23T13:40:28.782Z", "language": "en", "parent": null, "numchild": 0, "creation_date": "2016-03-22T12:01:53.059Z", "depth": 1, "position": 2, "path": "0066", "placeholder": 82, "plugin_type": "ShowIssuesByPublicationPlugin"}, "model": "cms.cmsplugin", "pk": 266}, {"fields": {"changed_date": "2016-03-23T13:40:28.788Z", "language": "en", "parent": null, "numchild": 0, "creation_date": "2016-03-22T12:03:51.424Z", "depth": 1, "position": 3, "path": "0067", "placeholder": 82, "plugin_type": "ShowAdSpeedZonePlugin"}, "model": "cms.cmsplugin", "pk": 267}, {"fields": {"changed_date": "2016-03-23T11:11:55.992Z", "language": "en", "parent": null, "numchild": 0, "creation_date": "2016-03-22T12:04:20.623Z", "depth": 1, "position": 0, "path": "0068", "placeholder": 83, "plugin_type": "ShowTitlePlugin"}, "model": "cms.cmsplugin", "pk": 268}, {"fields": {"changed_date": "2016-03-23T11:11:55.997Z", "language": "en", "parent": null, "numchild": 0, "creation_date": "2016-03-22T12:04:53.733Z", "depth": 1, "position": 1, "path": "0069", "placeholder": 83, "plugin_type": "ShowArticlesPlugin"}, "model": "cms.cmsplugin", "pk": 269}, {"fields": {"changed_date": "2016-03-23T11:11:56.001Z", "language": "en", "parent": null, "numchild": 0, "creation_date": "2016-03-22T12:05:12.822Z", "depth": 1, "position": 2, "path": "006A", "placeholder": 83, "plugin_type": "ShowAdSpeedZonePlugin"}, "model": "cms.cmsplugin", "pk": 270}, {"fields": {"changed_date": "2016-03-23T13:40:08.976Z", "language": "en", "parent": null, "numchild": 0, "creation_date": "2016-03-22T12:49:27.350Z", "depth": 1, "position": 2, "path": "006B", "placeholder": 81, "plugin_type": "ShowTitlePlugin"}, "model": "cms.cmsplugin", "pk": 271}, {"fields": {"changed_date": "2016-03-23T13:40:08.980Z", "language": "en", "parent": null, "numchild": 0, "creation_date": "2016-03-22T12:49:51.867Z", "depth": 1, "position": 3, "path": "006C", "placeholder": 81, "plugin_type": "ShowArticlesListingPlugin"}, "model": "cms.cmsplugin", "pk": 272}, {"fields": {"changed_date": "2016-03-23T11:12:18.092Z", "language": "en", "parent": null, "numchild": 0, "creation_date": "2016-03-22T15:38:11.406Z", "depth": 1, "position": 4, "path": "006D", "placeholder": 83, "plugin_type": "ShowEventsByCurrentLocationPluginPlugin"}, "model": "cms.cmsplugin", "pk": 273}, {"fields": {"changed_date": "2016-03-23T11:11:56.011Z", "language": "en", "parent": null, "numchild": 0, "creation_date": "2016-03-23T11:11:45.423Z", "depth": 1, "position": 3, "path": "006E", "placeholder": 83, "plugin_type": "ShowTitlePlugin"}, "model": "cms.cmsplugin", "pk": 274}, {"fields": {"changed_date": "2016-03-23T12:58:54.158Z", "language": "en", "parent": null, "numchild": 0, "creation_date": "2016-03-14T18:51:45.314Z", "depth": 1, "position": 0, "path": "006F", "placeholder": 6, "plugin_type": "ShowTextWithClassPlugin"}, "model": "cms.cmsplugin", "pk": 275}, {"fields": {"changed_date": "2016-03-23T12:58:54.168Z", "language": "en", "parent": null, "numchild": 0, "creation_date": "2016-03-14T18:54:51.859Z", "depth": 1, "position": 0, "path": "006G", "placeholder": 7, "plugin_type": "ShowArticlesListingPlugin"}, "model": "cms.cmsplugin", "pk": 276}, {"fields": {"changed_date": "2016-03-23T12:58:54.176Z", "language": "en", "parent": null, "numchild": 0, "creation_date": "2016-03-14T18:56:05.580Z", "depth": 1, "position": 1, "path": "006H", "placeholder": 7, "plugin_type": "ShowArticlesListingPlugin"}, "model": "cms.cmsplugin", "pk": 277}, {"fields": {"changed_date": "2016-03-23T12:58:54.186Z", "language": "en", "parent": null, "numchild": 0, "creation_date": "2016-03-14T18:57:13.678Z", "depth": 1, "position": 0, "path": "006I", "placeholder": 8, "plugin_type": "SpeLinkPluginPublisher"}, "model": "cms.cmsplugin", "pk": 278}, {"fields": {"changed_date": "2016-03-23T12:58:54.193Z", "language": "en", "parent": null, "numchild": 0, "creation_date": "2016-03-14T18:57:25.581Z", "depth": 1, "position": 1, "path": "006J", "placeholder": 8, "plugin_type": "SpeLinkPluginPublisher"}, "model": "cms.cmsplugin", "pk": 279}, {"fields": {"changed_date": "2016-03-23T12:58:54.202Z", "language": "en", "parent": null, "numchild": 0, "creation_date": "2016-03-14T18:57:35.998Z", "depth": 1, "position": 0, "path": "006K", "placeholder": 9, "plugin_type": "ShowTextWithClassPlugin"}, "model": "cms.cmsplugin", "pk": 280}, {"fields": {"changed_date": "2016-03-23T12:58:54.209Z", "language": "en", "parent": null, "numchild": 0, "creation_date": "2016-03-14T18:59:05.058Z", "depth": 1, "position": 1, "path": "006L", "placeholder": 9, "plugin_type": "SpeLinkPluginPublisher"}, "model": "cms.cmsplugin", "pk": 281}, {"fields": {"changed_date": "2016-03-23T17:19:01.101Z", "language": "en", "parent": null, "numchild": 0, "creation_date": "2016-03-23T13:38:05.756Z", "depth": 1, "position": 0, "path": "006M", "placeholder": 81, "plugin_type": "PollPlugin"}, "model": "cms.cmsplugin", "pk": 282}, {"fields": {"changed_date": "2016-03-23T17:17:19.677Z", "language": "en", "parent": null, "numchild": 0, "creation_date": "2016-03-23T13:40:18.329Z", "depth": 1, "position": 0, "path": "006N", "placeholder": 82, "plugin_type": "PollPlugin"}, "model": "cms.cmsplugin", "pk": 283}, {"fields": {"changed_date": "2016-03-23T19:27:20.921Z", "language": "en", "parent": null, "numchild": 0, "creation_date": "2016-03-15T19:19:09.759Z", "depth": 1, "position": 0, "path": "006O", "placeholder": 33, "plugin_type": "ShowTitlePlugin"}, "model": "cms.cmsplugin", "pk": 284}, {"fields": {"changed_date": "2016-03-23T19:27:20.926Z", "language": "en", "parent": null, "numchild": 0, "creation_date": "2016-03-15T19:28:23.202Z", "depth": 1, "position": 1, "path": "006P", "placeholder": 33, "plugin_type": "ShowArticlesPlugin"}, "model": "cms.cmsplugin", "pk": 285}, {"fields": {"changed_date": "2016-03-23T19:27:20.936Z", "language": "en", "parent": null, "numchild": 0, "creation_date": "2016-03-15T13:30:06.533Z", "depth": 1, "position": 1, "path": "006Q", "placeholder": 34, "plugin_type": "ShowIssuesByPublicationPlugin"}, "model": "cms.cmsplugin", "pk": 286}, {"fields": {"changed_date": "2016-03-23T19:27:20.941Z", "language": "en", "parent": null, "numchild": 0, "creation_date": "2016-03-14T20:17:33.648Z", "depth": 1, "position": 0, "path": "006R", "placeholder": 34, "plugin_type": "ShowTitlePlugin"}, "model": "cms.cmsplugin", "pk": 287}, {"fields": {"changed_date": "2016-03-23T19:27:20.945Z", "language": "en", "parent": null, "numchild": 0, "creation_date": "2016-03-15T18:45:14.103Z", "depth": 1, "position": 3, "path": "006S", "placeholder": 34, "plugin_type": "ShowAdSpeedZonePlugin"}, "model": "cms.cmsplugin", "pk": 288}, {"fields": {"changed_date": "2016-03-23T19:27:20.950Z", "language": "en", "parent": null, "numchild": 0, "creation_date": "2016-03-14T20:04:43.075Z", "depth": 1, "position": 2, "path": "006T", "placeholder": 34, "plugin_type": "ShowTextWithClassPlugin"}, "model": "cms.cmsplugin", "pk": 289}, {"fields": {"changed_date": "2016-03-23T19:27:20.959Z", "language": "en", "parent": null, "numchild": 0, "creation_date": "2016-03-14T20:18:03.009Z", "depth": 1, "position": 0, "path": "006U", "placeholder": 35, "plugin_type": "ShowTitlePlugin"}, "model": "cms.cmsplugin", "pk": 290}, {"fields": {"changed_date": "2016-03-23T19:27:20.963Z", "language": "en", "parent": null, "numchild": 0, "creation_date": "2016-03-14T20:18:26.084Z", "depth": 1, "position": 4, "path": "006V", "placeholder": 35, "plugin_type": "SpeLinkPluginPublisher"}, "model": "cms.cmsplugin", "pk": 291}, {"fields": {"changed_date": "2016-03-23T19:27:20.968Z", "language": "en", "parent": null, "numchild": 0, "creation_date": "2016-03-14T20:17:49.690Z", "depth": 1, "position": 3, "path": "006W", "placeholder": 35, "plugin_type": "SpeLinkPluginPublisher"}, "model": "cms.cmsplugin", "pk": 292}, {"fields": {"changed_date": "2016-03-23T19:27:20.973Z", "language": "en", "parent": null, "numchild": 0, "creation_date": "2016-03-15T19:00:45.136Z", "depth": 1, "position": 1, "path": "006X", "placeholder": 35, "plugin_type": "ShowArticlesListingPlugin"}, "model": "cms.cmsplugin", "pk": 293}, {"fields": {"changed_date": "2016-03-23T19:27:20.978Z", "language": "en", "parent": null, "numchild": 0, "creation_date": "2016-03-15T19:18:20.762Z", "depth": 1, "position": 2, "path": "006Y", "placeholder": 35, "plugin_type": "ShowAdSpeedZonePlugin"}, "model": "cms.cmsplugin", "pk": 294}, {"fields": {"changed_date": "2016-03-23T19:27:30.666Z", "language": "en", "parent": null, "numchild": 0, "creation_date": "2016-03-21T23:28:20.091Z", "depth": 1, "position": 1, "path": "006Z", "placeholder": 94, "plugin_type": "ShowArticleDetailPlugin"}, "model": "cms.cmsplugin", "pk": 295}, {"fields": {"changed_date": "2016-03-23T19:27:30.671Z", "language": "en", "parent": null, "numchild": 0, "creation_date": "2016-03-22T12:49:27.350Z", "depth": 1, "position": 2, "path": "0070", "placeholder": 94, "plugin_type": "ShowTitlePlugin"}, "model": "cms.cmsplugin", "pk": 296}, {"fields": {"changed_date": "2016-03-23T19:27:30.677Z", "language": "en", "parent": null, "numchild": 0, "creation_date": "2016-03-22T12:49:51.867Z", "depth": 1, "position": 3, "path": "0071", "placeholder": 94, "plugin_type": "ShowArticlesListingPlugin"}, "model": "cms.cmsplugin", "pk": 297}, {"fields": {"changed_date": "2016-03-23T19:27:30.683Z", "language": "en", "parent": null, "numchild": 0, "creation_date": "2016-03-23T13:38:05.756Z", "depth": 1, "position": 0, "path": "0072", "placeholder": 94, "plugin_type": "PollPlugin"}, "model": "cms.cmsplugin", "pk": 298}, {"fields": {"changed_date": "2016-03-23T19:27:30.692Z", "language": "en", "parent": null, "numchild": 0, "creation_date": "2016-03-22T12:01:21.349Z", "depth": 1, "position": 1, "path": "0073", "placeholder": 95, "plugin_type": "ShowTitlePlugin"}, "model": "cms.cmsplugin", "pk": 299}, {"fields": {"changed_date": "2016-03-23T19:27:30.697Z", "language": "en", "parent": null, "numchild": 0, "creation_date": "2016-03-22T12:01:53.059Z", "depth": 1, "position": 2, "path": "0074", "placeholder": 95, "plugin_type": "ShowIssuesByPublicationPlugin"}, "model": "cms.cmsplugin", "pk": 300}, {"fields": {"changed_date": "2016-03-23T19:27:30.702Z", "language": "en", "parent": null, "numchild": 0, "creation_date": "2016-03-22T12:03:51.424Z", "depth": 1, "position": 3, "path": "0075", "placeholder": 95, "plugin_type": "ShowAdSpeedZonePlugin"}, "model": "cms.cmsplugin", "pk": 301}, {"fields": {"changed_date": "2016-03-23T19:27:30.707Z", "language": "en", "parent": null, "numchild": 0, "creation_date": "2016-03-23T13:40:18.329Z", "depth": 1, "position": 0, "path": "0076", "placeholder": 95, "plugin_type": "PollPlugin"}, "model": "cms.cmsplugin", "pk": 302}, {"fields": {"changed_date": "2016-03-23T19:27:30.716Z", "language": "en", "parent": null, "numchild": 0, "creation_date": "2016-03-22T12:04:20.623Z", "depth": 1, "position": 0, "path": "0077", "placeholder": 96, "plugin_type": "ShowTitlePlugin"}, "model": "cms.cmsplugin", "pk": 303}, {"fields": {"changed_date": "2016-03-23T19:27:30.721Z", "language": "en", "parent": null, "numchild": 0, "creation_date": "2016-03-22T12:04:53.733Z", "depth": 1, "position": 1, "path": "0078", "placeholder": 96, "plugin_type": "ShowArticlesPlugin"}, "model": "cms.cmsplugin", "pk": 304}, {"fields": {"changed_date": "2016-03-23T19:27:30.729Z", "language": "en", "parent": null, "numchild": 0, "creation_date": "2016-03-22T12:05:12.822Z", "depth": 1, "position": 2, "path": "0079", "placeholder": 96, "plugin_type": "ShowAdSpeedZonePlugin"}, "model": "cms.cmsplugin", "pk": 305}, {"fields": {"changed_date": "2016-03-23T19:27:30.734Z", "language": "en", "parent": null, "numchild": 0, "creation_date": "2016-03-22T15:38:11.406Z", "depth": 1, "position": 4, "path": "007A", "placeholder": 96, "plugin_type": "ShowEventsByCurrentLocationPluginPlugin"}, "model": "cms.cmsplugin", "pk": 306}, {"fields": {"changed_date": "2016-03-23T19:27:30.744Z", "language": "en", "parent": null, "numchild": 0, "creation_date": "2016-03-23T11:11:45.423Z", "depth": 1, "position": 3, "path": "007B", "placeholder": 96, "plugin_type": "ShowTitlePlugin"}, "model": "cms.cmsplugin", "pk": 307}, {"fields": {"changed_date": "2016-03-23T19:28:28.562Z", "language": "en", "parent": null, "numchild": 0, "creation_date": "2016-03-23T19:28:18.631Z", "depth": 1, "position": 0, "path": "007D", "placeholder": 62, "plugin_type": "ShowTitlePlugin"}, "model": "cms.cmsplugin", "pk": 309}, {"fields": {"changed_date": "2016-03-23T19:28:55.646Z", "language": "en", "parent": null, "numchild": 0, "creation_date": "2016-03-23T19:28:42.551Z", "depth": 1, "position": 1, "path": "007E", "placeholder": 62, "plugin_type": "ShowIssuesByPublicationPlugin"}, "model": "cms.cmsplugin", "pk": 310}, {"fields": {"changed_date": "2016-03-23T19:29:08.286Z", "language": "en", "parent": null, "numchild": 0, "creation_date": "2016-03-21T16:24:03.689Z", "depth": 1, "position": 0, "path": "007F", "placeholder": 65, "plugin_type": "ShowIssuesByYearPlugin"}, "model": "cms.cmsplugin", "pk": 311}, {"fields": {"changed_date": "2016-03-23T19:29:08.293Z", "language": "en", "parent": null, "numchild": 0, "creation_date": "2016-03-23T19:28:18.631Z", "depth": 1, "position": 0, "path": "007G", "placeholder": 66, "plugin_type": "ShowTitlePlugin"}, "model": "cms.cmsplugin", "pk": 312}, {"fields": {"changed_date": "2016-03-23T19:29:08.298Z", "language": "en", "parent": null, "numchild": 0, "creation_date": "2016-03-23T19:28:42.551Z", "depth": 1, "position": 1, "path": "007H", "placeholder": 66, "plugin_type": "ShowIssuesByPublicationPlugin"}, "model": "cms.cmsplugin", "pk": 313}, {"fields": {"menu_title": null, "meta_description": null, "page_title": null, "language": "en", "title": "Home", "has_url_overwrite": false, "redirect": null, "publisher_is_draft": true, "page": 1, "published": true, "path": "", "publisher_state": 0, "creation_date": "2016-03-14T18:33:03.917Z", "slug": "home", "publisher_public": 2}, "model": "cms.title", "pk": 1}, {"fields": {"menu_title": null, "meta_description": null, "page_title": null, "language": "en", "title": "Home", "has_url_overwrite": false, "redirect": null, "publisher_is_draft": false, "page": 2, "published": true, "path": "", "publisher_state": 0, "creation_date": "2016-03-14T18:33:03.917Z", "slug": "home", "publisher_public": 1}, "model": "cms.title", "pk": 2}, {"fields": {"menu_title": "HOME", "meta_description": "", "page_title": "", "language": "en", "title": "OGF Home", "has_url_overwrite": false, "redirect": null, "publisher_is_draft": true, "page": 3, "published": true, "path": "ogf/ogf-home", "publisher_state": 0, "creation_date": "2016-03-14T20:04:06.886Z", "slug": "ogf-home", "publisher_public": 4}, "model": "cms.title", "pk": 3}, {"fields": {"menu_title": "", "meta_description": "", "page_title": "", "language": "en", "title": "OGF", "has_url_overwrite": false, "redirect": null, "publisher_is_draft": false, "page": 4, "published": true, "path": "ogf/ogf", "publisher_state": 0, "creation_date": "2016-03-14T20:04:06.886Z", "slug": "ogf", "publisher_public": 3}, "model": "cms.title", "pk": 4}, {"fields": {"menu_title": "PEOPLE", "meta_description": "", "page_title": "", "language": "en", "title": "People on the Move", "has_url_overwrite": false, "redirect": null, "publisher_is_draft": true, "page": 5, "published": true, "path": "ogf/people", "publisher_state": 0, "creation_date": "2016-03-14T20:04:06.886Z", "slug": "people", "publisher_public": 6}, "model": "cms.title", "pk": 5}, {"fields": {"menu_title": "PEOPLE", "meta_description": "", "page_title": "", "language": "en", "title": "People on the Move", "has_url_overwrite": false, "redirect": null, "publisher_is_draft": false, "page": 6, "published": true, "path": "ogf/people", "publisher_state": 0, "creation_date": "2016-03-14T20:04:06.886Z", "slug": "people", "publisher_public": 5}, "model": "cms.title", "pk": 6}, {"fields": {"menu_title": "", "meta_description": "", "page_title": "", "language": "en", "title": "ISSUES", "has_url_overwrite": false, "redirect": null, "publisher_is_draft": true, "page": 12, "published": true, "path": "ogf/issues", "publisher_state": 0, "creation_date": "2016-03-21T16:23:40.898Z", "slug": "issues", "publisher_public": 13}, "model": "cms.title", "pk": 12}, {"fields": {"menu_title": "", "meta_description": "", "page_title": "", "language": "en", "title": "ISSUES", "has_url_overwrite": false, "redirect": null, "publisher_is_draft": false, "page": 13, "published": true, "path": "ogf/issues", "publisher_state": 0, "creation_date": "2016-03-21T16:23:40.898Z", "slug": "issues", "publisher_public": 12}, "model": "cms.title", "pk": 13}, {"fields": {"menu_title": "", "meta_description": "", "page_title": "", "language": "en", "title": "OGF Article Detail", "has_url_overwrite": false, "redirect": "", "publisher_is_draft": true, "page": 17, "published": true, "path": "ogf/ogf-article-detail", "publisher_state": 0, "creation_date": "2016-03-21T23:26:17.771Z", "slug": "ogf-article-detail", "publisher_public": 20}, "model": "cms.title", "pk": 17}, {"fields": {"menu_title": "", "meta_description": "", "page_title": "", "language": "en", "title": "OGF SITE", "has_url_overwrite": false, "redirect": null, "publisher_is_draft": true, "page": 18, "published": true, "path": "ogf", "publisher_state": 0, "creation_date": "2016-03-22T13:54:07.447Z", "slug": "ogf", "publisher_public": 19}, "model": "cms.title", "pk": 18}, {"fields": {"menu_title": "", "meta_description": "", "page_title": "", "language": "en", "title": "OGF SITE", "has_url_overwrite": false, "redirect": null, "publisher_is_draft": false, "page": 19, "published": true, "path": "ogf", "publisher_state": 0, "creation_date": "2016-03-22T13:54:07.447Z", "slug": "ogf", "publisher_public": 18}, "model": "cms.title", "pk": 19}, {"fields": {"menu_title": "", "meta_description": "", "page_title": "", "language": "en", "title": "OGF Article Detail", "has_url_overwrite": false, "redirect": "", "publisher_is_draft": false, "page": 20, "published": true, "path": "ogf/ogf-article-detail", "publisher_state": 0, "creation_date": "2016-03-21T23:26:17.771Z", "slug": "ogf-article-detail", "publisher_public": 17}, "model": "cms.title", "pk": 20}, {"fields": {"revision": "37d96d58-d21f-40d1-9a02-6520bf394927"}, "model": "cms.urlconfrevision", "pk": 1}, {"fields": {"key": "menu_cache_menu_nodes_en_1_3_user", "site": 1, "language": "en"}, "model": "menus.cachekey", "pk": 10}, {"fields": {"format": "json", "object_repr": "132", "object_id": "132", "content_type": 15, "object_id_int": 132, "serialized_data": "[{\"fields\": {\"changed_date\": \"2016-03-16T13:07:44.072Z\", \"language\": \"en\", \"parent\": null, \"numchild\": 0, \"creation_date\": \"2016-03-16T12:47:40.258Z\", \"depth\": 1, \"position\": 0, \"path\": \"0041\", \"placeholder\": 18, \"plugin_type\": \"ShowArticlesListingPlugin\"}, \"model\": \"cms.cmsplugin\", \"pk\": 132}]", "revision": 1}, "model": "reversion.version", "pk": 1}, {"fields": {"format": "json", "object_repr": "HOME", "object_id": "3", "content_type": 2, "object_id_int": 3, "serialized_data": "[{\"fields\": {\"navigation_extenders\": null, \"site\": 1, \"application_namespace\": null, \"path\": \"00030001\", \"in_navigation\": true, \"reverse_id\": null, \"login_required\": false, \"created_by\": \"jtoony\", \"languages\": \"en\", \"publication_end_date\": null, \"template\": \"ogf_home.html\", \"placeholders\": [10, 11, 12, 13, 18, 21], \"changed_date\": \"2016-03-23T19:26:51.992Z\", \"limit_visibility_in_menu\": null, \"parent\": 18, \"numchild\": 0, \"soft_root\": false, \"is_home\": false, \"publication_date\": \"2016-03-14T20:07:24.226Z\", \"creation_date\": \"2016-03-14T20:04:06.846Z\", \"application_urls\": null, \"changed_by\": \"jboden\", \"xframe_options\": 0, \"depth\": 2, \"revision_id\": 0}, \"model\": \"cms.page\", \"pk\": 3}]", "revision": 1}, "model": "reversion.version", "pk": 2}, {"fields": {"format": "json", "object_repr": "(1 - 5) by Most Read personalized using Carousel", "object_id": "132", "content_type": 80, "object_id_int": 132, "serialized_data": "[{\"fields\": {\"discipline\": null, \"category\": null, \"cnt\": 5, \"order_by\": \"-article_hits\", \"publication\": null, \"starting_with\": 1, \"template\": \"spe_blog/plugins/carousel.html\", \"all_url\": \"\", \"all_text\": \"\", \"personalized\": true}, \"model\": \"spe_blog.articleslistingplugin\", \"pk\": 132}]", "revision": 1}, "model": "reversion.version", "pk": 3}, {"fields": {"format": "json", "object_repr": "notice", "object_id": "10", "content_type": 1, "object_id_int": 10, "serialized_data": "[{\"fields\": {\"slot\": \"notice\", \"default_width\": null}, \"model\": \"cms.placeholder\", \"pk\": 10}]", "revision": 1}, "model": "reversion.version", "pk": 4}, {"fields": {"format": "json", "object_repr": "content", "object_id": "11", "content_type": 1, "object_id_int": 11, "serialized_data": "[{\"fields\": {\"slot\": \"content\", \"default_width\": null}, \"model\": \"cms.placeholder\", \"pk\": 11}]", "revision": 1}, "model": "reversion.version", "pk": 5}, {"fields": {"format": "json", "object_repr": "aside", "object_id": "12", "content_type": 1, "object_id_int": 12, "serialized_data": "[{\"fields\": {\"slot\": \"aside\", \"default_width\": null}, \"model\": \"cms.placeholder\", \"pk\": 12}]", "revision": 1}, "model": "reversion.version", "pk": 6}, {"fields": {"format": "json", "object_repr": "additional-content", "object_id": "13", "content_type": 1, "object_id_int": 13, "serialized_data": "[{\"fields\": {\"slot\": \"additional-content\", \"default_width\": null}, \"model\": \"cms.placeholder\", \"pk\": 13}]", "revision": 1}, "model": "reversion.version", "pk": 7}, {"fields": {"format": "json", "object_repr": " - THIS IS AN ALERT! Which is good, becasue we nee", "object_id": "15", "content_type": 48, "object_id_int": 15, "serialized_data": "[{\"fields\": {\"txt\": \"<p>THIS IS AN ALERT! Which is good, becasue we need all the Lerts we can get.</p>\\r\\n\", \"cls\": \"tile-alert\"}, \"model\": \"mainsite.textwithclass\", \"pk\": 15}]", "revision": 1}, "model": "reversion.version", "pk": 8}, {"fields": {"format": "json", "object_repr": "17", "object_id": "17", "content_type": 15, "object_id_int": 17, "serialized_data": "[{\"fields\": {\"changed_date\": \"2016-03-15T19:23:10.490Z\", \"language\": \"en\", \"parent\": null, \"numchild\": 0, \"creation_date\": \"2016-03-14T20:06:11.065Z\", \"depth\": 1, \"position\": 1, \"path\": \"000H\", \"placeholder\": 11, \"plugin_type\": \"ShowArticlesListingPlugin\"}, \"model\": \"cms.cmsplugin\", \"pk\": 17}]", "revision": 1}, "model": "reversion.version", "pk": 9}, {"fields": {"format": "json", "object_repr": "18", "object_id": "18", "content_type": 15, "object_id_int": 18, "serialized_data": "[{\"fields\": {\"changed_date\": \"2016-03-15T19:23:10.484Z\", \"language\": \"en\", \"parent\": null, \"numchild\": 0, \"creation_date\": \"2016-03-14T20:07:04.998Z\", \"depth\": 1, \"position\": 0, \"path\": \"000I\", \"placeholder\": 11, \"plugin_type\": \"ShowTitlePlugin\"}, \"model\": \"cms.cmsplugin\", \"pk\": 18}]", "revision": 1}, "model": "reversion.version", "pk": 10}, {"fields": {"format": "json", "object_repr": "Most Read (article-six, article-three, article-two)", "object_id": "107", "content_type": 77, "object_id_int": 107, "serialized_data": "[{\"fields\": {\"all_url\": null, \"all_text\": null, \"order_by\": \"-article_hits\", \"template\": \"spe_blog/plugins/image_left.html\", \"articles\": [6, 3, 2]}, \"model\": \"spe_blog.articlesplugin\", \"pk\": 107}]", "revision": 1}, "model": "reversion.version", "pk": 11}, {"fields": {"format": "json", "object_repr": "editorial", "object_id": "21", "content_type": 1, "object_id_int": 21, "serialized_data": "[{\"fields\": {\"slot\": \"editorial\", \"default_width\": null}, \"model\": \"cms.placeholder\", \"pk\": 21}]", "revision": 1}, "model": "reversion.version", "pk": 12}, {"fields": {"format": "json", "object_repr": "23", "object_id": "23", "content_type": 15, "object_id_int": 23, "serialized_data": "[{\"fields\": {\"changed_date\": \"2016-03-15T18:59:52.628Z\", \"language\": \"en\", \"parent\": null, \"numchild\": 0, \"creation_date\": \"2016-03-14T20:17:33.648Z\", \"depth\": 1, \"position\": 0, \"path\": \"001K\", \"placeholder\": 12, \"plugin_type\": \"ShowTitlePlugin\"}, \"model\": \"cms.cmsplugin\", \"pk\": 23}]", "revision": 1}, "model": "reversion.version", "pk": 13}, {"fields": {"format": "json", "object_repr": "25", "object_id": "25", "content_type": 15, "object_id_int": 25, "serialized_data": "[{\"fields\": {\"changed_date\": \"2016-03-15T19:18:32.539Z\", \"language\": \"en\", \"parent\": null, \"numchild\": 0, \"creation_date\": \"2016-03-14T20:18:03.009Z\", \"depth\": 1, \"position\": 0, \"path\": \"000P\", \"placeholder\": 13, \"plugin_type\": \"ShowTitlePlugin\"}, \"model\": \"cms.cmsplugin\", \"pk\": 25}]", "revision": 1}, "model": "reversion.version", "pk": 14}, {"fields": {"format": "json", "object_repr": "feature", "object_id": "18", "content_type": 1, "object_id_int": 18, "serialized_data": "[{\"fields\": {\"slot\": \"feature\", \"default_width\": null}, \"model\": \"cms.placeholder\", \"pk\": 18}]", "revision": 1}, "model": "reversion.version", "pk": 15}, {"fields": {"format": "json", "object_repr": "35", "object_id": "35", "content_type": 15, "object_id_int": 35, "serialized_data": "[{\"fields\": {\"changed_date\": \"2016-03-15T19:23:10.497Z\", \"language\": \"en\", \"parent\": null, \"numchild\": 0, \"creation_date\": \"2016-03-14T20:43:59.758Z\", \"depth\": 1, \"position\": 2, \"path\": \"000Z\", \"placeholder\": 11, \"plugin_type\": \"ShowTitlePlugin\"}, \"model\": \"cms.cmsplugin\", \"pk\": 35}]", "revision": 1}, "model": "reversion.version", "pk": 16}, {"fields": {"format": "json", "object_repr": "42", "object_id": "42", "content_type": 15, "object_id_int": 42, "serialized_data": "[{\"fields\": {\"changed_date\": \"2016-03-15T18:59:52.634Z\", \"language\": \"en\", \"parent\": null, \"numchild\": 0, \"creation_date\": \"2016-03-15T13:30:06.533Z\", \"depth\": 1, \"position\": 1, \"path\": \"001J\", \"placeholder\": 12, \"plugin_type\": \"ShowIssuesByPublicationPlugin\"}, \"model\": \"cms.cmsplugin\", \"pk\": 42}]", "revision": 1}, "model": "reversion.version", "pk": 17}, {"fields": {"format": "json", "object_repr": "AdSpeed Zone:79087 display 1 Ads", "object_id": "99", "content_type": 45, "object_id_int": 99, "serialized_data": "[{\"fields\": {\"aid\": null, \"zid\": 79087, \"num\": 1, \"show_errors\": false}, \"model\": \"mainsite.adspeedzoneplugin\", \"pk\": 99}]", "revision": 1}, "model": "reversion.version", "pk": 18}, {"fields": {"format": "json", "object_repr": "CURRENT ISSUE", "object_id": "23", "content_type": 46, "object_id_int": 23, "serialized_data": "[{\"fields\": {\"title\": \"CURRENT ISSUE\"}, \"model\": \"mainsite.titlebarplugin\", \"pk\": 23}]", "revision": 1}, "model": "reversion.version", "pk": 19}, {"fields": {"format": "json", "object_repr": "AdSpeed Zone:79087 display 1 Ads", "object_id": "95", "content_type": 45, "object_id_int": 95, "serialized_data": "[{\"fields\": {\"aid\": null, \"zid\": 79087, \"num\": 1, \"show_errors\": false}, \"model\": \"mainsite.adspeedzoneplugin\", \"pk\": 95}]", "revision": 1}, "model": "reversion.version", "pk": 20}, {"fields": {"format": "json", "object_repr": "(3 - 5) by Most Recent personalized using Image with text below", "object_id": "96", "content_type": 80, "object_id_int": 96, "serialized_data": "[{\"fields\": {\"discipline\": null, \"category\": null, \"cnt\": 3, \"order_by\": \"-date\", \"publication\": null, \"starting_with\": 3, \"template\": \"spe_blog/plugins/picture_with_text_below.html\", \"all_url\": \"\", \"all_text\": \"\", \"personalized\": true}, \"model\": \"spe_blog.articleslistingplugin\", \"pk\": 96}]", "revision": 1}, "model": "reversion.version", "pk": 21}, {"fields": {"format": "json", "object_repr": "75", "object_id": "75", "content_type": 15, "object_id_int": 75, "serialized_data": "[{\"fields\": {\"changed_date\": \"2016-03-15T17:49:18.638Z\", \"language\": \"en\", \"parent\": null, \"numchild\": 0, \"creation_date\": \"2016-03-15T17:49:09.023Z\", \"depth\": 1, \"position\": 0, \"path\": \"001N\", \"placeholder\": 21, \"plugin_type\": \"ShowEditorialPlugin\"}, \"model\": \"cms.cmsplugin\", \"pk\": 75}]", "revision": 1}, "model": "reversion.version", "pk": 22}, {"fields": {"format": "json", "object_repr": "(4 - 7) by Most Recent personalized using Image with text below", "object_id": "97", "content_type": 80, "object_id_int": 97, "serialized_data": "[{\"fields\": {\"discipline\": null, \"category\": null, \"cnt\": 4, \"order_by\": \"-date\", \"publication\": null, \"starting_with\": 4, \"template\": \"spe_blog/plugins/picture_with_text_below.html\", \"all_url\": \"\", \"all_text\": \"\", \"personalized\": true}, \"model\": \"spe_blog.articleslistingplugin\", \"pk\": 97}]", "revision": 1}, "model": "reversion.version", "pk": 23}, {"fields": {"format": "json", "object_repr": "Editorial Plugin", "object_id": "75", "content_type": 79, "object_id_int": 75, "serialized_data": "[{\"fields\": {\"lnk\": \"http://www.spe.org\", \"template\": \"spe_blog/plugins/editorial.html\", \"editorial\": [1]}, \"model\": \"spe_blog.editorialplugin\", \"pk\": 75}]", "revision": 1}, "model": "reversion.version", "pk": 24}, {"fields": {"format": "json", "object_repr": "(5 - 9) by Most Recent personalized using Image with text below full width", "object_id": "98", "content_type": 80, "object_id_int": 98, "serialized_data": "[{\"fields\": {\"discipline\": null, \"category\": null, \"cnt\": 5, \"order_by\": \"-date\", \"publication\": null, \"starting_with\": 5, \"template\": \"spe_blog/plugins/picture_with_text_below_full.html\", \"all_url\": \"\", \"all_text\": \"\", \"personalized\": true}, \"model\": \"spe_blog.articleslistingplugin\", \"pk\": 98}]", "revision": 1}, "model": "reversion.version", "pk": 25}, {"fields": {"format": "json", "object_repr": "TECHNOLOGY MARKETPLACE", "object_id": "35", "content_type": 46, "object_id_int": 35, "serialized_data": "[{\"fields\": {\"title\": \"TECHNOLOGY MARKETPLACE\"}, \"model\": \"mainsite.titlebarplugin\", \"pk\": 35}]", "revision": 1}, "model": "reversion.version", "pk": 26}, {"fields": {"format": "json", "object_repr": "ON THE MOVE", "object_id": "100", "content_type": 46, "object_id_int": 100, "serialized_data": "[{\"fields\": {\"title\": \"ON THE MOVE\"}, \"model\": \"mainsite.titlebarplugin\", \"pk\": 100}]", "revision": 1}, "model": "reversion.version", "pk": 27}, {"fields": {"format": "json", "object_repr": "15", "object_id": "15", "content_type": 15, "object_id_int": 15, "serialized_data": "[{\"fields\": {\"changed_date\": \"2016-03-15T18:59:52.652Z\", \"language\": \"en\", \"parent\": null, \"numchild\": 0, \"creation_date\": \"2016-03-14T20:04:43.075Z\", \"depth\": 1, \"position\": 2, \"path\": \"0027\", \"placeholder\": 12, \"plugin_type\": \"ShowTextWithClassPlugin\"}, \"model\": \"cms.cmsplugin\", \"pk\": 15}]", "revision": 1}, "model": "reversion.version", "pk": 28}, {"fields": {"format": "json", "object_repr": "95", "object_id": "95", "content_type": 15, "object_id_int": 95, "serialized_data": "[{\"fields\": {\"changed_date\": \"2016-03-15T18:59:52.640Z\", \"language\": \"en\", \"parent\": null, \"numchild\": 0, \"creation_date\": \"2016-03-15T18:45:14.103Z\", \"depth\": 1, \"position\": 3, \"path\": \"0022\", \"placeholder\": 12, \"plugin_type\": \"ShowAdSpeedZonePlugin\"}, \"model\": \"cms.cmsplugin\", \"pk\": 95}]", "revision": 1}, "model": "reversion.version", "pk": 29}, {"fields": {"format": "json", "object_repr": "96", "object_id": "96", "content_type": 15, "object_id_int": 96, "serialized_data": "[{\"fields\": {\"changed_date\": \"2016-03-15T20:53:17.212Z\", \"language\": \"en\", \"parent\": null, \"numchild\": 0, \"creation_date\": \"2016-03-15T18:54:09.285Z\", \"depth\": 1, \"position\": 3, \"path\": \"0025\", \"placeholder\": 11, \"plugin_type\": \"ShowArticlesListingPlugin\"}, \"model\": \"cms.cmsplugin\", \"pk\": 96}]", "revision": 1}, "model": "reversion.version", "pk": 30}, {"fields": {"format": "json", "object_repr": "97", "object_id": "97", "content_type": 15, "object_id_int": 97, "serialized_data": "[{\"fields\": {\"changed_date\": \"2016-03-15T20:53:17.216Z\", \"language\": \"en\", \"parent\": null, \"numchild\": 0, \"creation_date\": \"2016-03-15T18:57:12.314Z\", \"depth\": 1, \"position\": 4, \"path\": \"0026\", \"placeholder\": 11, \"plugin_type\": \"ShowArticlesListingPlugin\"}, \"model\": \"cms.cmsplugin\", \"pk\": 97}]", "revision": 1}, "model": "reversion.version", "pk": 31}, {"fields": {"format": "json", "object_repr": "98", "object_id": "98", "content_type": 15, "object_id_int": 98, "serialized_data": "[{\"fields\": {\"changed_date\": \"2016-03-15T19:18:32.549Z\", \"language\": \"en\", \"parent\": null, \"numchild\": 0, \"creation_date\": \"2016-03-15T19:00:45.136Z\", \"depth\": 1, \"position\": 1, \"path\": \"0029\", \"placeholder\": 13, \"plugin_type\": \"ShowArticlesListingPlugin\"}, \"model\": \"cms.cmsplugin\", \"pk\": 98}]", "revision": 1}, "model": "reversion.version", "pk": 32}, {"fields": {"format": "json", "object_repr": "99", "object_id": "99", "content_type": 15, "object_id_int": 99, "serialized_data": "[{\"fields\": {\"changed_date\": \"2016-03-15T19:18:32.568Z\", \"language\": \"en\", \"parent\": null, \"numchild\": 0, \"creation_date\": \"2016-03-15T19:18:20.762Z\", \"depth\": 1, \"position\": 2, \"path\": \"002A\", \"placeholder\": 13, \"plugin_type\": \"ShowAdSpeedZonePlugin\"}, \"model\": \"cms.cmsplugin\", \"pk\": 99}]", "revision": 1}, "model": "reversion.version", "pk": 33}, {"fields": {"format": "json", "object_repr": "100", "object_id": "100", "content_type": 15, "object_id_int": 100, "serialized_data": "[{\"fields\": {\"changed_date\": \"2016-03-15T20:53:17.225Z\", \"language\": \"en\", \"parent\": null, \"numchild\": 0, \"creation_date\": \"2016-03-15T19:19:09.759Z\", \"depth\": 1, \"position\": 6, \"path\": \"002B\", \"placeholder\": 11, \"plugin_type\": \"ShowTitlePlugin\"}, \"model\": \"cms.cmsplugin\", \"pk\": 100}]", "revision": 1}, "model": "reversion.version", "pk": 34}, {"fields": {"format": "json", "object_repr": "(5 - 9) by Most Recent personalized using Image with text below full width", "object_id": "102", "content_type": 80, "object_id_int": 102, "serialized_data": "[{\"fields\": {\"discipline\": null, \"category\": null, \"cnt\": 5, \"order_by\": \"-date\", \"publication\": null, \"starting_with\": 5, \"template\": \"spe_blog/plugins/picture_with_text_below_full.html\", \"all_url\": \"\", \"all_text\": \"\", \"personalized\": true}, \"model\": \"spe_blog.articleslistingplugin\", \"pk\": 102}]", "revision": 1}, "model": "reversion.version", "pk": 35}, {"fields": {"format": "json", "object_repr": "102", "object_id": "102", "content_type": 15, "object_id_int": 102, "serialized_data": "[{\"fields\": {\"changed_date\": \"2016-03-15T20:53:17.221Z\", \"language\": \"en\", \"parent\": null, \"numchild\": 0, \"creation_date\": \"2016-03-15T19:20:51.737Z\", \"depth\": 1, \"position\": 5, \"path\": \"002E\", \"placeholder\": 11, \"plugin_type\": \"ShowArticlesListingPlugin\"}, \"model\": \"cms.cmsplugin\", \"pk\": 102}]", "revision": 1}, "model": "reversion.version", "pk": 36}, {"fields": {"format": "json", "object_repr": "(2 - 6) by Most Recent personalized using Image with text below", "object_id": "17", "content_type": 80, "object_id_int": 17, "serialized_data": "[{\"fields\": {\"discipline\": null, \"category\": null, \"cnt\": 5, \"order_by\": \"-date\", \"publication\": null, \"starting_with\": 2, \"template\": \"spe_blog/plugins/picture_with_text_below.html\", \"all_url\": \"\", \"all_text\": \"\", \"personalized\": true}, \"model\": \"spe_blog.articleslistingplugin\", \"pk\": 17}]", "revision": 1}, "model": "reversion.version", "pk": 37}, {"fields": {"format": "json", "object_repr": "Most Recent (article-five, article-one, article-three, article-two)", "object_id": "105", "content_type": 77, "object_id_int": 105, "serialized_data": "[{\"fields\": {\"all_url\": null, \"all_text\": null, \"order_by\": \"-date\", \"template\": \"spe_blog/plugins/person_of_interest.html\", \"articles\": [5, 1, 3, 2]}, \"model\": \"spe_blog.articlesplugin\", \"pk\": 105}]", "revision": 1}, "model": "reversion.version", "pk": 38}, {"fields": {"format": "json", "object_repr": "PEER-REVIEWED PAPERS", "object_id": "106", "content_type": 46, "object_id_int": 106, "serialized_data": "[{\"fields\": {\"title\": \"PEER-REVIEWED PAPERS\"}, \"model\": \"mainsite.titlebarplugin\", \"pk\": 106}]", "revision": 1}, "model": "reversion.version", "pk": 39}, {"fields": {"format": "json", "object_repr": "107", "object_id": "107", "content_type": 15, "object_id_int": 107, "serialized_data": "[{\"fields\": {\"changed_date\": \"2016-03-15T20:53:17.238Z\", \"language\": \"en\", \"parent\": null, \"numchild\": 0, \"creation_date\": \"2016-03-15T20:46:44.740Z\", \"depth\": 1, \"position\": 9, \"path\": \"002H\", \"placeholder\": 11, \"plugin_type\": \"ShowArticlesPlugin\"}, \"model\": \"cms.cmsplugin\", \"pk\": 107}]", "revision": 1}, "model": "reversion.version", "pk": 40}, {"fields": {"format": "json", "object_repr": "IN FOCUS", "object_id": "18", "content_type": 46, "object_id_int": 18, "serialized_data": "[{\"fields\": {\"title\": \"IN FOCUS\"}, \"model\": \"mainsite.titlebarplugin\", \"pk\": 18}]", "revision": 1}, "model": "reversion.version", "pk": 41}, {"fields": {"format": "json", "object_repr": " - Oil and Gas Facilities - 1 issues, starting with the newest using Subscribe & read issue", "object_id": "42", "content_type": 81, "object_id_int": 42, "serialized_data": "[{\"fields\": {\"cnt\": 1, \"publication\": \"OGF\", \"starting_with\": 1, \"all_url\": \"\", \"template\": \"spe_blog/plugins/issue_sidebar.html\", \"active\": true, \"all_text\": \"\"}, \"model\": \"spe_blog.issuesbypublicationplugin\", \"pk\": 42}]", "revision": 1}, "model": "reversion.version", "pk": 42}, {"fields": {"format": "json", "object_repr": "CALENDAR", "object_id": "25", "content_type": 46, "object_id_int": 25, "serialized_data": "[{\"fields\": {\"title\": \"CALENDAR\"}, \"model\": \"mainsite.titlebarplugin\", \"pk\": 25}]", "revision": 1}, "model": "reversion.version", "pk": 43}, {"fields": {"format": "json", "object_repr": "105", "object_id": "105", "content_type": 15, "object_id_int": 105, "serialized_data": "[{\"fields\": {\"changed_date\": \"2016-03-15T20:53:17.230Z\", \"language\": \"en\", \"parent\": null, \"numchild\": 0, \"creation_date\": \"2016-03-15T19:28:23.202Z\", \"depth\": 1, \"position\": 7, \"path\": \"002F\", \"placeholder\": 11, \"plugin_type\": \"ShowArticlesPlugin\"}, \"model\": \"cms.cmsplugin\", \"pk\": 105}]", "revision": 1}, "model": "reversion.version", "pk": 44}, {"fields": {"format": "json", "object_repr": "106", "object_id": "106", "content_type": 15, "object_id_int": 106, "serialized_data": "[{\"fields\": {\"changed_date\": \"2016-03-15T20:53:17.234Z\", \"language\": \"en\", \"parent\": null, \"numchild\": 0, \"creation_date\": \"2016-03-15T20:46:15.837Z\", \"depth\": 1, \"position\": 8, \"path\": \"002G\", \"placeholder\": 11, \"plugin_type\": \"ShowTitlePlugin\"}, \"model\": \"cms.cmsplugin\", \"pk\": 106}]", "revision": 1}, "model": "reversion.version", "pk": 45}, {"fields": {"format": "json", "object_repr": "OGF Home (ogf-home, en)", "object_id": "3", "content_type": 16, "object_id_int": 3, "serialized_data": "[{\"fields\": {\"menu_title\": \"HOME\", \"meta_description\": \"\", \"page_title\": \"\", \"language\": \"en\", \"title\": \"OGF Home\", \"has_url_overwrite\": false, \"redirect\": null, \"page\": 3, \"published\": true, \"path\": \"ogf/ogf-home\", \"creation_date\": \"2016-03-14T20:04:06.886Z\", \"slug\": \"ogf-home\"}, \"model\": \"cms.title\", \"pk\": 3}]", "revision": 1}, "model": "reversion.version", "pk": 46}, {"fields": {"format": "json", "object_repr": "OGF SITE (ogf, en)", "object_id": "18", "content_type": 16, "object_id_int": 18, "serialized_data": "[{\"fields\": {\"menu_title\": \"\", \"meta_description\": \"\", \"page_title\": \"\", \"language\": \"en\", \"title\": \"OGF SITE\", \"has_url_overwrite\": false, \"redirect\": null, \"page\": 18, \"published\": true, \"path\": \"ogf\", \"creation_date\": \"2016-03-22T13:54:07.447Z\", \"slug\": \"ogf\"}, \"model\": \"cms.title\", \"pk\": 18}]", "revision": 2}, "model": "reversion.version", "pk": 47}, {"fields": {"format": "json", "object_repr": "OGF SITE", "object_id": "18", "content_type": 2, "object_id_int": 18, "serialized_data": "[{\"fields\": {\"navigation_extenders\": null, \"site\": 1, \"application_namespace\": null, \"path\": \"0003\", \"in_navigation\": false, \"reverse_id\": null, \"login_required\": false, \"created_by\": \"jtoony\", \"languages\": \"en\", \"publication_end_date\": null, \"template\": \"www_3col.html\", \"placeholders\": [84, 85, 86, 87], \"changed_date\": \"2016-03-23T19:27:07.166Z\", \"limit_visibility_in_menu\": null, \"parent\": null, \"numchild\": 4, \"soft_root\": false, \"is_home\": false, \"publication_date\": \"2016-03-23T19:27:07.057Z\", \"creation_date\": \"2016-03-22T13:54:07.399Z\", \"application_urls\": null, \"changed_by\": \"jboden\", \"xframe_options\": 0, \"depth\": 1, \"revision_id\": 0}, \"model\": \"cms.page\", \"pk\": 18}]", "revision": 2}, "model": "reversion.version", "pk": 48}, {"fields": {"format": "json", "object_repr": "notice", "object_id": "84", "content_type": 1, "object_id_int": 84, "serialized_data": "[{\"fields\": {\"slot\": \"notice\", \"default_width\": null}, \"model\": \"cms.placeholder\", \"pk\": 84}]", "revision": 2}, "model": "reversion.version", "pk": 49}, {"fields": {"format": "json", "object_repr": "content", "object_id": "85", "content_type": 1, "object_id_int": 85, "serialized_data": "[{\"fields\": {\"slot\": \"content\", \"default_width\": null}, \"model\": \"cms.placeholder\", \"pk\": 85}]", "revision": 2}, "model": "reversion.version", "pk": 50}, {"fields": {"format": "json", "object_repr": "aside", "object_id": "86", "content_type": 1, "object_id_int": 86, "serialized_data": "[{\"fields\": {\"slot\": \"aside\", \"default_width\": null}, \"model\": \"cms.placeholder\", \"pk\": 86}]", "revision": 2}, "model": "reversion.version", "pk": 51}, {"fields": {"format": "json", "object_repr": "additional-content", "object_id": "87", "content_type": 1, "object_id_int": 87, "serialized_data": "[{\"fields\": {\"slot\": \"additional-content\", \"default_width\": null}, \"model\": \"cms.placeholder\", \"pk\": 87}]", "revision": 2}, "model": "reversion.version", "pk": 52}, {"fields": {"format": "json", "object_repr": "(5 - 9) by Most Recent personalized using Image with text below full width", "object_id": "179", "content_type": 80, "object_id_int": 179, "serialized_data": "[{\"fields\": {\"discipline\": null, \"category\": null, \"cnt\": 5, \"order_by\": \"-date\", \"publication\": null, \"starting_with\": 5, \"template\": \"spe_blog/plugins/picture_with_text_below_full.html\", \"all_url\": \"\", \"all_text\": \"\", \"personalized\": true}, \"model\": \"spe_blog.articleslistingplugin\", \"pk\": 179}]", "revision": 3}, "model": "reversion.version", "pk": 53}, {"fields": {"format": "json", "object_repr": "PEOPLE", "object_id": "5", "content_type": 2, "object_id_int": 5, "serialized_data": "[{\"fields\": {\"navigation_extenders\": null, \"site\": 1, \"application_namespace\": null, \"path\": \"00030002\", \"in_navigation\": true, \"reverse_id\": null, \"login_required\": false, \"created_by\": \"jtoony\", \"languages\": \"en\", \"publication_end_date\": null, \"template\": \"ogf_subpage.html\", \"placeholders\": [26, 27, 28, 29, 30, 31], \"changed_date\": \"2016-03-23T19:27:20.995Z\", \"limit_visibility_in_menu\": null, \"parent\": 18, \"numchild\": 0, \"soft_root\": false, \"is_home\": false, \"publication_date\": \"2016-03-14T20:07:24.226Z\", \"creation_date\": \"2016-03-16T15:51:35.554Z\", \"application_urls\": null, \"changed_by\": \"jboden\", \"xframe_options\": 0, \"depth\": 2, \"revision_id\": 0}, \"model\": \"cms.page\", \"pk\": 5}]", "revision": 3}, "model": "reversion.version", "pk": 54}, {"fields": {"format": "json", "object_repr": "172", "object_id": "172", "content_type": 15, "object_id_int": 172, "serialized_data": "[{\"fields\": {\"changed_date\": \"2016-03-16T15:51:35.707Z\", \"language\": \"en\", \"parent\": null, \"numchild\": 0, \"creation_date\": \"2016-03-15T13:30:06.533Z\", \"depth\": 1, \"position\": 1, \"path\": \"004C\", \"placeholder\": 30, \"plugin_type\": \"ShowIssuesByPublicationPlugin\"}, \"model\": \"cms.cmsplugin\", \"pk\": 172}]", "revision": 3}, "model": "reversion.version", "pk": 55}, {"fields": {"format": "json", "object_repr": "People on the Move (people, en)", "object_id": "5", "content_type": 16, "object_id_int": 5, "serialized_data": "[{\"fields\": {\"menu_title\": \"PEOPLE\", \"meta_description\": \"\", \"page_title\": \"\", \"language\": \"en\", \"title\": \"People on the Move\", \"has_url_overwrite\": false, \"redirect\": null, \"page\": 5, \"published\": true, \"path\": \"ogf/people\", \"creation_date\": \"2016-03-14T20:04:06.886Z\", \"slug\": \"people\"}, \"model\": \"cms.title\", \"pk\": 5}]", "revision": 3}, "model": "reversion.version", "pk": 56}, {"fields": {"format": "json", "object_repr": "CURRENT ISSUE", "object_id": "173", "content_type": 46, "object_id_int": 173, "serialized_data": "[{\"fields\": {\"title\": \"CURRENT ISSUE\"}, \"model\": \"mainsite.titlebarplugin\", \"pk\": 173}]", "revision": 3}, "model": "reversion.version", "pk": 57}, {"fields": {"format": "json", "object_repr": "AdSpeed Zone:79087 display 1 Ads", "object_id": "174", "content_type": 45, "object_id_int": 174, "serialized_data": "[{\"fields\": {\"aid\": null, \"zid\": 79087, \"num\": 1, \"show_errors\": false}, \"model\": \"mainsite.adspeedzoneplugin\", \"pk\": 174}]", "revision": 3}, "model": "reversion.version", "pk": 58}, {"fields": {"format": "json", "object_repr": "feature", "object_id": "26", "content_type": 1, "object_id_int": 26, "serialized_data": "[{\"fields\": {\"slot\": \"feature\", \"default_width\": null}, \"model\": \"cms.placeholder\", \"pk\": 26}]", "revision": 3}, "model": "reversion.version", "pk": 59}, {"fields": {"format": "json", "object_repr": "175", "object_id": "175", "content_type": 15, "object_id_int": 175, "serialized_data": "[{\"fields\": {\"changed_date\": \"2016-03-16T15:51:35.730Z\", \"language\": \"en\", \"parent\": null, \"numchild\": 0, \"creation_date\": \"2016-03-14T20:04:43.075Z\", \"depth\": 1, \"position\": 2, \"path\": \"004F\", \"placeholder\": 30, \"plugin_type\": \"ShowTextWithClassPlugin\"}, \"model\": \"cms.cmsplugin\", \"pk\": 175}]", "revision": 3}, "model": "reversion.version", "pk": 60}, {"fields": {"format": "json", "object_repr": "notice", "object_id": "28", "content_type": 1, "object_id_int": 28, "serialized_data": "[{\"fields\": {\"slot\": \"notice\", \"default_width\": null}, \"model\": \"cms.placeholder\", \"pk\": 28}]", "revision": 3}, "model": "reversion.version", "pk": 61}, {"fields": {"format": "json", "object_repr": "content", "object_id": "29", "content_type": 1, "object_id_int": 29, "serialized_data": "[{\"fields\": {\"slot\": \"content\", \"default_width\": null}, \"model\": \"cms.placeholder\", \"pk\": 29}]", "revision": 3}, "model": "reversion.version", "pk": 62}, {"fields": {"format": "json", "object_repr": "aside", "object_id": "30", "content_type": 1, "object_id_int": 30, "serialized_data": "[{\"fields\": {\"slot\": \"aside\", \"default_width\": null}, \"model\": \"cms.placeholder\", \"pk\": 30}]", "revision": 3}, "model": "reversion.version", "pk": 63}, {"fields": {"format": "json", "object_repr": "additional-content", "object_id": "31", "content_type": 1, "object_id_int": 31, "serialized_data": "[{\"fields\": {\"slot\": \"additional-content\", \"default_width\": null}, \"model\": \"cms.placeholder\", \"pk\": 31}]", "revision": 3}, "model": "reversion.version", "pk": 64}, {"fields": {"format": "json", "object_repr": "CALENDAR", "object_id": "176", "content_type": 46, "object_id_int": 176, "serialized_data": "[{\"fields\": {\"title\": \"CALENDAR\"}, \"model\": \"mainsite.titlebarplugin\", \"pk\": 176}]", "revision": 3}, "model": "reversion.version", "pk": 65}, {"fields": {"format": "json", "object_repr": "editorial", "object_id": "27", "content_type": 1, "object_id_int": 27, "serialized_data": "[{\"fields\": {\"slot\": \"editorial\", \"default_width\": null}, \"model\": \"cms.placeholder\", \"pk\": 27}]", "revision": 3}, "model": "reversion.version", "pk": 66}, {"fields": {"format": "json", "object_repr": "PEOPLE ON THE MOVE", "object_id": "167", "content_type": 46, "object_id_int": 167, "serialized_data": "[{\"fields\": {\"title\": \"PEOPLE ON THE MOVE\"}, \"model\": \"mainsite.titlebarplugin\", \"pk\": 167}]", "revision": 3}, "model": "reversion.version", "pk": 67}, {"fields": {"format": "json", "object_repr": "Most Recent (article-five, article-four, article-one, article-three, article-two)", "object_id": "169", "content_type": 77, "object_id_int": 169, "serialized_data": "[{\"fields\": {\"all_url\": null, \"all_text\": null, \"order_by\": \"-date\", \"template\": \"spe_blog/plugins/person_of_interest.html\", \"articles\": [5, 4, 1, 3, 2]}, \"model\": \"spe_blog.articlesplugin\", \"pk\": 169}]", "revision": 3}, "model": "reversion.version", "pk": 68}, {"fields": {"format": "json", "object_repr": " - Oil and Gas Facilities - 1 issues, starting with the newest using Subscribe & read issue", "object_id": "172", "content_type": 81, "object_id_int": 172, "serialized_data": "[{\"fields\": {\"cnt\": 1, \"publication\": \"OGF\", \"starting_with\": 1, \"all_url\": \"\", \"template\": \"spe_blog/plugins/issue_sidebar.html\", \"active\": true, \"all_text\": \"\"}, \"model\": \"spe_blog.issuesbypublicationplugin\", \"pk\": 172}]", "revision": 3}, "model": "reversion.version", "pk": 69}, {"fields": {"format": "json", "object_repr": "173", "object_id": "173", "content_type": 15, "object_id_int": 173, "serialized_data": "[{\"fields\": {\"changed_date\": \"2016-03-16T15:51:35.715Z\", \"language\": \"en\", \"parent\": null, \"numchild\": 0, \"creation_date\": \"2016-03-14T20:17:33.648Z\", \"depth\": 1, \"position\": 0, \"path\": \"004D\", \"placeholder\": 30, \"plugin_type\": \"ShowTitlePlugin\"}, \"model\": \"cms.cmsplugin\", \"pk\": 173}]", "revision": 3}, "model": "reversion.version", "pk": 70}, {"fields": {"format": "json", "object_repr": "174", "object_id": "174", "content_type": 15, "object_id_int": 174, "serialized_data": "[{\"fields\": {\"changed_date\": \"2016-03-16T15:51:35.722Z\", \"language\": \"en\", \"parent\": null, \"numchild\": 0, \"creation_date\": \"2016-03-15T18:45:14.103Z\", \"depth\": 1, \"position\": 3, \"path\": \"004E\", \"placeholder\": 30, \"plugin_type\": \"ShowAdSpeedZonePlugin\"}, \"model\": \"cms.cmsplugin\", \"pk\": 174}]", "revision": 3}, "model": "reversion.version", "pk": 71}, {"fields": {"format": "json", "object_repr": " - THIS IS AN ALERT! Which is good, becasue we nee", "object_id": "175", "content_type": 48, "object_id_int": 175, "serialized_data": "[{\"fields\": {\"txt\": \"<p>THIS IS AN ALERT! Which is good, becasue we need all the Lerts we can get.</p>\\r\\n\", \"cls\": \"tile-alert\"}, \"model\": \"mainsite.textwithclass\", \"pk\": 175}]", "revision": 3}, "model": "reversion.version", "pk": 72}, {"fields": {"format": "json", "object_repr": "176", "object_id": "176", "content_type": 15, "object_id_int": 176, "serialized_data": "[{\"fields\": {\"changed_date\": \"2016-03-16T15:51:35.744Z\", \"language\": \"en\", \"parent\": null, \"numchild\": 0, \"creation_date\": \"2016-03-14T20:18:03.009Z\", \"depth\": 1, \"position\": 0, \"path\": \"004G\", \"placeholder\": 31, \"plugin_type\": \"ShowTitlePlugin\"}, \"model\": \"cms.cmsplugin\", \"pk\": 176}]", "revision": 3}, "model": "reversion.version", "pk": 73}, {"fields": {"format": "json", "object_repr": "SPE Disciplines", "object_id": "177", "content_type": 69, "object_id_int": 177, "serialized_data": "[{\"fields\": {\"category\": 2}, \"model\": \"spe_links.spelinkpluginmodel\", \"pk\": 177}]", "revision": 3}, "model": "reversion.version", "pk": 74}, {"fields": {"format": "json", "object_repr": "SPE News", "object_id": "178", "content_type": 69, "object_id_int": 178, "serialized_data": "[{\"fields\": {\"category\": 1}, \"model\": \"spe_links.spelinkpluginmodel\", \"pk\": 178}]", "revision": 3}, "model": "reversion.version", "pk": 75}, {"fields": {"format": "json", "object_repr": "179", "object_id": "179", "content_type": 15, "object_id_int": 179, "serialized_data": "[{\"fields\": {\"changed_date\": \"2016-03-16T15:51:35.767Z\", \"language\": \"en\", \"parent\": null, \"numchild\": 0, \"creation_date\": \"2016-03-15T19:00:45.136Z\", \"depth\": 1, \"position\": 1, \"path\": \"004J\", \"placeholder\": 31, \"plugin_type\": \"ShowArticlesListingPlugin\"}, \"model\": \"cms.cmsplugin\", \"pk\": 179}]", "revision": 3}, "model": "reversion.version", "pk": 76}, {"fields": {"format": "json", "object_repr": "AdSpeed Zone:79087 display 1 Ads", "object_id": "180", "content_type": 45, "object_id_int": 180, "serialized_data": "[{\"fields\": {\"aid\": null, \"zid\": 79087, \"num\": 1, \"show_errors\": false}, \"model\": \"mainsite.adspeedzoneplugin\", \"pk\": 180}]", "revision": 3}, "model": "reversion.version", "pk": 77}, {"fields": {"format": "json", "object_repr": "180", "object_id": "180", "content_type": 15, "object_id_int": 180, "serialized_data": "[{\"fields\": {\"changed_date\": \"2016-03-16T15:51:35.774Z\", \"language\": \"en\", \"parent\": null, \"numchild\": 0, \"creation_date\": \"2016-03-15T19:18:20.762Z\", \"depth\": 1, \"position\": 2, \"path\": \"004K\", \"placeholder\": 31, \"plugin_type\": \"ShowAdSpeedZonePlugin\"}, \"model\": \"cms.cmsplugin\", \"pk\": 180}]", "revision": 3}, "model": "reversion.version", "pk": 78}, {"fields": {"format": "json", "object_repr": "177", "object_id": "177", "content_type": 15, "object_id_int": 177, "serialized_data": "[{\"fields\": {\"changed_date\": \"2016-03-16T15:51:35.752Z\", \"language\": \"en\", \"parent\": null, \"numchild\": 0, \"creation_date\": \"2016-03-14T20:18:26.084Z\", \"depth\": 1, \"position\": 4, \"path\": \"004H\", \"placeholder\": 31, \"plugin_type\": \"SpeLinkPluginPublisher\"}, \"model\": \"cms.cmsplugin\", \"pk\": 177}]", "revision": 3}, "model": "reversion.version", "pk": 79}, {"fields": {"format": "json", "object_repr": "178", "object_id": "178", "content_type": 15, "object_id_int": 178, "serialized_data": "[{\"fields\": {\"changed_date\": \"2016-03-16T15:51:35.760Z\", \"language\": \"en\", \"parent\": null, \"numchild\": 0, \"creation_date\": \"2016-03-14T20:17:49.690Z\", \"depth\": 1, \"position\": 3, \"path\": \"004I\", \"placeholder\": 31, \"plugin_type\": \"SpeLinkPluginPublisher\"}, \"model\": \"cms.cmsplugin\", \"pk\": 178}]", "revision": 3}, "model": "reversion.version", "pk": 80}, {"fields": {"format": "json", "object_repr": "167", "object_id": "167", "content_type": 15, "object_id_int": 167, "serialized_data": "[{\"fields\": {\"changed_date\": \"2016-03-16T17:11:57.078Z\", \"language\": \"en\", \"parent\": null, \"numchild\": 0, \"creation_date\": \"2016-03-15T19:19:09.759Z\", \"depth\": 1, \"position\": 0, \"path\": \"0047\", \"placeholder\": 29, \"plugin_type\": \"ShowTitlePlugin\"}, \"model\": \"cms.cmsplugin\", \"pk\": 167}]", "revision": 3}, "model": "reversion.version", "pk": 81}, {"fields": {"format": "json", "object_repr": "169", "object_id": "169", "content_type": 15, "object_id_int": 169, "serialized_data": "[{\"fields\": {\"changed_date\": \"2016-03-16T17:11:39.967Z\", \"language\": \"en\", \"parent\": null, \"numchild\": 0, \"creation_date\": \"2016-03-15T19:28:23.202Z\", \"depth\": 1, \"position\": 1, \"path\": \"0049\", \"placeholder\": 29, \"plugin_type\": \"ShowArticlesPlugin\"}, \"model\": \"cms.cmsplugin\", \"pk\": 169}]", "revision": 3}, "model": "reversion.version", "pk": 82}, {"fields": {"format": "json", "object_repr": "OGF Article Detail (ogf-article-detail, en)", "object_id": "17", "content_type": 16, "object_id_int": 17, "serialized_data": "[{\"fields\": {\"menu_title\": \"\", \"meta_description\": \"\", \"page_title\": \"\", \"language\": \"en\", \"title\": \"OGF Article Detail\", \"has_url_overwrite\": false, \"redirect\": \"\", \"page\": 17, \"published\": true, \"path\": \"ogf/ogf-article-detail\", \"creation_date\": \"2016-03-21T23:26:17.771Z\", \"slug\": \"ogf-article-detail\"}, \"model\": \"cms.title\", \"pk\": 17}]", "revision": 4}, "model": "reversion.version", "pk": 83}, {"fields": {"format": "json", "object_repr": "263", "object_id": "263", "content_type": 15, "object_id_int": 263, "serialized_data": "[{\"fields\": {\"changed_date\": \"2016-03-23T13:40:08.971Z\", \"language\": \"en\", \"parent\": null, \"numchild\": 0, \"creation_date\": \"2016-03-21T23:28:20.091Z\", \"depth\": 1, \"position\": 1, \"path\": \"0063\", \"placeholder\": 81, \"plugin_type\": \"ShowArticleDetailPlugin\"}, \"model\": \"cms.cmsplugin\", \"pk\": 263}]", "revision": 4}, "model": "reversion.version", "pk": 84}, {"fields": {"format": "json", "object_repr": "CURRENT ISSUE", "object_id": "265", "content_type": 46, "object_id_int": 265, "serialized_data": "[{\"fields\": {\"title\": \"CURRENT ISSUE\"}, \"model\": \"mainsite.titlebarplugin\", \"pk\": 265}]", "revision": 4}, "model": "reversion.version", "pk": 85}, {"fields": {"format": "json", "object_repr": " - Oil and Gas Facilities - 1 issues, starting with the newest using Subscribe & read issue", "object_id": "266", "content_type": 81, "object_id_int": 266, "serialized_data": "[{\"fields\": {\"cnt\": 1, \"publication\": \"OGF\", \"starting_with\": 1, \"all_url\": \"\", \"template\": \"spe_blog/plugins/issue_sidebar.html\", \"active\": true, \"all_text\": \"\"}, \"model\": \"spe_blog.issuesbypublicationplugin\", \"pk\": 266}]", "revision": 4}, "model": "reversion.version", "pk": 86}, {"fields": {"format": "json", "object_repr": "AdSpeed Zone:79087 display 1 Ads", "object_id": "267", "content_type": 45, "object_id_int": 267, "serialized_data": "[{\"fields\": {\"aid\": null, \"zid\": 79087, \"num\": 1, \"show_errors\": false}, \"model\": \"mainsite.adspeedzoneplugin\", \"pk\": 267}]", "revision": 4}, "model": "reversion.version", "pk": 87}, {"fields": {"format": "json", "object_repr": "268", "object_id": "268", "content_type": 15, "object_id_int": 268, "serialized_data": "[{\"fields\": {\"changed_date\": \"2016-03-23T11:11:55.992Z\", \"language\": \"en\", \"parent\": null, \"numchild\": 0, \"creation_date\": \"2016-03-22T12:04:20.623Z\", \"depth\": 1, \"position\": 0, \"path\": \"0068\", \"placeholder\": 83, \"plugin_type\": \"ShowTitlePlugin\"}, \"model\": \"cms.cmsplugin\", \"pk\": 268}]", "revision": 4}, "model": "reversion.version", "pk": 88}, {"fields": {"format": "json", "object_repr": "Most Read (article-three)", "object_id": "269", "content_type": 77, "object_id_int": 269, "serialized_data": "[{\"fields\": {\"all_url\": null, \"all_text\": null, \"order_by\": \"-article_hits\", \"template\": \"spe_blog/plugins/picture_with_text_below_full.html\", \"articles\": [3]}, \"model\": \"spe_blog.articlesplugin\", \"pk\": 269}]", "revision": 4}, "model": "reversion.version", "pk": 89}, {"fields": {"format": "json", "object_repr": "AdSpeed Zone:79087 display 1 Ads", "object_id": "270", "content_type": 45, "object_id_int": 270, "serialized_data": "[{\"fields\": {\"aid\": null, \"zid\": 79087, \"num\": 1, \"show_errors\": false}, \"model\": \"mainsite.adspeedzoneplugin\", \"pk\": 270}]", "revision": 4}, "model": "reversion.version", "pk": 90}, {"fields": {"format": "json", "object_repr": "271", "object_id": "271", "content_type": 15, "object_id_int": 271, "serialized_data": "[{\"fields\": {\"changed_date\": \"2016-03-23T13:40:08.976Z\", \"language\": \"en\", \"parent\": null, \"numchild\": 0, \"creation_date\": \"2016-03-22T12:49:27.350Z\", \"depth\": 1, \"position\": 2, \"path\": \"006B\", \"placeholder\": 81, \"plugin_type\": \"ShowTitlePlugin\"}, \"model\": \"cms.cmsplugin\", \"pk\": 271}]", "revision": 4}, "model": "reversion.version", "pk": 91}, {"fields": {"format": "json", "object_repr": "(1 - 4) by Most Read personalized using Image on left", "object_id": "272", "content_type": 80, "object_id_int": 272, "serialized_data": "[{\"fields\": {\"discipline\": null, \"category\": null, \"cnt\": 4, \"order_by\": \"-article_hits\", \"publication\": \"OGF\", \"starting_with\": 1, \"template\": \"spe_blog/plugins/image_left.html\", \"all_url\": \"\", \"all_text\": \"\", \"personalized\": true}, \"model\": \"spe_blog.articleslistingplugin\", \"pk\": 272}]", "revision": 4}, "model": "reversion.version", "pk": 92}, {"fields": {"format": "json", "object_repr": "273", "object_id": "273", "content_type": 15, "object_id_int": 273, "serialized_data": "[{\"fields\": {\"changed_date\": \"2016-03-23T11:12:18.092Z\", \"language\": \"en\", \"parent\": null, \"numchild\": 0, \"creation_date\": \"2016-03-22T15:38:11.406Z\", \"depth\": 1, \"position\": 4, \"path\": \"006D\", \"placeholder\": 83, \"plugin_type\": \"ShowEventsByCurrentLocationPluginPlugin\"}, \"model\": \"cms.cmsplugin\", \"pk\": 273}]", "revision": 4}, "model": "reversion.version", "pk": 93}, {"fields": {"format": "json", "object_repr": "EVENTS NEAR YOU", "object_id": "274", "content_type": 46, "object_id_int": 274, "serialized_data": "[{\"fields\": {\"title\": \"EVENTS NEAR YOU\"}, \"model\": \"mainsite.titlebarplugin\", \"pk\": 274}]", "revision": 4}, "model": "reversion.version", "pk": 94}, {"fields": {"format": "json", "object_repr": "282", "object_id": "282", "content_type": 88, "object_id_int": 282, "serialized_data": "[{\"fields\": {\"poll\": 1}, \"model\": \"spe_polls.pollplugin\", \"pk\": 282}]", "revision": 4}, "model": "reversion.version", "pk": 95}, {"fields": {"format": "json", "object_repr": "283", "object_id": "283", "content_type": 15, "object_id_int": 283, "serialized_data": "[{\"fields\": {\"changed_date\": \"2016-03-23T17:17:19.677Z\", \"language\": \"en\", \"parent\": null, \"numchild\": 0, \"creation_date\": \"2016-03-23T13:40:18.329Z\", \"depth\": 1, \"position\": 0, \"path\": \"006N\", \"placeholder\": 82, \"plugin_type\": \"PollPlugin\"}, \"model\": \"cms.cmsplugin\", \"pk\": 283}]", "revision": 4}, "model": "reversion.version", "pk": 96}, {"fields": {"format": "json", "object_repr": "282", "object_id": "282", "content_type": 15, "object_id_int": 282, "serialized_data": "[{\"fields\": {\"changed_date\": \"2016-03-23T17:19:01.101Z\", \"language\": \"en\", \"parent\": null, \"numchild\": 0, \"creation_date\": \"2016-03-23T13:38:05.756Z\", \"depth\": 1, \"position\": 0, \"path\": \"006M\", \"placeholder\": 81, \"plugin_type\": \"PollPlugin\"}, \"model\": \"cms.cmsplugin\", \"pk\": 282}]", "revision": 4}, "model": "reversion.version", "pk": 97}, {"fields": {"format": "json", "object_repr": "283", "object_id": "283", "content_type": 88, "object_id_int": 283, "serialized_data": "[{\"fields\": {\"poll\": 1}, \"model\": \"spe_polls.pollplugin\", \"pk\": 283}]", "revision": 4}, "model": "reversion.version", "pk": 98}, {"fields": {"format": "json", "object_repr": "OGF: This is Article ONE - Start 2017-01-31", "object_id": "263", "content_type": 78, "object_id_int": 263, "serialized_data": "[{\"fields\": {\"article\": 1, \"allow_url_to_override_selection\": true}, \"model\": \"spe_blog.articledetailplugin\", \"pk\": 263}]", "revision": 4}, "model": "reversion.version", "pk": 99}, {"fields": {"format": "json", "object_repr": "Showing 4 events", "object_id": "273", "content_type": 93, "object_id_int": 273, "serialized_data": "[{\"fields\": {\"types\": [1, 2], \"radius\": 1000, \"number\": 4, \"disciplines\": [\"prd\"]}, \"model\": \"spe_events.eventsbycurrentipplugin\", \"pk\": 273}]", "revision": 4}, "model": "reversion.version", "pk": 100}, {"fields": {"format": "json", "object_repr": "265", "object_id": "265", "content_type": 15, "object_id_int": 265, "serialized_data": "[{\"fields\": {\"changed_date\": \"2016-03-23T13:40:28.777Z\", \"language\": \"en\", \"parent\": null, \"numchild\": 0, \"creation_date\": \"2016-03-22T12:01:21.349Z\", \"depth\": 1, \"position\": 1, \"path\": \"0065\", \"placeholder\": 82, \"plugin_type\": \"ShowTitlePlugin\"}, \"model\": \"cms.cmsplugin\", \"pk\": 265}]", "revision": 4}, "model": "reversion.version", "pk": 101}, {"fields": {"format": "json", "object_repr": "266", "object_id": "266", "content_type": 15, "object_id_int": 266, "serialized_data": "[{\"fields\": {\"changed_date\": \"2016-03-23T13:40:28.782Z\", \"language\": \"en\", \"parent\": null, \"numchild\": 0, \"creation_date\": \"2016-03-22T12:01:53.059Z\", \"depth\": 1, \"position\": 2, \"path\": \"0066\", \"placeholder\": 82, \"plugin_type\": \"ShowIssuesByPublicationPlugin\"}, \"model\": \"cms.cmsplugin\", \"pk\": 266}]", "revision": 4}, "model": "reversion.version", "pk": 102}, {"fields": {"format": "json", "object_repr": "267", "object_id": "267", "content_type": 15, "object_id_int": 267, "serialized_data": "[{\"fields\": {\"changed_date\": \"2016-03-23T13:40:28.788Z\", \"language\": \"en\", \"parent\": null, \"numchild\": 0, \"creation_date\": \"2016-03-22T12:03:51.424Z\", \"depth\": 1, \"position\": 3, \"path\": \"0067\", \"placeholder\": 82, \"plugin_type\": \"ShowAdSpeedZonePlugin\"}, \"model\": \"cms.cmsplugin\", \"pk\": 267}]", "revision": 4}, "model": "reversion.version", "pk": 103}, {"fields": {"format": "json", "object_repr": "CALENDAR", "object_id": "268", "content_type": 46, "object_id_int": 268, "serialized_data": "[{\"fields\": {\"title\": \"CALENDAR\"}, \"model\": \"mainsite.titlebarplugin\", \"pk\": 268}]", "revision": 4}, "model": "reversion.version", "pk": 104}, {"fields": {"format": "json", "object_repr": "269", "object_id": "269", "content_type": 15, "object_id_int": 269, "serialized_data": "[{\"fields\": {\"changed_date\": \"2016-03-23T11:11:55.997Z\", \"language\": \"en\", \"parent\": null, \"numchild\": 0, \"creation_date\": \"2016-03-22T12:04:53.733Z\", \"depth\": 1, \"position\": 1, \"path\": \"0069\", \"placeholder\": 83, \"plugin_type\": \"ShowArticlesPlugin\"}, \"model\": \"cms.cmsplugin\", \"pk\": 269}]", "revision": 4}, "model": "reversion.version", "pk": 105}, {"fields": {"format": "json", "object_repr": "notice", "object_id": "80", "content_type": 1, "object_id_int": 80, "serialized_data": "[{\"fields\": {\"slot\": \"notice\", \"default_width\": null}, \"model\": \"cms.placeholder\", \"pk\": 80}]", "revision": 4}, "model": "reversion.version", "pk": 106}, {"fields": {"format": "json", "object_repr": "content", "object_id": "81", "content_type": 1, "object_id_int": 81, "serialized_data": "[{\"fields\": {\"slot\": \"content\", \"default_width\": null}, \"model\": \"cms.placeholder\", \"pk\": 81}]", "revision": 4}, "model": "reversion.version", "pk": 107}, {"fields": {"format": "json", "object_repr": "aside", "object_id": "82", "content_type": 1, "object_id_int": 82, "serialized_data": "[{\"fields\": {\"slot\": \"aside\", \"default_width\": null}, \"model\": \"cms.placeholder\", \"pk\": 82}]", "revision": 4}, "model": "reversion.version", "pk": 108}, {"fields": {"format": "json", "object_repr": "additional-content", "object_id": "83", "content_type": 1, "object_id_int": 83, "serialized_data": "[{\"fields\": {\"slot\": \"additional-content\", \"default_width\": null}, \"model\": \"cms.placeholder\", \"pk\": 83}]", "revision": 4}, "model": "reversion.version", "pk": 109}, {"fields": {"format": "json", "object_repr": "270", "object_id": "270", "content_type": 15, "object_id_int": 270, "serialized_data": "[{\"fields\": {\"changed_date\": \"2016-03-23T11:11:56.001Z\", \"language\": \"en\", \"parent\": null, \"numchild\": 0, \"creation_date\": \"2016-03-22T12:05:12.822Z\", \"depth\": 1, \"position\": 2, \"path\": \"006A\", \"placeholder\": 83, \"plugin_type\": \"ShowAdSpeedZonePlugin\"}, \"model\": \"cms.cmsplugin\", \"pk\": 270}]", "revision": 4}, "model": "reversion.version", "pk": 110}, {"fields": {"format": "json", "object_repr": "POPULAR ARTICLES", "object_id": "271", "content_type": 46, "object_id_int": 271, "serialized_data": "[{\"fields\": {\"title\": \"POPULAR ARTICLES\"}, \"model\": \"mainsite.titlebarplugin\", \"pk\": 271}]", "revision": 4}, "model": "reversion.version", "pk": 111}, {"fields": {"format": "json", "object_repr": "272", "object_id": "272", "content_type": 15, "object_id_int": 272, "serialized_data": "[{\"fields\": {\"changed_date\": \"2016-03-23T13:40:08.980Z\", \"language\": \"en\", \"parent\": null, \"numchild\": 0, \"creation_date\": \"2016-03-22T12:49:51.867Z\", \"depth\": 1, \"position\": 3, \"path\": \"006C\", \"placeholder\": 81, \"plugin_type\": \"ShowArticlesListingPlugin\"}, \"model\": \"cms.cmsplugin\", \"pk\": 272}]", "revision": 4}, "model": "reversion.version", "pk": 112}, {"fields": {"format": "json", "object_repr": "OGF Article Detail", "object_id": "17", "content_type": 2, "object_id_int": 17, "serialized_data": "[{\"fields\": {\"navigation_extenders\": \"\", \"site\": 1, \"application_namespace\": null, \"path\": \"00030003\", \"in_navigation\": false, \"reverse_id\": null, \"login_required\": false, \"created_by\": \"jtoony\", \"languages\": \"en\", \"publication_end_date\": null, \"template\": \"ogf_subpage.html\", \"placeholders\": [80, 81, 82, 83], \"changed_date\": \"2016-03-23T19:27:30.763Z\", \"limit_visibility_in_menu\": null, \"parent\": 18, \"numchild\": 0, \"soft_root\": false, \"is_home\": false, \"publication_date\": \"2016-03-22T19:15:09.125Z\", \"creation_date\": \"2016-03-21T23:26:17.732Z\", \"application_urls\": \"\", \"changed_by\": \"jboden\", \"xframe_options\": 0, \"depth\": 2, \"revision_id\": 0}, \"model\": \"cms.page\", \"pk\": 17}]", "revision": 4}, "model": "reversion.version", "pk": 113}, {"fields": {"format": "json", "object_repr": "274", "object_id": "274", "content_type": 15, "object_id_int": 274, "serialized_data": "[{\"fields\": {\"changed_date\": \"2016-03-23T11:11:56.011Z\", \"language\": \"en\", \"parent\": null, \"numchild\": 0, \"creation_date\": \"2016-03-23T11:11:45.423Z\", \"depth\": 1, \"position\": 3, \"path\": \"006E\", \"placeholder\": 83, \"plugin_type\": \"ShowTitlePlugin\"}, \"model\": \"cms.cmsplugin\", \"pk\": 274}]", "revision": 4}, "model": "reversion.version", "pk": 114}, {"fields": {"format": "json", "object_repr": "259", "object_id": "259", "content_type": 15, "object_id_int": 259, "serialized_data": "[{\"fields\": {\"changed_date\": \"2016-03-21T16:24:08.436Z\", \"language\": \"en\", \"parent\": null, \"numchild\": 0, \"creation_date\": \"2016-03-21T16:24:03.689Z\", \"depth\": 1, \"position\": 0, \"path\": \"0060\", \"placeholder\": 61, \"plugin_type\": \"ShowIssuesByYearPlugin\"}, \"model\": \"cms.cmsplugin\", \"pk\": 259}]", "revision": 5}, "model": "reversion.version", "pk": 115}, {"fields": {"format": "json", "object_repr": "ISSUES (issues, en)", "object_id": "12", "content_type": 16, "object_id_int": 12, "serialized_data": "[{\"fields\": {\"menu_title\": \"\", \"meta_description\": \"\", \"page_title\": \"\", \"language\": \"en\", \"title\": \"ISSUES\", \"has_url_overwrite\": false, \"redirect\": null, \"page\": 12, \"published\": true, \"path\": \"ogf/issues\", \"creation_date\": \"2016-03-21T16:23:40.898Z\", \"slug\": \"issues\"}, \"model\": \"cms.title\", \"pk\": 12}]", "revision": 5}, "model": "reversion.version", "pk": 116}, {"fields": {"format": "json", "object_repr": "ISSUES", "object_id": "12", "content_type": 2, "object_id_int": 12, "serialized_data": "[{\"fields\": {\"navigation_extenders\": null, \"site\": 1, \"application_namespace\": null, \"path\": \"00030004\", \"in_navigation\": true, \"reverse_id\": null, \"login_required\": false, \"created_by\": \"jtoony\", \"languages\": \"en\", \"publication_end_date\": null, \"template\": \"ogf_subpage.html\", \"placeholders\": [60, 61, 62, 63], \"changed_date\": \"2016-03-23T19:27:38.218Z\", \"limit_visibility_in_menu\": null, \"parent\": 18, \"numchild\": 0, \"soft_root\": false, \"is_home\": false, \"publication_date\": \"2016-03-21T18:06:30.707Z\", \"creation_date\": \"2016-03-21T16:23:40.855Z\", \"application_urls\": null, \"changed_by\": \"jboden\", \"xframe_options\": 0, \"depth\": 2, \"revision_id\": 0}, \"model\": \"cms.page\", \"pk\": 12}]", "revision": 5}, "model": "reversion.version", "pk": 117}, {"fields": {"format": "json", "object_repr": "Oil and Gas Facilities", "object_id": "259", "content_type": 84, "object_id_int": 259, "serialized_data": "[{\"fields\": {\"publication\": \"OGF\"}, \"model\": \"spe_blog.issuesbyyearplugin\", \"pk\": 259}]", "revision": 5}, "model": "reversion.version", "pk": 118}, {"fields": {"format": "json", "object_repr": "notice", "object_id": "60", "content_type": 1, "object_id_int": 60, "serialized_data": "[{\"fields\": {\"slot\": \"notice\", \"default_width\": null}, \"model\": \"cms.placeholder\", \"pk\": 60}]", "revision": 5}, "model": "reversion.version", "pk": 119}, {"fields": {"format": "json", "object_repr": "content", "object_id": "61", "content_type": 1, "object_id_int": 61, "serialized_data": "[{\"fields\": {\"slot\": \"content\", \"default_width\": null}, \"model\": \"cms.placeholder\", \"pk\": 61}]", "revision": 5}, "model": "reversion.version", "pk": 120}, {"fields": {"format": "json", "object_repr": "aside", "object_id": "62", "content_type": 1, "object_id_int": 62, "serialized_data": "[{\"fields\": {\"slot\": \"aside\", \"default_width\": null}, \"model\": \"cms.placeholder\", \"pk\": 62}]", "revision": 5}, "model": "reversion.version", "pk": 121}, {"fields": {"format": "json", "object_repr": "additional-content", "object_id": "63", "content_type": 1, "object_id_int": 63, "serialized_data": "[{\"fields\": {\"slot\": \"additional-content\", \"default_width\": null}, \"model\": \"cms.placeholder\", \"pk\": 63}]", "revision": 5}, "model": "reversion.version", "pk": 122}, {"fields": {"format": "json", "object_repr": "259", "object_id": "259", "content_type": 15, "object_id_int": 259, "serialized_data": "[{\"fields\": {\"changed_date\": \"2016-03-21T16:24:08.436Z\", \"language\": \"en\", \"parent\": null, \"numchild\": 0, \"creation_date\": \"2016-03-21T16:24:03.689Z\", \"depth\": 1, \"position\": 0, \"path\": \"0060\", \"placeholder\": 61, \"plugin_type\": \"ShowIssuesByYearPlugin\"}, \"model\": \"cms.cmsplugin\", \"pk\": 259}]", "revision": 6}, "model": "reversion.version", "pk": 123}, {"fields": {"format": "json", "object_repr": "ISSUES (issues, en)", "object_id": "12", "content_type": 16, "object_id_int": 12, "serialized_data": "[{\"fields\": {\"menu_title\": \"\", \"meta_description\": \"\", \"page_title\": \"\", \"language\": \"en\", \"title\": \"ISSUES\", \"has_url_overwrite\": false, \"redirect\": null, \"page\": 12, \"published\": true, \"path\": \"ogf/issues\", \"creation_date\": \"2016-03-21T16:23:40.898Z\", \"slug\": \"issues\"}, \"model\": \"cms.title\", \"pk\": 12}]", "revision": 6}, "model": "reversion.version", "pk": 124}, {"fields": {"format": "json", "object_repr": "ISSUES", "object_id": "12", "content_type": 2, "object_id_int": 12, "serialized_data": "[{\"fields\": {\"navigation_extenders\": null, \"site\": 1, \"application_namespace\": null, \"path\": \"00030004\", \"in_navigation\": true, \"reverse_id\": null, \"login_required\": false, \"created_by\": \"jtoony\", \"languages\": \"en\", \"publication_end_date\": null, \"template\": \"ogf_subpage.html\", \"placeholders\": [60, 61, 62, 63], \"changed_date\": \"2016-03-23T19:27:38.252Z\", \"limit_visibility_in_menu\": null, \"parent\": 18, \"numchild\": 0, \"soft_root\": false, \"is_home\": false, \"publication_date\": \"2016-03-21T18:06:30.707Z\", \"creation_date\": \"2016-03-21T16:23:40.855Z\", \"application_urls\": null, \"changed_by\": \"jboden\", \"xframe_options\": 0, \"depth\": 2, \"revision_id\": 0}, \"model\": \"cms.page\", \"pk\": 12}]", "revision": 6}, "model": "reversion.version", "pk": 125}, {"fields": {"format": "json", "object_repr": "Oil and Gas Facilities", "object_id": "259", "content_type": 84, "object_id_int": 259, "serialized_data": "[{\"fields\": {\"publication\": \"OGF\"}, \"model\": \"spe_blog.issuesbyyearplugin\", \"pk\": 259}]", "revision": 6}, "model": "reversion.version", "pk": 126}, {"fields": {"format": "json", "object_repr": "309", "object_id": "309", "content_type": 15, "object_id_int": 309, "serialized_data": "[{\"fields\": {\"changed_date\": \"2016-03-23T19:28:18.635Z\", \"language\": \"en\", \"parent\": null, \"numchild\": 0, \"creation_date\": \"2016-03-23T19:28:18.631Z\", \"depth\": 1, \"position\": 0, \"path\": \"007D\", \"placeholder\": 62, \"plugin_type\": \"ShowTitlePlugin\"}, \"model\": \"cms.cmsplugin\", \"pk\": 309}]", "revision": 6}, "model": "reversion.version", "pk": 127}, {"fields": {"format": "json", "object_repr": "notice", "object_id": "60", "content_type": 1, "object_id_int": 60, "serialized_data": "[{\"fields\": {\"slot\": \"notice\", \"default_width\": null}, \"model\": \"cms.placeholder\", \"pk\": 60}]", "revision": 6}, "model": "reversion.version", "pk": 128}, {"fields": {"format": "json", "object_repr": "content", "object_id": "61", "content_type": 1, "object_id_int": 61, "serialized_data": "[{\"fields\": {\"slot\": \"content\", \"default_width\": null}, \"model\": \"cms.placeholder\", \"pk\": 61}]", "revision": 6}, "model": "reversion.version", "pk": 129}, {"fields": {"format": "json", "object_repr": "aside", "object_id": "62", "content_type": 1, "object_id_int": 62, "serialized_data": "[{\"fields\": {\"slot\": \"aside\", \"default_width\": null}, \"model\": \"cms.placeholder\", \"pk\": 62}]", "revision": 6}, "model": "reversion.version", "pk": 130}, {"fields": {"format": "json", "object_repr": "additional-content", "object_id": "63", "content_type": 1, "object_id_int": 63, "serialized_data": "[{\"fields\": {\"slot\": \"additional-content\", \"default_width\": null}, \"model\": \"cms.placeholder\", \"pk\": 63}]", "revision": 6}, "model": "reversion.version", "pk": 131}, {"fields": {"format": "json", "object_repr": "259", "object_id": "259", "content_type": 15, "object_id_int": 259, "serialized_data": "[{\"fields\": {\"changed_date\": \"2016-03-21T16:24:08.436Z\", \"language\": \"en\", \"parent\": null, \"numchild\": 0, \"creation_date\": \"2016-03-21T16:24:03.689Z\", \"depth\": 1, \"position\": 0, \"path\": \"0060\", \"placeholder\": 61, \"plugin_type\": \"ShowIssuesByYearPlugin\"}, \"model\": \"cms.cmsplugin\", \"pk\": 259}]", "revision": 7}, "model": "reversion.version", "pk": 132}, {"fields": {"format": "json", "object_repr": "ISSUES (issues, en)", "object_id": "12", "content_type": 16, "object_id_int": 12, "serialized_data": "[{\"fields\": {\"menu_title\": \"\", \"meta_description\": \"\", \"page_title\": \"\", \"language\": \"en\", \"title\": \"ISSUES\", \"has_url_overwrite\": false, \"redirect\": null, \"page\": 12, \"published\": true, \"path\": \"ogf/issues\", \"creation_date\": \"2016-03-21T16:23:40.898Z\", \"slug\": \"issues\"}, \"model\": \"cms.title\", \"pk\": 12}]", "revision": 7}, "model": "reversion.version", "pk": 133}, {"fields": {"format": "json", "object_repr": "ISSUES", "object_id": "12", "content_type": 2, "object_id_int": 12, "serialized_data": "[{\"fields\": {\"navigation_extenders\": null, \"site\": 1, \"application_namespace\": null, \"path\": \"00030004\", \"in_navigation\": true, \"reverse_id\": null, \"login_required\": false, \"created_by\": \"jtoony\", \"languages\": \"en\", \"publication_end_date\": null, \"template\": \"ogf_subpage.html\", \"placeholders\": [60, 61, 62, 63], \"changed_date\": \"2016-03-23T19:28:18.659Z\", \"limit_visibility_in_menu\": null, \"parent\": 18, \"numchild\": 0, \"soft_root\": false, \"is_home\": false, \"publication_date\": \"2016-03-21T18:06:30.707Z\", \"creation_date\": \"2016-03-21T16:23:40.855Z\", \"application_urls\": null, \"changed_by\": \"jboden\", \"xframe_options\": 0, \"depth\": 2, \"revision_id\": 0}, \"model\": \"cms.page\", \"pk\": 12}]", "revision": 7}, "model": "reversion.version", "pk": 134}, {"fields": {"format": "json", "object_repr": "Oil and Gas Facilities", "object_id": "259", "content_type": 84, "object_id_int": 259, "serialized_data": "[{\"fields\": {\"publication\": \"OGF\"}, \"model\": \"spe_blog.issuesbyyearplugin\", \"pk\": 259}]", "revision": 7}, "model": "reversion.version", "pk": 135}, {"fields": {"format": "json", "object_repr": "309", "object_id": "309", "content_type": 15, "object_id_int": 309, "serialized_data": "[{\"fields\": {\"changed_date\": \"2016-03-23T19:28:28.562Z\", \"language\": \"en\", \"parent\": null, \"numchild\": 0, \"creation_date\": \"2016-03-23T19:28:18.631Z\", \"depth\": 1, \"position\": 0, \"path\": \"007D\", \"placeholder\": 62, \"plugin_type\": \"ShowTitlePlugin\"}, \"model\": \"cms.cmsplugin\", \"pk\": 309}]", "revision": 7}, "model": "reversion.version", "pk": 136}, {"fields": {"format": "json", "object_repr": "additional-content", "object_id": "63", "content_type": 1, "object_id_int": 63, "serialized_data": "[{\"fields\": {\"slot\": \"additional-content\", \"default_width\": null}, \"model\": \"cms.placeholder\", \"pk\": 63}]", "revision": 7}, "model": "reversion.version", "pk": 137}, {"fields": {"format": "json", "object_repr": "notice", "object_id": "60", "content_type": 1, "object_id_int": 60, "serialized_data": "[{\"fields\": {\"slot\": \"notice\", \"default_width\": null}, \"model\": \"cms.placeholder\", \"pk\": 60}]", "revision": 7}, "model": "reversion.version", "pk": 138}, {"fields": {"format": "json", "object_repr": "content", "object_id": "61", "content_type": 1, "object_id_int": 61, "serialized_data": "[{\"fields\": {\"slot\": \"content\", \"default_width\": null}, \"model\": \"cms.placeholder\", \"pk\": 61}]", "revision": 7}, "model": "reversion.version", "pk": 139}, {"fields": {"format": "json", "object_repr": "aside", "object_id": "62", "content_type": 1, "object_id_int": 62, "serialized_data": "[{\"fields\": {\"slot\": \"aside\", \"default_width\": null}, \"model\": \"cms.placeholder\", \"pk\": 62}]", "revision": 7}, "model": "reversion.version", "pk": 140}, {"fields": {"format": "json", "object_repr": "CURRENT ISSUE", "object_id": "309", "content_type": 46, "object_id_int": 309, "serialized_data": "[{\"fields\": {\"title\": \"CURRENT ISSUE\"}, \"model\": \"mainsite.titlebarplugin\", \"pk\": 309}]", "revision": 7}, "model": "reversion.version", "pk": 141}, {"fields": {"format": "json", "object_repr": "259", "object_id": "259", "content_type": 15, "object_id_int": 259, "serialized_data": "[{\"fields\": {\"changed_date\": \"2016-03-21T16:24:08.436Z\", \"language\": \"en\", \"parent\": null, \"numchild\": 0, \"creation_date\": \"2016-03-21T16:24:03.689Z\", \"depth\": 1, \"position\": 0, \"path\": \"0060\", \"placeholder\": 61, \"plugin_type\": \"ShowIssuesByYearPlugin\"}, \"model\": \"cms.cmsplugin\", \"pk\": 259}]", "revision": 8}, "model": "reversion.version", "pk": 142}, {"fields": {"format": "json", "object_repr": "ISSUES (issues, en)", "object_id": "12", "content_type": 16, "object_id_int": 12, "serialized_data": "[{\"fields\": {\"menu_title\": \"\", \"meta_description\": \"\", \"page_title\": \"\", \"language\": \"en\", \"title\": \"ISSUES\", \"has_url_overwrite\": false, \"redirect\": null, \"page\": 12, \"published\": true, \"path\": \"ogf/issues\", \"creation_date\": \"2016-03-21T16:23:40.898Z\", \"slug\": \"issues\"}, \"model\": \"cms.title\", \"pk\": 12}]", "revision": 8}, "model": "reversion.version", "pk": 143}, {"fields": {"format": "json", "object_repr": "ISSUES", "object_id": "12", "content_type": 2, "object_id_int": 12, "serialized_data": "[{\"fields\": {\"navigation_extenders\": null, \"site\": 1, \"application_namespace\": null, \"path\": \"00030004\", \"in_navigation\": true, \"reverse_id\": null, \"login_required\": false, \"created_by\": \"jtoony\", \"languages\": \"en\", \"publication_end_date\": null, \"template\": \"ogf_subpage.html\", \"placeholders\": [60, 61, 62, 63], \"changed_date\": \"2016-03-23T19:28:28.585Z\", \"limit_visibility_in_menu\": null, \"parent\": 18, \"numchild\": 0, \"soft_root\": false, \"is_home\": false, \"publication_date\": \"2016-03-21T18:06:30.707Z\", \"creation_date\": \"2016-03-21T16:23:40.855Z\", \"application_urls\": null, \"changed_by\": \"jboden\", \"xframe_options\": 0, \"depth\": 2, \"revision_id\": 0}, \"model\": \"cms.page\", \"pk\": 12}]", "revision": 8}, "model": "reversion.version", "pk": 144}, {"fields": {"format": "json", "object_repr": "Oil and Gas Facilities", "object_id": "259", "content_type": 84, "object_id_int": 259, "serialized_data": "[{\"fields\": {\"publication\": \"OGF\"}, \"model\": \"spe_blog.issuesbyyearplugin\", \"pk\": 259}]", "revision": 8}, "model": "reversion.version", "pk": 145}, {"fields": {"format": "json", "object_repr": "309", "object_id": "309", "content_type": 15, "object_id_int": 309, "serialized_data": "[{\"fields\": {\"changed_date\": \"2016-03-23T19:28:28.562Z\", \"language\": \"en\", \"parent\": null, \"numchild\": 0, \"creation_date\": \"2016-03-23T19:28:18.631Z\", \"depth\": 1, \"position\": 0, \"path\": \"007D\", \"placeholder\": 62, \"plugin_type\": \"ShowTitlePlugin\"}, \"model\": \"cms.cmsplugin\", \"pk\": 309}]", "revision": 8}, "model": "reversion.version", "pk": 146}, {"fields": {"format": "json", "object_repr": "310", "object_id": "310", "content_type": 15, "object_id_int": 310, "serialized_data": "[{\"fields\": {\"changed_date\": \"2016-03-23T19:28:42.554Z\", \"language\": \"en\", \"parent\": null, \"numchild\": 0, \"creation_date\": \"2016-03-23T19:28:42.551Z\", \"depth\": 1, \"position\": 1, \"path\": \"007E\", \"placeholder\": 62, \"plugin_type\": \"ShowIssuesByPublicationPlugin\"}, \"model\": \"cms.cmsplugin\", \"pk\": 310}]", "revision": 8}, "model": "reversion.version", "pk": 147}, {"fields": {"format": "json", "object_repr": "additional-content", "object_id": "63", "content_type": 1, "object_id_int": 63, "serialized_data": "[{\"fields\": {\"slot\": \"additional-content\", \"default_width\": null}, \"model\": \"cms.placeholder\", \"pk\": 63}]", "revision": 8}, "model": "reversion.version", "pk": 148}, {"fields": {"format": "json", "object_repr": "notice", "object_id": "60", "content_type": 1, "object_id_int": 60, "serialized_data": "[{\"fields\": {\"slot\": \"notice\", \"default_width\": null}, \"model\": \"cms.placeholder\", \"pk\": 60}]", "revision": 8}, "model": "reversion.version", "pk": 149}, {"fields": {"format": "json", "object_repr": "content", "object_id": "61", "content_type": 1, "object_id_int": 61, "serialized_data": "[{\"fields\": {\"slot\": \"content\", \"default_width\": null}, \"model\": \"cms.placeholder\", \"pk\": 61}]", "revision": 8}, "model": "reversion.version", "pk": 150}, {"fields": {"format": "json", "object_repr": "aside", "object_id": "62", "content_type": 1, "object_id_int": 62, "serialized_data": "[{\"fields\": {\"slot\": \"aside\", \"default_width\": null}, \"model\": \"cms.placeholder\", \"pk\": 62}]", "revision": 8}, "model": "reversion.version", "pk": 151}, {"fields": {"format": "json", "object_repr": "CURRENT ISSUE", "object_id": "309", "content_type": 46, "object_id_int": 309, "serialized_data": "[{\"fields\": {\"title\": \"CURRENT ISSUE\"}, \"model\": \"mainsite.titlebarplugin\", \"pk\": 309}]", "revision": 8}, "model": "reversion.version", "pk": 152}, {"fields": {"format": "json", "object_repr": "259", "object_id": "259", "content_type": 15, "object_id_int": 259, "serialized_data": "[{\"fields\": {\"changed_date\": \"2016-03-21T16:24:08.436Z\", \"language\": \"en\", \"parent\": null, \"numchild\": 0, \"creation_date\": \"2016-03-21T16:24:03.689Z\", \"depth\": 1, \"position\": 0, \"path\": \"0060\", \"placeholder\": 61, \"plugin_type\": \"ShowIssuesByYearPlugin\"}, \"model\": \"cms.cmsplugin\", \"pk\": 259}]", "revision": 9}, "model": "reversion.version", "pk": 153}, {"fields": {"format": "json", "object_repr": " - Oil and Gas Facilities - 1 issues, starting with the newest using Subscribe & read issue", "object_id": "310", "content_type": 81, "object_id_int": 310, "serialized_data": "[{\"fields\": {\"cnt\": 1, \"publication\": \"OGF\", \"starting_with\": 1, \"all_url\": \"\", \"template\": \"spe_blog/plugins/issue_sidebar.html\", \"active\": true, \"all_text\": \"\"}, \"model\": \"spe_blog.issuesbypublicationplugin\", \"pk\": 310}]", "revision": 9}, "model": "reversion.version", "pk": 154}, {"fields": {"format": "json", "object_repr": "ISSUES (issues, en)", "object_id": "12", "content_type": 16, "object_id_int": 12, "serialized_data": "[{\"fields\": {\"menu_title\": \"\", \"meta_description\": \"\", \"page_title\": \"\", \"language\": \"en\", \"title\": \"ISSUES\", \"has_url_overwrite\": false, \"redirect\": null, \"page\": 12, \"published\": true, \"path\": \"ogf/issues\", \"creation_date\": \"2016-03-21T16:23:40.898Z\", \"slug\": \"issues\"}, \"model\": \"cms.title\", \"pk\": 12}]", "revision": 9}, "model": "reversion.version", "pk": 155}, {"fields": {"format": "json", "object_repr": "ISSUES", "object_id": "12", "content_type": 2, "object_id_int": 12, "serialized_data": "[{\"fields\": {\"navigation_extenders\": null, \"site\": 1, \"application_namespace\": null, \"path\": \"00030004\", \"in_navigation\": true, \"reverse_id\": null, \"login_required\": false, \"created_by\": \"jtoony\", \"languages\": \"en\", \"publication_end_date\": null, \"template\": \"ogf_subpage.html\", \"placeholders\": [60, 61, 62, 63], \"changed_date\": \"2016-03-23T19:28:42.578Z\", \"limit_visibility_in_menu\": null, \"parent\": 18, \"numchild\": 0, \"soft_root\": false, \"is_home\": false, \"publication_date\": \"2016-03-21T18:06:30.707Z\", \"creation_date\": \"2016-03-21T16:23:40.855Z\", \"application_urls\": null, \"changed_by\": \"jboden\", \"xframe_options\": 0, \"depth\": 2, \"revision_id\": 0}, \"model\": \"cms.page\", \"pk\": 12}]", "revision": 9}, "model": "reversion.version", "pk": 156}, {"fields": {"format": "json", "object_repr": "Oil and Gas Facilities", "object_id": "259", "content_type": 84, "object_id_int": 259, "serialized_data": "[{\"fields\": {\"publication\": \"OGF\"}, \"model\": \"spe_blog.issuesbyyearplugin\", \"pk\": 259}]", "revision": 9}, "model": "reversion.version", "pk": 157}, {"fields": {"format": "json", "object_repr": "309", "object_id": "309", "content_type": 15, "object_id_int": 309, "serialized_data": "[{\"fields\": {\"changed_date\": \"2016-03-23T19:28:28.562Z\", \"language\": \"en\", \"parent\": null, \"numchild\": 0, \"creation_date\": \"2016-03-23T19:28:18.631Z\", \"depth\": 1, \"position\": 0, \"path\": \"007D\", \"placeholder\": 62, \"plugin_type\": \"ShowTitlePlugin\"}, \"model\": \"cms.cmsplugin\", \"pk\": 309}]", "revision": 9}, "model": "reversion.version", "pk": 158}, {"fields": {"format": "json", "object_repr": "310", "object_id": "310", "content_type": 15, "object_id_int": 310, "serialized_data": "[{\"fields\": {\"changed_date\": \"2016-03-23T19:28:55.646Z\", \"language\": \"en\", \"parent\": null, \"numchild\": 0, \"creation_date\": \"2016-03-23T19:28:42.551Z\", \"depth\": 1, \"position\": 1, \"path\": \"007E\", \"placeholder\": 62, \"plugin_type\": \"ShowIssuesByPublicationPlugin\"}, \"model\": \"cms.cmsplugin\", \"pk\": 310}]", "revision": 9}, "model": "reversion.version", "pk": 159}, {"fields": {"format": "json", "object_repr": "additional-content", "object_id": "63", "content_type": 1, "object_id_int": 63, "serialized_data": "[{\"fields\": {\"slot\": \"additional-content\", \"default_width\": null}, \"model\": \"cms.placeholder\", \"pk\": 63}]", "revision": 9}, "model": "reversion.version", "pk": 160}, {"fields": {"format": "json", "object_repr": "notice", "object_id": "60", "content_type": 1, "object_id_int": 60, "serialized_data": "[{\"fields\": {\"slot\": \"notice\", \"default_width\": null}, \"model\": \"cms.placeholder\", \"pk\": 60}]", "revision": 9}, "model": "reversion.version", "pk": 161}, {"fields": {"format": "json", "object_repr": "content", "object_id": "61", "content_type": 1, "object_id_int": 61, "serialized_data": "[{\"fields\": {\"slot\": \"content\", \"default_width\": null}, \"model\": \"cms.placeholder\", \"pk\": 61}]", "revision": 9}, "model": "reversion.version", "pk": 162}, {"fields": {"format": "json", "object_repr": "aside", "object_id": "62", "content_type": 1, "object_id_int": 62, "serialized_data": "[{\"fields\": {\"slot\": \"aside\", \"default_width\": null}, \"model\": \"cms.placeholder\", \"pk\": 62}]", "revision": 9}, "model": "reversion.version", "pk": 163}, {"fields": {"format": "json", "object_repr": "CURRENT ISSUE", "object_id": "309", "content_type": 46, "object_id_int": 309, "serialized_data": "[{\"fields\": {\"title\": \"CURRENT ISSUE\"}, \"model\": \"mainsite.titlebarplugin\", \"pk\": 309}]", "revision": 9}, "model": "reversion.version", "pk": 164}, {"fields": {"format": "json", "object_repr": "259", "object_id": "259", "content_type": 15, "object_id_int": 259, "serialized_data": "[{\"fields\": {\"changed_date\": \"2016-03-21T16:24:08.436Z\", \"language\": \"en\", \"parent\": null, \"numchild\": 0, \"creation_date\": \"2016-03-21T16:24:03.689Z\", \"depth\": 1, \"position\": 0, \"path\": \"0060\", \"placeholder\": 61, \"plugin_type\": \"ShowIssuesByYearPlugin\"}, \"model\": \"cms.cmsplugin\", \"pk\": 259}]", "revision": 10}, "model": "reversion.version", "pk": 165}, {"fields": {"format": "json", "object_repr": " - Oil and Gas Facilities - 1 issues, starting with the newest using Subscribe & read issue", "object_id": "310", "content_type": 81, "object_id_int": 310, "serialized_data": "[{\"fields\": {\"cnt\": 1, \"publication\": \"OGF\", \"starting_with\": 1, \"all_url\": \"\", \"template\": \"spe_blog/plugins/issue_sidebar.html\", \"active\": true, \"all_text\": \"\"}, \"model\": \"spe_blog.issuesbypublicationplugin\", \"pk\": 310}]", "revision": 10}, "model": "reversion.version", "pk": 166}, {"fields": {"format": "json", "object_repr": "ISSUES (issues, en)", "object_id": "12", "content_type": 16, "object_id_int": 12, "serialized_data": "[{\"fields\": {\"menu_title\": \"\", \"meta_description\": \"\", \"page_title\": \"\", \"language\": \"en\", \"title\": \"ISSUES\", \"has_url_overwrite\": false, \"redirect\": null, \"page\": 12, \"published\": true, \"path\": \"ogf/issues\", \"creation_date\": \"2016-03-21T16:23:40.898Z\", \"slug\": \"issues\"}, \"model\": \"cms.title\", \"pk\": 12}]", "revision": 10}, "model": "reversion.version", "pk": 167}, {"fields": {"format": "json", "object_repr": "ISSUES", "object_id": "12", "content_type": 2, "object_id_int": 12, "serialized_data": "[{\"fields\": {\"navigation_extenders\": null, \"site\": 1, \"application_namespace\": null, \"path\": \"00030004\", \"in_navigation\": true, \"reverse_id\": null, \"login_required\": false, \"created_by\": \"jtoony\", \"languages\": \"en\", \"publication_end_date\": null, \"template\": \"ogf_subpage.html\", \"placeholders\": [60, 61, 62, 63], \"changed_date\": \"2016-03-23T19:29:08.314Z\", \"limit_visibility_in_menu\": null, \"parent\": 18, \"numchild\": 0, \"soft_root\": false, \"is_home\": false, \"publication_date\": \"2016-03-21T18:06:30.707Z\", \"creation_date\": \"2016-03-21T16:23:40.855Z\", \"application_urls\": null, \"changed_by\": \"jboden\", \"xframe_options\": 0, \"depth\": 2, \"revision_id\": 0}, \"model\": \"cms.page\", \"pk\": 12}]", "revision": 10}, "model": "reversion.version", "pk": 168}, {"fields": {"format": "json", "object_repr": "Oil and Gas Facilities", "object_id": "259", "content_type": 84, "object_id_int": 259, "serialized_data": "[{\"fields\": {\"publication\": \"OGF\"}, \"model\": \"spe_blog.issuesbyyearplugin\", \"pk\": 259}]", "revision": 10}, "model": "reversion.version", "pk": 169}, {"fields": {"format": "json", "object_repr": "309", "object_id": "309", "content_type": 15, "object_id_int": 309, "serialized_data": "[{\"fields\": {\"changed_date\": \"2016-03-23T19:28:28.562Z\", \"language\": \"en\", \"parent\": null, \"numchild\": 0, \"creation_date\": \"2016-03-23T19:28:18.631Z\", \"depth\": 1, \"position\": 0, \"path\": \"007D\", \"placeholder\": 62, \"plugin_type\": \"ShowTitlePlugin\"}, \"model\": \"cms.cmsplugin\", \"pk\": 309}]", "revision": 10}, "model": "reversion.version", "pk": 170}, {"fields": {"format": "json", "object_repr": "310", "object_id": "310", "content_type": 15, "object_id_int": 310, "serialized_data": "[{\"fields\": {\"changed_date\": \"2016-03-23T19:28:55.646Z\", \"language\": \"en\", \"parent\": null, \"numchild\": 0, \"creation_date\": \"2016-03-23T19:28:42.551Z\", \"depth\": 1, \"position\": 1, \"path\": \"007E\", \"placeholder\": 62, \"plugin_type\": \"ShowIssuesByPublicationPlugin\"}, \"model\": \"cms.cmsplugin\", \"pk\": 310}]", "revision": 10}, "model": "reversion.version", "pk": 171}, {"fields": {"format": "json", "object_repr": "additional-content", "object_id": "63", "content_type": 1, "object_id_int": 63, "serialized_data": "[{\"fields\": {\"slot\": \"additional-content\", \"default_width\": null}, \"model\": \"cms.placeholder\", \"pk\": 63}]", "revision": 10}, "model": "reversion.version", "pk": 172}, {"fields": {"format": "json", "object_repr": "notice", "object_id": "60", "content_type": 1, "object_id_int": 60, "serialized_data": "[{\"fields\": {\"slot\": \"notice\", \"default_width\": null}, \"model\": \"cms.placeholder\", \"pk\": 60}]", "revision": 10}, "model": "reversion.version", "pk": 173}, {"fields": {"format": "json", "object_repr": "content", "object_id": "61", "content_type": 1, "object_id_int": 61, "serialized_data": "[{\"fields\": {\"slot\": \"content\", \"default_width\": null}, \"model\": \"cms.placeholder\", \"pk\": 61}]", "revision": 10}, "model": "reversion.version", "pk": 174}, {"fields": {"format": "json", "object_repr": "aside", "object_id": "62", "content_type": 1, "object_id_int": 62, "serialized_data": "[{\"fields\": {\"slot\": \"aside\", \"default_width\": null}, \"model\": \"cms.placeholder\", \"pk\": 62}]", "revision": 10}, "model": "reversion.version", "pk": 175}, {"fields": {"format": "json", "object_repr": "CURRENT ISSUE", "object_id": "309", "content_type": 46, "object_id_int": 309, "serialized_data": "[{\"fields\": {\"title\": \"CURRENT ISSUE\"}, \"model\": \"mainsite.titlebarplugin\", \"pk\": 309}]", "revision": 10}, "model": "reversion.version", "pk": 176}, {"fields": {"crm_code": null, "active": true, "name": "Completions", "eva_code": null}, "model": "mainsite.tier1discipline", "pk": "cmp"}, {"fields": {"crm_code": null, "active": true, "name": "Drilling", "eva_code": null}, "model": "mainsite.tier1discipline", "pk": "drl"}, {"fields": {"crm_code": null, "active": true, "name": "HSSE-SR", "eva_code": null}, "model": "mainsite.tier1discipline", "pk": "hse"}, {"fields": {"crm_code": null, "active": true, "name": "Management & Information", "eva_code": null}, "model": "mainsite.tier1discipline", "pk": "man"}, {"fields": {"crm_code": null, "active": true, "name": "Projects, Facilities, & Construction", "eva_code": null}, "model": "mainsite.tier1discipline", "pk": "pfc"}, {"fields": {"crm_code": "", "active": true, "name": "Production and Well Operations", "eva_code": "Production%20and%20Operations"}, "model": "mainsite.tier1discipline", "pk": "prd"}, {"fields": {"crm_code": null, "active": true, "name": "Reservoir Description & Dynamics", "eva_code": null}, "model": "mainsite.tier1discipline", "pk": "rdd"}, {"fields": {"active": true, "code": "1", "name": "Artificial lift"}, "model": "mainsite.topics", "pk": 2}, {"fields": {"active": true, "code": "2", "name": "Asset/portfolio management"}, "model": "mainsite.topics", "pk": 3}, {"fields": {"active": true, "code": "3", "name": "Carbon capture and storage"}, "model": "mainsite.topics", "pk": 4}, {"fields": {"active": true, "code": "4", "name": "Casing/cementing/zonal isolation"}, "model": "mainsite.topics", "pk": 5}, {"fields": {"active": true, "code": "5", "name": "Coiled tubing"}, "model": "mainsite.topics", "pk": 6}, {"fields": {"active": true, "code": "6", "name": "Completion fluids"}, "model": "mainsite.topics", "pk": 7}, {"fields": {"active": true, "code": "7", "name": "Completions"}, "model": "mainsite.topics", "pk": 8}, {"fields": {"active": true, "code": "8", "name": "Continued service of fields"}, "model": "mainsite.topics", "pk": 9}, {"fields": {"active": true, "code": "9", "name": "Corrosion"}, "model": "mainsite.topics", "pk": 10}, {"fields": {"active": true, "code": "10", "name": "Data and information management"}, "model": "mainsite.topics", "pk": 11}, {"fields": {"active": true, "code": "11", "name": "Decommisioning/site remediation"}, "model": "mainsite.topics", "pk": 12}, {"fields": {"active": true, "code": "12", "name": "Directional/extended reach wells"}, "model": "mainsite.topics", "pk": 13}, {"fields": {"active": true, "code": "13", "name": "Drilling "}, "model": "mainsite.topics", "pk": 14}, {"fields": {"active": true, "code": "14", "name": "Drilling automation"}, "model": "mainsite.topics", "pk": 15}, {"fields": {"active": true, "code": "15", "name": "Drilling fluids"}, "model": "mainsite.topics", "pk": 16}, {"fields": {"active": true, "code": "16", "name": "Drilling operations"}, "model": "mainsite.topics", "pk": 17}, {"fields": {"active": true, "code": "17", "name": "Enhanced recovery"}, "model": "mainsite.topics", "pk": 18}, {"fields": {"active": true, "code": "18", "name": "Environment"}, "model": "mainsite.topics", "pk": 19}, {"fields": {"active": true, "code": "19", "name": "Facilities planning and maintenance"}, "model": "mainsite.topics", "pk": 20}, {"fields": {"active": true, "code": "20", "name": "Faculty/engineering education"}, "model": "mainsite.topics", "pk": 21}, {"fields": {"active": true, "code": "21", "name": "Field start-up/commissioning"}, "model": "mainsite.topics", "pk": 22}, {"fields": {"active": true, "code": "22", "name": "Flow assurance"}, "model": "mainsite.topics", "pk": 23}, {"fields": {"active": true, "code": "23", "name": "Formation damage"}, "model": "mainsite.topics", "pk": 24}, {"fields": {"active": true, "code": "24", "name": "Gas conversion (LNG/GTL)"}, "model": "mainsite.topics", "pk": 25}, {"fields": {"active": true, "code": "25", "name": "H2S/sour gas"}, "model": "mainsite.topics", "pk": 26}, {"fields": {"active": true, "code": "26", "name": "HP/HT"}, "model": "mainsite.topics", "pk": 27}, {"fields": {"active": true, "code": "27", "name": "HR/people management"}, "model": "mainsite.topics", "pk": 28}, {"fields": {"active": true, "code": "28", "name": "HSSE-SR"}, "model": "mainsite.topics", "pk": 29}, {"fields": {"active": true, "code": "29", "name": "Hydraulic fracturing"}, "model": "mainsite.topics", "pk": 30}, {"fields": {"active": true, "code": "30", "name": "Intelligent fields/surveillance"}, "model": "mainsite.topics", "pk": 31}, {"fields": {"active": true, "code": "31", "name": "Management and Information"}, "model": "mainsite.topics", "pk": 32}, {"fields": {"active": true, "code": "32", "name": "MPD/UBD"}, "model": "mainsite.topics", "pk": 33}, {"fields": {"active": true, "code": "33", "name": "Petroleum economics/production forecasting"}, "model": "mainsite.topics", "pk": 34}, {"fields": {"active": true, "code": "34", "name": "Petroleum reserves"}, "model": "mainsite.topics", "pk": 35}, {"fields": {"active": true, "code": "35", "name": "Petrophysics/geophysics"}, "model": "mainsite.topics", "pk": 36}, {"fields": {"active": true, "code": "36", "name": "Processing systems/design"}, "model": "mainsite.topics", "pk": 37}, {"fields": {"active": true, "code": "37", "name": "Production and well operations"}, "model": "mainsite.topics", "pk": 38}, {"fields": {"active": true, "code": "38", "name": "Production chemistry"}, "model": "mainsite.topics", "pk": 39}, {"fields": {"active": true, "code": "39", "name": "Project management"}, "model": "mainsite.topics", "pk": 40}, {"fields": {"active": true, "code": "40", "name": "Projects, facilities & construction"}, "model": "mainsite.topics", "pk": 41}, {"fields": {"active": true, "code": "41", "name": "R&D"}, "model": "mainsite.topics", "pk": 42}, {"fields": {"active": true, "code": "42", "name": "Reservoir characterization"}, "model": "mainsite.topics", "pk": 43}, {"fields": {"active": true, "code": "43", "name": "Reservoir description and dynamics"}, "model": "mainsite.topics", "pk": 44}, {"fields": {"active": true, "code": "44", "name": "Reservoir management"}, "model": "mainsite.topics", "pk": 45}, {"fields": {"active": true, "code": "45", "name": "Reservoir simulation"}, "model": "mainsite.topics", "pk": 46}, {"fields": {"active": true, "code": "46", "name": "Risers/flowlines/pipelines"}, "model": "mainsite.topics", "pk": 47}, {"fields": {"active": true, "code": "47", "name": "Risk management/decision-making"}, "model": "mainsite.topics", "pk": 48}, {"fields": {"active": true, "code": "48", "name": "Safety/health"}, "model": "mainsite.topics", "pk": 49}, {"fields": {"active": true, "code": "49", "name": "Sand management/control"}, "model": "mainsite.topics", "pk": 50}, {"fields": {"active": true, "code": "50", "name": "Separation/metering"}, "model": "mainsite.topics", "pk": 51}, {"fields": {"active": true, "code": "51", "name": "Social responsibility/sustainability"}, "model": "mainsite.topics", "pk": 52}, {"fields": {"active": true, "code": "52", "name": "Stimulation/acidizing"}, "model": "mainsite.topics", "pk": 53}, {"fields": {"active": true, "code": "53", "name": "Subsea systems"}, "model": "mainsite.topics", "pk": 54}, {"fields": {"active": true, "code": "54", "name": "Topsides/floating production systems"}, "model": "mainsite.topics", "pk": 55}, {"fields": {"active": true, "code": "55", "name": "Water treatment and management"}, "model": "mainsite.topics", "pk": 56}, {"fields": {"active": true, "code": "56", "name": "Well integrity/control"}, "model": "mainsite.topics", "pk": 57}, {"fields": {"active": true, "code": "57", "name": "Well intervention/recompletion"}, "model": "mainsite.topics", "pk": 58}, {"fields": {"category": null, "sort_order": 0, "type": "MEMBERSHIP", "description": "Century Club Membership"}, "model": "mainsite.customerclassification", "pk": "10YR"}, {"fields": {"category": null, "sort_order": 0, "type": "MEMBERSHIP", "description": "25 Year Membership"}, "model": "mainsite.customerclassification", "pk": "25YR"}, {"fields": {"category": null, "sort_order": 0, "type": "MEMBERSHIP", "description": "Board of Director"}, "model": "mainsite.customerclassification", "pk": "BOD"}, {"fields": {"category": null, "sort_order": 0, "type": "MEMBERSHIP", "description": "Committee Officer"}, "model": "mainsite.customerclassification", "pk": "COMMITTEE"}, {"fields": {"category": null, "sort_order": 0, "type": "MEMBERSHIP", "description": "Grad Student"}, "model": "mainsite.customerclassification", "pk": "GRAD"}, {"fields": {"category": null, "sort_order": 0, "type": "MEMBERSHIP", "description": "Lifetime Member"}, "model": "mainsite.customerclassification", "pk": "LIFETIME"}, {"fields": {"category": null, "sort_order": 0, "type": "MEMBERSHIP", "description": "Legion of Honor"}, "model": "mainsite.customerclassification", "pk": "LOH"}, {"fields": {"category": null, "sort_order": 0, "type": "MEMBERSHIP", "description": "1st Year Graduate"}, "model": "mainsite.customerclassification", "pk": "NEW_GRAD_Y1"}, {"fields": {"category": null, "sort_order": 0, "type": "MEMBERSHIP", "description": "2nd Year Graduate"}, "model": "mainsite.customerclassification", "pk": "NEW_GRAD_Y2"}, {"fields": {"category": null, "sort_order": 0, "type": "MEMBERSHIP", "description": "Professional"}, "model": "mainsite.customerclassification", "pk": "PROFESSIONAL"}, {"fields": {"category": null, "sort_order": 0, "type": "MEMBERSHIP", "description": "Staff"}, "model": "mainsite.customerclassification", "pk": "STAFF"}, {"fields": {"category": null, "sort_order": 0, "type": "MEMBERSHIP", "description": "Student"}, "model": "mainsite.customerclassification", "pk": "STUDENT"}, {"fields": {"category": null, "sort_order": 0, "type": "MEMBERSHIP", "description": "Young Professional"}, "model": "mainsite.customerclassification", "pk": "YP"}, {"fields": {"aid": null, "zid": 79087, "num": 1, "show_errors": false}, "model": "mainsite.adspeedzoneplugin", "pk": 95}, {"fields": {"aid": null, "zid": 79087, "num": 1, "show_errors": false}, "model": "mainsite.adspeedzoneplugin", "pk": 99}, {"fields": {"aid": null, "zid": 79087, "num": 1, "show_errors": false}, "model": "mainsite.adspeedzoneplugin", "pk": 174}, {"fields": {"aid": null, "zid": 79087, "num": 1, "show_errors": false}, "model": "mainsite.adspeedzoneplugin", "pk": 180}, {"fields": {"aid": null, "zid": 79087, "num": 1, "show_errors": false}, "model": "mainsite.adspeedzoneplugin", "pk": 251}, {"fields": {"aid": null, "zid": 79087, "num": 1, "show_errors": false}, "model": "mainsite.adspeedzoneplugin", "pk": 255}, {"fields": {"aid": null, "zid": 79087, "num": 1, "show_errors": false}, "model": "mainsite.adspeedzoneplugin", "pk": 267}, {"fields": {"aid": null, "zid": 79087, "num": 1, "show_errors": false}, "model": "mainsite.adspeedzoneplugin", "pk": 270}, {"fields": {"aid": null, "zid": 79087, "num": 1, "show_errors": false}, "model": "mainsite.adspeedzoneplugin", "pk": 288}, {"fields": {"aid": null, "zid": 79087, "num": 1, "show_errors": false}, "model": "mainsite.adspeedzoneplugin", "pk": 294}, {"fields": {"aid": null, "zid": 79087, "num": 1, "show_errors": false}, "model": "mainsite.adspeedzoneplugin", "pk": 301}, {"fields": {"aid": null, "zid": 79087, "num": 1, "show_errors": false}, "model": "mainsite.adspeedzoneplugin", "pk": 305}, {"fields": {"title": "IN FOCUS"}, "model": "mainsite.titlebarplugin", "pk": 18}, {"fields": {"title": "CURRENT ISSUE"}, "model": "mainsite.titlebarplugin", "pk": 23}, {"fields": {"title": "CALENDAR"}, "model": "mainsite.titlebarplugin", "pk": 25}, {"fields": {"title": "TECHNOLOGY MARKETPLACE"}, "model": "mainsite.titlebarplugin", "pk": 35}, {"fields": {"title": "ON THE MOVE"}, "model": "mainsite.titlebarplugin", "pk": 100}, {"fields": {"title": "PEER-REVIEWED PAPERS"}, "model": "mainsite.titlebarplugin", "pk": 106}, {"fields": {"title": "PEOPLE ON THE MOVE"}, "model": "mainsite.titlebarplugin", "pk": 167}, {"fields": {"title": "CURRENT ISSUE"}, "model": "mainsite.titlebarplugin", "pk": 173}, {"fields": {"title": "CALENDAR"}, "model": "mainsite.titlebarplugin", "pk": 176}, {"fields": {"title": "IN FOCUS"}, "model": "mainsite.titlebarplugin", "pk": 240}, {"fields": {"title": "TECHNOLOGY MARKETPLACE"}, "model": "mainsite.titlebarplugin", "pk": 241}, {"fields": {"title": "ON THE MOVE"}, "model": "mainsite.titlebarplugin", "pk": 244}, {"fields": {"title": "PEER-REVIEWED PAPERS"}, "model": "mainsite.titlebarplugin", "pk": 247}, {"fields": {"title": "CURRENT ISSUE"}, "model": "mainsite.titlebarplugin", "pk": 250}, {"fields": {"title": "CALENDAR"}, "model": "mainsite.titlebarplugin", "pk": 253}, {"fields": {"title": "CURRENT ISSUE"}, "model": "mainsite.titlebarplugin", "pk": 265}, {"fields": {"title": "CALENDAR"}, "model": "mainsite.titlebarplugin", "pk": 268}, {"fields": {"title": "POPULAR ARTICLES"}, "model": "mainsite.titlebarplugin", "pk": 271}, {"fields": {"title": "EVENTS NEAR YOU"}, "model": "mainsite.titlebarplugin", "pk": 274}, {"fields": {"title": "PEOPLE ON THE MOVE"}, "model": "mainsite.titlebarplugin", "pk": 284}, {"fields": {"title": "CURRENT ISSUE"}, "model": "mainsite.titlebarplugin", "pk": 287}, {"fields": {"title": "CALENDAR"}, "model": "mainsite.titlebarplugin", "pk": 290}, {"fields": {"title": "POPULAR ARTICLES"}, "model": "mainsite.titlebarplugin", "pk": 296}, {"fields": {"title": "CURRENT ISSUE"}, "model": "mainsite.titlebarplugin", "pk": 299}, {"fields": {"title": "CALENDAR"}, "model": "mainsite.titlebarplugin", "pk": 303}, {"fields": {"title": "EVENTS NEAR YOU"}, "model": "mainsite.titlebarplugin", "pk": 307}, {"fields": {"title": "CURRENT ISSUE"}, "model": "mainsite.titlebarplugin", "pk": 309}, {"fields": {"title": "CURRENT ISSUE"}, "model": "mainsite.titlebarplugin", "pk": 312}, {"fields": {"txt": "<h3><strong>THIS IS AN ALERT!</strong></h3>\r\n\r\n<p>So, be a lert, we need all the lerts we can get.</p>\r\n", "cls": "tile-lightblue"}, "model": "mainsite.textwithclass", "pk": 1}, {"fields": {"txt": "<h3>Who We Are</h3>\r\n\r\n<p>SPE is the largest individual member organization serving managers, engineers, scientists and other professionals worldwide in the upstream segment of the oil and gas industry.</p>\r\n\r\n<p><a href=\"/about/\">More about SPE</a></p>\r\n", "cls": "tile-blue"}, "model": "mainsite.textwithclass", "pk": 6}, {"fields": {"txt": "<p>THIS IS AN ALERT! Which is good, becasue we need all the Lerts we can get.</p>\r\n", "cls": "tile-alert"}, "model": "mainsite.textwithclass", "pk": 15}, {"fields": {"txt": "<p>THIS IS AN ALERT! Which is good, becasue we need all the Lerts we can get.</p>\r\n", "cls": "tile-alert"}, "model": "mainsite.textwithclass", "pk": 175}, {"fields": {"txt": "<p>THIS IS AN ALERT! Which is good, becasue we need all the Lerts we can get.</p>\r\n", "cls": "tile-alert"}, "model": "mainsite.textwithclass", "pk": 252}, {"fields": {"txt": "<h3><strong>THIS IS AN ALERT!</strong></h3>\r\n\r\n<p>So, be a lert, we need all the lerts we can get.</p>\r\n", "cls": "tile-lightblue"}, "model": "mainsite.textwithclass", "pk": 275}, {"fields": {"txt": "<h3>Who We Are</h3>\r\n\r\n<p>SPE is the largest individual member organization serving managers, engineers, scientists and other professionals worldwide in the upstream segment of the oil and gas industry.</p>\r\n\r\n<p><a href=\"/about/\">More about SPE</a></p>\r\n", "cls": "tile-blue"}, "model": "mainsite.textwithclass", "pk": 280}, {"fields": {"txt": "<p>THIS IS AN ALERT! Which is good, becasue we need all the Lerts we can get.</p>\r\n", "cls": "tile-alert"}, "model": "mainsite.textwithclass", "pk": 289}, {"fields": {"class_name": "spe-news", "show_all_external": "", "code": "SPENEWS", "show_all_page": null, "title": "SPE News"}, "model": "spe_links.spelinkcategory", "pk": 1}, {"fields": {"class_name": "spe-disciplines", "show_all_external": "", "code": "DISCIPLINE", "show_all_page": null, "title": "SPE Disciplines"}, "model": "spe_links.spelinkcategory", "pk": 2}, {"fields": {"class_name": "spe-regions", "show_all_external": "", "code": "REGION", "show_all_page": null, "title": "SPE Regions"}, "model": "spe_links.spelinkcategory", "pk": 3}, {"fields": {"category": 1, "page_url": null, "external_url": "", "title": "Dan Adamson, Longtime SPE Executive Director, Dies at 76"}, "model": "spe_links.spelink", "pk": 1}, {"fields": {"category": 1, "page_url": null, "external_url": "", "title": "Sign Up Today for PetroBowl Regional Qualifiers"}, "model": "spe_links.spelink", "pk": 2}, {"fields": {"category": 1, "page_url": null, "external_url": "", "title": "SPE Announces Distinguished Lecturer Lineup for 2016-2017"}, "model": "spe_links.spelink", "pk": 3}, {"fields": {"category": 1, "page_url": null, "external_url": "", "title": "ATCE 2016 Call for Papers Now Open (Deadline: 25 January)"}, "model": "spe_links.spelink", "pk": 4}, {"fields": {"category": 2, "page_url": null, "external_url": "", "title": "Drilling and Completions"}, "model": "spe_links.spelink", "pk": 5}, {"fields": {"category": 2, "page_url": null, "external_url": "", "title": "Health, Safety, Security, Environment, and Social Responsibility"}, "model": "spe_links.spelink", "pk": 6}, {"fields": {"category": 3, "page_url": null, "external_url": "", "title": "Asia Pacific"}, "model": "spe_links.spelink", "pk": 7}, {"fields": {"category": 2, "page_url": null, "external_url": "", "title": "Management and Information"}, "model": "spe_links.spelink", "pk": 8}, {"fields": {"category": 2, "page_url": null, "external_url": "", "title": "Production and Operations"}, "model": "spe_links.spelink", "pk": 9}, {"fields": {"category": 2, "page_url": null, "external_url": "", "title": "Projects, Facilities and Construction"}, "model": "spe_links.spelink", "pk": 10}, {"fields": {"category": 2, "page_url": null, "external_url": "", "title": "Reservoir Description and Dynamics"}, "model": "spe_links.spelink", "pk": 11}, {"fields": {"category": 3, "page_url": null, "external_url": "", "title": "Canada"}, "model": "spe_links.spelink", "pk": 12}, {"fields": {"category": 3, "page_url": null, "external_url": "", "title": "Europe and Sub-Saharan Africa"}, "model": "spe_links.spelink", "pk": 13}, {"fields": {"category": 3, "page_url": null, "external_url": "", "title": "Latin America and Caribbean"}, "model": "spe_links.spelink", "pk": 14}, {"fields": {"category": 3, "page_url": null, "external_url": "", "title": "Middle East, North Africa, and South Asia"}, "model": "spe_links.spelink", "pk": 15}, {"fields": {"category": 3, "page_url": null, "external_url": "", "title": "United States"}, "model": "spe_links.spelink", "pk": 16}, {"fields": {"category": 3, "page_url": null, "external_url": "", "title": "Russia and Caspian"}, "model": "spe_links.spelink", "pk": 17}, {"fields": {"category": 1, "page_url": null, "external_url": "", "title": "Saibal Did not win the Lottery!"}, "model": "spe_links.spelink", "pk": 18}, {"fields": {"category": 1}, "model": "spe_links.spelinkpluginmodel", "pk": 2}, {"fields": {"category": 1}, "model": "spe_links.spelinkpluginmodel", "pk": 4}, {"fields": {"category": 2}, "model": "spe_links.spelinkpluginmodel", "pk": 5}, {"fields": {"category": 3}, "model": "spe_links.spelinkpluginmodel", "pk": 7}, {"fields": {"category": 2}, "model": "spe_links.spelinkpluginmodel", "pk": 23}, {"fields": {"category": 2}, "model": "spe_links.spelinkpluginmodel", "pk": 177}, {"fields": {"category": 1}, "model": "spe_links.spelinkpluginmodel", "pk": 178}, {"fields": {"category": 1}, "model": "spe_links.spelinkpluginmodel", "pk": 278}, {"fields": {"category": 2}, "model": "spe_links.spelinkpluginmodel", "pk": 279}, {"fields": {"category": 3}, "model": "spe_links.spelinkpluginmodel", "pk": 281}, {"fields": {"category": 2}, "model": "spe_links.spelinkpluginmodel", "pk": 291}, {"fields": {"category": 1}, "model": "spe_links.spelinkpluginmodel", "pk": 292}, {"fields": {"active": true, "subscription_url": "", "cms_url": null, "name": "HSE Now"}, "model": "spe_blog.publication", "pk": "HSE"}, {"fields": {"active": true, "subscription_url": "", "cms_url": null, "name": "Journal of Petroleum Technology"}, "model": "spe_blog.publication", "pk": "JPT"}, {"fields": {"active": true, "subscription_url": "http://www.spe.org", "cms_url": null, "name": "Oil and Gas Facilities"}, "model": "spe_blog.publication", "pk": "OGF"}, {"fields": {"active": true, "subscription_url": "", "cms_url": null, "name": "The Way Ahead"}, "model": "spe_blog.publication", "pk": "TWA"}, {"fields": {"active": true, "subscription_url": "", "cms_url": null, "name": "Online"}, "model": "spe_blog.publication", "pk": "WWW"}, {"fields": {"print_volume": 4, "publication": "OGF", "print_issue": 2, "cover": "covers/v4n2_cover_sHadclQ.png", "active": true, "date": "2015-04-01", "issue_url": "http://www.spe.org/ogf/print/archives/2015/04/"}, "model": "spe_blog.issue", "pk": 1}, {"fields": {"print_volume": 4, "publication": "OGF", "print_issue": 1, "cover": "covers/v4n1_cover_dwqoXwg.png", "active": true, "date": "2015-02-01", "issue_url": "http://www.spe.org/ogf/print/archives/2015/02/"}, "model": "spe_blog.issue", "pk": 2}, {"fields": {"print_volume": 5, "publication": "OGF", "print_issue": 1, "cover": "covers/v5n1_cover_rMFE4z7.png", "active": true, "date": "2016-02-01", "issue_url": "http://www.spe.org/ogf/print/archives/2016/02/"}, "model": "spe_blog.issue", "pk": 3}, {"fields": {"print_volume": 4, "publication": "OGF", "print_issue": 3, "cover": "covers/v4n3_cover_lryThqQ.png", "active": true, "date": "2015-06-01", "issue_url": "http://www.spe.org/ogf/print/archives/2015/06/"}, "model": "spe_blog.issue", "pk": 4}, {"fields": {"print_volume": 4, "publication": "OGF", "print_issue": 4, "cover": "covers/v4n4_cover_oo9sZCG.png", "active": true, "date": "2015-08-01", "issue_url": "http://www.spe.org/ogf/print/archives/2015/08/"}, "model": "spe_blog.issue", "pk": 5}, {"fields": {"print_volume": 4, "publication": "OGF", "print_issue": 5, "cover": "covers/v4n5_cover_XpyWYhP.png", "active": true, "date": "2015-10-01", "issue_url": "http://www.spe.org/ogf/print/archives/2015/10/"}, "model": "spe_blog.issue", "pk": 6}, {"fields": {"print_volume": 4, "publication": "OGF", "print_issue": 6, "cover": "covers/v4n6_cover_2VBB3Yv.png", "active": true, "date": "2015-12-01", "issue_url": "http://www.spe.org/ogf/print/archives/2015/12/"}, "model": "spe_blog.issue", "pk": 7}, {"fields": {"print_volume": 3, "publication": "OGF", "print_issue": 1, "cover": "covers/v3n1_cover_D9hShXw.png", "active": true, "date": "2014-02-01", "issue_url": "http://www.spe.org/ogf/print/archives/2014/02/"}, "model": "spe_blog.issue", "pk": 8}, {"fields": {"print_volume": 3, "publication": "OGF", "print_issue": 2, "cover": "covers/v3n2_cover_5THXtkU.png", "active": true, "date": "2014-04-01", "issue_url": "http://www.spe.org/ogf/print/archives/2014/04/"}, "model": "spe_blog.issue", "pk": 9}, {"fields": {"print_volume": 3, "publication": "OGF", "print_issue": 3, "cover": "covers/v3n3_cover_VLsMIYl.png", "active": true, "date": "2014-06-01", "issue_url": "http://www.spe.org/ogf/print/archives/2014/06/"}, "model": "spe_blog.issue", "pk": 10}, {"fields": {"print_volume": 3, "publication": "OGF", "print_issue": 4, "cover": "covers/v3n4_cover_KQTRLT9.png", "active": true, "date": "2014-08-01", "issue_url": "http://www.spe.org/ogf/print/archives/2014/08/"}, "model": "spe_blog.issue", "pk": 11}, {"fields": {"print_volume": 3, "publication": "OGF", "print_issue": 5, "cover": "covers/v3n5_cover_FiwGLny.png", "active": true, "date": "2014-10-01", "issue_url": "http://www.spe.org/ogf/print/archives/2014/10/"}, "model": "spe_blog.issue", "pk": 12}, {"fields": {"print_volume": 3, "publication": "OGF", "print_issue": 6, "cover": "covers/v3n6_cover_JcVJQOF.png", "active": true, "date": "2014-12-01", "issue_url": "http://www.spe.org/ogf/print/archives/2014/12/"}, "model": "spe_blog.issue", "pk": 13}, {"fields": {"print_volume": 2, "publication": "OGF", "print_issue": 1, "cover": "covers/v2n1_cover_26i6swX.png", "active": true, "date": "2013-02-01", "issue_url": "http://www.spe.org/ogf/print/archives/2013/02/"}, "model": "spe_blog.issue", "pk": 14}, {"fields": {"print_volume": 2, "publication": "OGF", "print_issue": 2, "cover": "covers/v2n2_cover_iwF7caF.png", "active": true, "date": "2013-04-01", "issue_url": "http://www.spe.org/ogf/print/archives/2013/04/"}, "model": "spe_blog.issue", "pk": 15}, {"fields": {"print_volume": 2, "publication": "OGF", "print_issue": 3, "cover": "covers/v2n3_cover_5AnDWYr.png", "active": true, "date": "2013-06-01", "issue_url": "http://www.spe.org/ogf/print/archives/2013/06/"}, "model": "spe_blog.issue", "pk": 16}, {"fields": {"print_volume": 2, "publication": "OGF", "print_issue": 4, "cover": "covers/v2n4_cover_DB4rLsx.png", "active": true, "date": "2013-08-01", "issue_url": "http://www.spe.org/ogf/print/archives/2013/08/"}, "model": "spe_blog.issue", "pk": 17}, {"fields": {"print_volume": 2, "publication": "OGF", "print_issue": 5, "cover": "covers/v2n5_cover_elCnGOh.png", "active": true, "date": "2013-10-01", "issue_url": "http://www.spe.org/ogf/print/archives/2013/10/"}, "model": "spe_blog.issue", "pk": 18}, {"fields": {"print_volume": 2, "publication": "OGF", "print_issue": 6, "cover": "covers/v2n6_cover_cGEprma.png", "active": true, "date": "2013-12-01", "issue_url": "http://www.spe.org/ogf/print/archives/2013/12/"}, "model": "spe_blog.issue", "pk": 19}, {"fields": {"print_volume": 1, "publication": "OGF", "print_issue": 1, "cover": "covers/v1n1_cover_74saUYH.png", "active": true, "date": "2012-02-01", "issue_url": "http://www.spe.org/ogf/print/archives/2012/02/"}, "model": "spe_blog.issue", "pk": 20}, {"fields": {"print_volume": 1, "publication": "OGF", "print_issue": 2, "cover": "covers/v1n2_cover_jZA6r8g.png", "active": true, "date": "2012-04-01", "issue_url": "http://www.spe.org/ogf/print/archives/2012/04/"}, "model": "spe_blog.issue", "pk": 21}, {"fields": {"print_volume": 1, "publication": "OGF", "print_issue": 3, "cover": "covers/v1n3_cover_bLBEtRA.png", "active": true, "date": "2012-06-01", "issue_url": "http://www.spe.org/ogf/print/archives/2012/06/"}, "model": "spe_blog.issue", "pk": 22}, {"fields": {"print_volume": 1, "publication": "OGF", "print_issue": 4, "cover": "covers/v1n4_cover_ZYtIeSI.png", "active": true, "date": "2012-08-01", "issue_url": "http://www.spe.org/ogf/print/archives/2012/08/"}, "model": "spe_blog.issue", "pk": 23}, {"fields": {"print_volume": 1, "publication": "OGF", "print_issue": 5, "cover": "covers/v1n5_cover_abhBIZu.png", "active": true, "date": "2012-10-01", "issue_url": "http://www.spe.org/ogf/print/archives/2012/10/"}, "model": "spe_blog.issue", "pk": 24}, {"fields": {"print_volume": 1, "publication": "OGF", "print_issue": 6, "cover": "covers/v1n6_cover_Iuabafc.png", "active": true, "date": "2012-12-01", "issue_url": "http://www.spe.org/ogf/print/archives/2012/12/"}, "model": "spe_blog.issue", "pk": 25}, {"fields": {"print_volume": null, "disciplines": ["cmp"], "picture": "regular_images/lorempixel-1_iC9iVqJ.jpg", "topics": [], "picture_caption": "This is lorem pixel image #1's caption", "article_hits": 45, "category": null, "publication": "OGF", "title": "This is Article ONE - Start 2017-01-31", "introduction": "<p>Zombie ipsum reversus ab viral inferno, nam rick grimes malum cerebro. De carne lumbering animata corpora quaeritis. Summus brains sit\u200b\u200b, morbo vel maleficia? De apocalypsi gorger omero undead survivor dictum mauris. Hi mindless mortuis soulless creaturas, imo evil stalking monstra adventus resi dentevil vultus comedat cerebella viventium. Qui animated corpse, cricket bat max brucks terribilem incessu zomby. The voodoo sacerdos flesh eater, suscitat mortuos comedere carnem virus. Zonbi tattered for solum oculi eorum defunctis go lum cerebro. Nescio brains an Undead zombies. Sicut malus putrid voodoo horror. Nigh tofth eliv ingdead.</p>\r\n", "print_issue": null, "free_start": "2017-01-31", "article_last_viewed": "2016-03-23T16:17:29.394Z", "free": false, "teaser": "Zombie ipsum reversus ab viral inferno, nam rick grimes malum cerebro. ", "sponsored": false, "date": "2016-03-14", "slug": "article-one", "picture_alternate": "lorem pixel ONE alt text", "author": "JD Toony", "picture_attribution": "This is lorem pixel image #1's image attribution", "free_stop": null, "article_text": "<p>Zombie ipsum reversus ab viral inferno, nam rick grimes malum cerebro. De carne lumbering animata corpora quaeritis. Summus brains sit\u200b\u200b, morbo vel maleficia? De apocalypsi gorger omero undead survivor dictum mauris. Hi mindless mortuis soulless creaturas, imo evil stalking monstra adventus resi dentevil vultus comedat cerebella viventium. Qui animated corpse, cricket bat max brucks terribilem incessu zomby. The voodoo sacerdos flesh eater, suscitat mortuos comedere carnem virus. Zonbi tattered for solum oculi eorum defunctis go lum cerebro. Nescio brains an Undead zombies. Sicut malus putrid voodoo horror. Nigh tofth eliv ingdead.</p>\r\n\r\n<p>Cum horribilem walking dead resurgere de crazed sepulcris creaturis, zombie sicut de grave feeding iride et serpens. Pestilentia, shaun ofthe dead scythe animated corpses ipsa screams. Pestilentia est plague haec decaying ambulabat mortuos. Sicut zeder apathetic malus voodoo. Aenean a dolor plan et terror soulless vulnerum contagium accedunt, mortui iam vivam unlife. Qui tardius moveri, brid eof reanimator sed in magna copia sint terribiles undeath legionis. Alii missing oculis aliorum sicut serpere crabs nostram. Putridi braindead odores kill and infect, aere implent left four dead.</p>\r\n\r\n<p>Lucio fulci tremor est dark vivos magna. Expansis creepy arm yof darkness ulnis witchcraft missing carnem armis Kirkman Moore and Adlard caeruleum in locis. Romero morbo Congress amarus in auras. Nihil horum sagittis tincidunt, zombie slack-jawed gelida survival portenta. The unleashed virus est, et iam zombie mortui ambulabunt super terram. Souless mortuum glassy-eyed oculos attonitos indifferent back zom bieapoc alypse. An hoc dead snow braaaiiiins sociopathic incipere Clairvius Narcisse, an ante? Is bello mundi z?</p>\r\n\r\n<p>In Craven omni memoria patriae zombieland clairvius narcisse religionis sunt diri undead historiarum. Golums, zombies unrelenting et Raimi fascinati beheading. Maleficia! Vel cemetery man a modern bursting eyeballs perhsaps morbi. A terrenti flesh contagium. Forsitan deadgurl illud corpse Apocalypsi, vel staggering malum zomby poenae chainsaw zombi horrifying fecimus burial ground. Indeflexus shotgun coup de poudre monstra per plateas currere. Fit de decay nostra carne undead. Poenitentiam violent zom biehig hway agite RE:dead p&oelig;nitentiam! Vivens mortua sunt apud nos night of the living dead.</p>\r\n\r\n<p>Whyt zomby Ut fames after death cerebro virus enim carnis grusome, viscera et organa viventium. Sicut spargit virus ad impetum, qui supersumus flesh eating. Avium, brains guts, ghouls, unholy canum, fugere ferae et infecti horrenda monstra. Videmus twenty-eight deformis pale, horrenda daemonum. Panduntur brains portae rotting inferi. Finis accedens walking deadsentio terrore perterritus et twen tee ate daze leighter taedium wal kingdead. The horror, monstra epidemic significant finem. Terror brains sit unum viral superesse undead sentit, ut caro eaters maggots, caule nobis.</p>\r\n"}, "model": "spe_blog.article", "pk": 1}, {"fields": {"print_volume": null, "disciplines": ["drl"], "picture": "regular_images/lorempixel-2_lWimL5Q.jpg", "topics": [], "picture_caption": "This is lorem pixel image #2's caption", "article_hits": 18, "category": null, "publication": "OGF", "title": "This is Article TWO - Always Free", "introduction": "<p>Zombie ipsum reversus ab viral inferno, nam rick grimes malum cerebro. De carne lumbering animata corpora quaeritis. Summus brains sit\u200b\u200b, morbo vel maleficia? De apocalypsi gorger omero undead survivor dictum mauris. Hi mindless mortuis soulless creaturas, imo evil stalking monstra adventus resi dentevil vultus comedat cerebella viventium. Qui animated corpse, cricket bat max brucks terribilem incessu zomby. The voodoo sacerdos flesh eater, suscitat mortuos comedere carnem virus. Zonbi tattered for solum oculi eorum defunctis go lum cerebro. Nescio brains an Undead zombies. Sicut malus putrid voodoo horror. Nigh tofth eliv ingdead.</p>\r\n", "print_issue": null, "free_start": "2016-03-14", "article_last_viewed": "2016-03-21T19:50:51.288Z", "free": true, "teaser": "Zombie ipsum reversus ab viral inferno, nam rick grimes malum cerebro. ", "sponsored": true, "date": "2016-03-14", "slug": "article-two", "picture_alternate": "lorem pixel TWO alt text", "author": "JD Toony", "picture_attribution": "This is lorem pixel image #2's image attribution", "free_stop": null, "article_text": "<p>Zombie ipsum reversus ab viral inferno, nam rick grimes malum cerebro. De carne lumbering animata corpora quaeritis. Summus brains sit\u200b\u200b, morbo vel maleficia? De apocalypsi gorger omero undead survivor dictum mauris. Hi mindless mortuis soulless creaturas, imo evil stalking monstra adventus resi dentevil vultus comedat cerebella viventium. Qui animated corpse, cricket bat max brucks terribilem incessu zomby. The voodoo sacerdos flesh eater, suscitat mortuos comedere carnem virus. Zonbi tattered for solum oculi eorum defunctis go lum cerebro. Nescio brains an Undead zombies. Sicut malus putrid voodoo horror. Nigh tofth eliv ingdead.</p>\r\n\r\n<p>Cum horribilem walking dead resurgere de crazed sepulcris creaturis, zombie sicut de grave feeding iride et serpens. Pestilentia, shaun ofthe dead scythe animated corpses ipsa screams. Pestilentia est plague haec decaying ambulabat mortuos. Sicut zeder apathetic malus voodoo. Aenean a dolor plan et terror soulless vulnerum contagium accedunt, mortui iam vivam unlife. Qui tardius moveri, brid eof reanimator sed in magna copia sint terribiles undeath legionis. Alii missing oculis aliorum sicut serpere crabs nostram. Putridi braindead odores kill and infect, aere implent left four dead.</p>\r\n\r\n<p>Lucio fulci tremor est dark vivos magna. Expansis creepy arm yof darkness ulnis witchcraft missing carnem armis Kirkman Moore and Adlard caeruleum in locis. Romero morbo Congress amarus in auras. Nihil horum sagittis tincidunt, zombie slack-jawed gelida survival portenta. The unleashed virus est, et iam zombie mortui ambulabunt super terram. Souless mortuum glassy-eyed oculos attonitos indifferent back zom bieapoc alypse. An hoc dead snow braaaiiiins sociopathic incipere Clairvius Narcisse, an ante? Is bello mundi z?</p>\r\n\r\n<p>In Craven omni memoria patriae zombieland clairvius narcisse religionis sunt diri undead historiarum. Golums, zombies unrelenting et Raimi fascinati beheading. Maleficia! Vel cemetery man a modern bursting eyeballs perhsaps morbi. A terrenti flesh contagium. Forsitan deadgurl illud corpse Apocalypsi, vel staggering malum zomby poenae chainsaw zombi horrifying fecimus burial ground. Indeflexus shotgun coup de poudre monstra per plateas currere. Fit de decay nostra carne undead. Poenitentiam violent zom biehig hway agite RE:dead p&oelig;nitentiam! Vivens mortua sunt apud nos night of the living dead.</p>\r\n\r\n<p>Whyt zomby Ut fames after death cerebro virus enim carnis grusome, viscera et organa viventium. Sicut spargit virus ad impetum, qui supersumus flesh eating. Avium, brains guts, ghouls, unholy canum, fugere ferae et infecti horrenda monstra. Videmus twenty-eight deformis pale, horrenda daemonum. Panduntur brains portae rotting inferi. Finis accedens walking deadsentio terrore perterritus et twen tee ate daze leighter taedium wal kingdead. The horror, monstra epidemic significant finem. Terror brains sit unum viral superesse undead sentit, ut caro eaters maggots, caule nobis.</p>\r\n"}, "model": "spe_blog.article", "pk": 2}, {"fields": {"print_volume": null, "disciplines": ["prd"], "picture": "regular_images/lorempixel-3_zhFqaId.jpg", "topics": [], "picture_caption": "This is lorem pixel image #3's caption", "article_hits": 1, "category": null, "publication": "OGF", "title": "This is Article THREE - Start 2016-01-01", "introduction": "<p>Zombie ipsum reversus ab viral inferno, nam rick grimes malum cerebro. De carne lumbering animata corpora quaeritis. Summus brains sit\u200b\u200b, morbo vel maleficia? De apocalypsi gorger omero undead survivor dictum mauris. Hi mindless mortuis soulless creaturas, imo evil stalking monstra adventus resi dentevil vultus comedat cerebella viventium. Qui animated corpse, cricket bat max brucks terribilem incessu zomby. The voodoo sacerdos flesh eater, suscitat mortuos comedere carnem virus. Zonbi tattered for solum oculi eorum defunctis go lum cerebro. Nescio brains an Undead zombies. Sicut malus putrid voodoo horror. Nigh tofth eliv ingdead.</p>\r\n", "print_issue": null, "free_start": "2016-01-01", "article_last_viewed": "2016-03-16T18:36:45.682Z", "free": false, "teaser": "Zombie ipsum reversus ab viral inferno, nam rick grimes malum cerebro. ", "sponsored": false, "date": "2016-03-14", "slug": "article-three", "picture_alternate": "lorem pixel THREE alt text", "author": "JD Toony", "picture_attribution": "This is lorem pixel image #3's image attribution", "free_stop": null, "article_text": "<p>Zombie ipsum reversus ab viral inferno, nam rick grimes malum cerebro. De carne lumbering animata corpora quaeritis. Summus brains sit\u200b\u200b, morbo vel maleficia? De apocalypsi gorger omero undead survivor dictum mauris. Hi mindless mortuis soulless creaturas, imo evil stalking monstra adventus resi dentevil vultus comedat cerebella viventium. Qui animated corpse, cricket bat max brucks terribilem incessu zomby. The voodoo sacerdos flesh eater, suscitat mortuos comedere carnem virus. Zonbi tattered for solum oculi eorum defunctis go lum cerebro. Nescio brains an Undead zombies. Sicut malus putrid voodoo horror. Nigh tofth eliv ingdead.</p>\r\n\r\n<p>Cum horribilem walking dead resurgere de crazed sepulcris creaturis, zombie sicut de grave feeding iride et serpens. Pestilentia, shaun ofthe dead scythe animated corpses ipsa screams. Pestilentia est plague haec decaying ambulabat mortuos. Sicut zeder apathetic malus voodoo. Aenean a dolor plan et terror soulless vulnerum contagium accedunt, mortui iam vivam unlife. Qui tardius moveri, brid eof reanimator sed in magna copia sint terribiles undeath legionis. Alii missing oculis aliorum sicut serpere crabs nostram. Putridi braindead odores kill and infect, aere implent left four dead.</p>\r\n\r\n<p>Lucio fulci tremor est dark vivos magna. Expansis creepy arm yof darkness ulnis witchcraft missing carnem armis Kirkman Moore and Adlard caeruleum in locis. Romero morbo Congress amarus in auras. Nihil horum sagittis tincidunt, zombie slack-jawed gelida survival portenta. The unleashed virus est, et iam zombie mortui ambulabunt super terram. Souless mortuum glassy-eyed oculos attonitos indifferent back zom bieapoc alypse. An hoc dead snow braaaiiiins sociopathic incipere Clairvius Narcisse, an ante? Is bello mundi z?</p>\r\n\r\n<p>In Craven omni memoria patriae zombieland clairvius narcisse religionis sunt diri undead historiarum. Golums, zombies unrelenting et Raimi fascinati beheading. Maleficia! Vel cemetery man a modern bursting eyeballs perhsaps morbi. A terrenti flesh contagium. Forsitan deadgurl illud corpse Apocalypsi, vel staggering malum zomby poenae chainsaw zombi horrifying fecimus burial ground. Indeflexus shotgun coup de poudre monstra per plateas currere. Fit de decay nostra carne undead. Poenitentiam violent zom biehig hway agite RE:dead p&oelig;nitentiam! Vivens mortua sunt apud nos night of the living dead.</p>\r\n\r\n<p>Whyt zomby Ut fames after death cerebro virus enim carnis grusome, viscera et organa viventium. Sicut spargit virus ad impetum, qui supersumus flesh eating. Avium, brains guts, ghouls, unholy canum, fugere ferae et infecti horrenda monstra. Videmus twenty-eight deformis pale, horrenda daemonum. Panduntur brains portae rotting inferi. Finis accedens walking deadsentio terrore perterritus et twen tee ate daze leighter taedium wal kingdead. The horror, monstra epidemic significant finem. Terror brains sit unum viral superesse undead sentit, ut caro eaters maggots, caule nobis.</p>\r\n"}, "model": "spe_blog.article", "pk": 3}, {"fields": {"print_volume": null, "disciplines": ["man"], "picture": "regular_images/lorempixel-4_fXZTcrq.jpg", "topics": [], "picture_caption": "This is lorem pixel image #4's caption", "article_hits": 2, "category": null, "publication": "OGF", "title": "This is Article FOUR - Start 2016-01-31 - End 2016-12-31", "introduction": "<p>Zombie ipsum reversus ab viral inferno, nam rick grimes malum cerebro. De carne lumbering animata corpora quaeritis. Summus brains sit\u200b\u200b, morbo vel maleficia? De apocalypsi gorger omero undead survivor dictum mauris. Hi mindless mortuis soulless creaturas, imo evil stalking monstra adventus resi dentevil vultus comedat cerebella viventium. Qui animated corpse, cricket bat max brucks terribilem incessu zomby. The voodoo sacerdos flesh eater, suscitat mortuos comedere carnem virus. Zonbi tattered for solum oculi eorum defunctis go lum cerebro. Nescio brains an Undead zombies. Sicut malus putrid voodoo horror. Nigh tofth eliv ingdead.</p>\r\n", "print_issue": null, "free_start": "2016-01-31", "article_last_viewed": "2016-03-15T18:58:15.967Z", "free": false, "teaser": "Zombie ipsum reversus ab viral inferno, nam rick grimes malum cerebro. ", "sponsored": false, "date": "2016-03-14", "slug": "article-four", "picture_alternate": "lorem pixel FOUR alt text", "author": "JD Toony", "picture_attribution": "This is lorem pixel image #4's image attribution", "free_stop": "2016-12-31", "article_text": "<p>Zombie ipsum reversus ab viral inferno, nam rick grimes malum cerebro. De carne lumbering animata corpora quaeritis. Summus brains sit\u200b\u200b, morbo vel maleficia? De apocalypsi gorger omero undead survivor dictum mauris. Hi mindless mortuis soulless creaturas, imo evil stalking monstra adventus resi dentevil vultus comedat cerebella viventium. Qui animated corpse, cricket bat max brucks terribilem incessu zomby. The voodoo sacerdos flesh eater, suscitat mortuos comedere carnem virus. Zonbi tattered for solum oculi eorum defunctis go lum cerebro. Nescio brains an Undead zombies. Sicut malus putrid voodoo horror. Nigh tofth eliv ingdead.</p>\r\n\r\n<p>Cum horribilem walking dead resurgere de crazed sepulcris creaturis, zombie sicut de grave feeding iride et serpens. Pestilentia, shaun ofthe dead scythe animated corpses ipsa screams. Pestilentia est plague haec decaying ambulabat mortuos. Sicut zeder apathetic malus voodoo. Aenean a dolor plan et terror soulless vulnerum contagium accedunt, mortui iam vivam unlife. Qui tardius moveri, brid eof reanimator sed in magna copia sint terribiles undeath legionis. Alii missing oculis aliorum sicut serpere crabs nostram. Putridi braindead odores kill and infect, aere implent left four dead.</p>\r\n\r\n<p>Lucio fulci tremor est dark vivos magna. Expansis creepy arm yof darkness ulnis witchcraft missing carnem armis Kirkman Moore and Adlard caeruleum in locis. Romero morbo Congress amarus in auras. Nihil horum sagittis tincidunt, zombie slack-jawed gelida survival portenta. The unleashed virus est, et iam zombie mortui ambulabunt super terram. Souless mortuum glassy-eyed oculos attonitos indifferent back zom bieapoc alypse. An hoc dead snow braaaiiiins sociopathic incipere Clairvius Narcisse, an ante? Is bello mundi z?</p>\r\n\r\n<p>In Craven omni memoria patriae zombieland clairvius narcisse religionis sunt diri undead historiarum. Golums, zombies unrelenting et Raimi fascinati beheading. Maleficia! Vel cemetery man a modern bursting eyeballs perhsaps morbi. A terrenti flesh contagium. Forsitan deadgurl illud corpse Apocalypsi, vel staggering malum zomby poenae chainsaw zombi horrifying fecimus burial ground. Indeflexus shotgun coup de poudre monstra per plateas currere. Fit de decay nostra carne undead. Poenitentiam violent zom biehig hway agite RE:dead p&oelig;nitentiam! Vivens mortua sunt apud nos night of the living dead.</p>\r\n\r\n<p>Whyt zomby Ut fames after death cerebro virus enim carnis grusome, viscera et organa viventium. Sicut spargit virus ad impetum, qui supersumus flesh eating. Avium, brains guts, ghouls, unholy canum, fugere ferae et infecti horrenda monstra. Videmus twenty-eight deformis pale, horrenda daemonum. Panduntur brains portae rotting inferi. Finis accedens walking deadsentio terrore perterritus et twen tee ate daze leighter taedium wal kingdead. The horror, monstra epidemic significant finem. Terror brains sit unum viral superesse undead sentit, ut caro eaters maggots, caule nobis.</p>\r\n"}, "model": "spe_blog.article", "pk": 4}, {"fields": {"print_volume": null, "disciplines": ["hse"], "picture": "regular_images/lorempixel-5_zWiIB5Y.jpg", "topics": [], "picture_caption": "This is lorem pixel image #5's caption", "article_hits": 2, "category": null, "publication": "OGF", "title": "This is Article FIVE - All Blank", "introduction": "<p>Zombie ipsum reversus ab viral inferno, nam rick grimes malum cerebro. De carne lumbering animata corpora quaeritis. Summus brains sit\u200b\u200b, morbo vel maleficia? De apocalypsi gorger omero undead survivor dictum mauris. Hi mindless mortuis soulless creaturas, imo evil stalking monstra adventus resi dentevil vultus comedat cerebella viventium. Qui animated corpse, cricket bat max brucks terribilem incessu zomby. The voodoo sacerdos flesh eater, suscitat mortuos comedere carnem virus. Zonbi tattered for solum oculi eorum defunctis go lum cerebro. Nescio brains an Undead zombies. Sicut malus putrid voodoo horror. Nigh tofth eliv ingdead.</p>\r\n", "print_issue": null, "free_start": null, "article_last_viewed": "2016-03-15T20:24:45.148Z", "free": false, "teaser": "Zombie ipsum reversus ab viral inferno, nam rick grimes malum cerebro. ", "sponsored": false, "date": "2016-03-14", "slug": "article-five", "picture_alternate": "lorem pixel FIVE alt text", "author": "JD Toony", "picture_attribution": "This is lorem pixel image #5's image attribution", "free_stop": null, "article_text": "<p>Zombie ipsum reversus ab viral inferno, nam rick grimes malum cerebro. De carne lumbering animata corpora quaeritis. Summus brains sit\u200b\u200b, morbo vel maleficia? De apocalypsi gorger omero undead survivor dictum mauris. Hi mindless mortuis soulless creaturas, imo evil stalking monstra adventus resi dentevil vultus comedat cerebella viventium. Qui animated corpse, cricket bat max brucks terribilem incessu zomby. The voodoo sacerdos flesh eater, suscitat mortuos comedere carnem virus. Zonbi tattered for solum oculi eorum defunctis go lum cerebro. Nescio brains an Undead zombies. Sicut malus putrid voodoo horror. Nigh tofth eliv ingdead.</p>\r\n\r\n<p>Cum horribilem walking dead resurgere de crazed sepulcris creaturis, zombie sicut de grave feeding iride et serpens. Pestilentia, shaun ofthe dead scythe animated corpses ipsa screams. Pestilentia est plague haec decaying ambulabat mortuos. Sicut zeder apathetic malus voodoo. Aenean a dolor plan et terror soulless vulnerum contagium accedunt, mortui iam vivam unlife. Qui tardius moveri, brid eof reanimator sed in magna copia sint terribiles undeath legionis. Alii missing oculis aliorum sicut serpere crabs nostram. Putridi braindead odores kill and infect, aere implent left four dead.</p>\r\n\r\n<p>Lucio fulci tremor est dark vivos magna. Expansis creepy arm yof darkness ulnis witchcraft missing carnem armis Kirkman Moore and Adlard caeruleum in locis. Romero morbo Congress amarus in auras. Nihil horum sagittis tincidunt, zombie slack-jawed gelida survival portenta. The unleashed virus est, et iam zombie mortui ambulabunt super terram. Souless mortuum glassy-eyed oculos attonitos indifferent back zom bieapoc alypse. An hoc dead snow braaaiiiins sociopathic incipere Clairvius Narcisse, an ante? Is bello mundi z?</p>\r\n\r\n<p>In Craven omni memoria patriae zombieland clairvius narcisse religionis sunt diri undead historiarum. Golums, zombies unrelenting et Raimi fascinati beheading. Maleficia! Vel cemetery man a modern bursting eyeballs perhsaps morbi. A terrenti flesh contagium. Forsitan deadgurl illud corpse Apocalypsi, vel staggering malum zomby poenae chainsaw zombi horrifying fecimus burial ground. Indeflexus shotgun coup de poudre monstra per plateas currere. Fit de decay nostra carne undead. Poenitentiam violent zom biehig hway agite RE:dead p&oelig;nitentiam! Vivens mortua sunt apud nos night of the living dead.</p>\r\n\r\n<p>Whyt zomby Ut fames after death cerebro virus enim carnis grusome, viscera et organa viventium. Sicut spargit virus ad impetum, qui supersumus flesh eating. Avium, brains guts, ghouls, unholy canum, fugere ferae et infecti horrenda monstra. Videmus twenty-eight deformis pale, horrenda daemonum. Panduntur brains portae rotting inferi. Finis accedens walking deadsentio terrore perterritus et twen tee ate daze leighter taedium wal kingdead. The horror, monstra epidemic significant finem. Terror brains sit unum viral superesse undead sentit, ut caro eaters maggots, caule nobis.</p>\r\n"}, "model": "spe_blog.article", "pk": 5}, {"fields": {"print_volume": null, "disciplines": ["hse"], "picture": "", "topics": [2], "picture_caption": "", "article_hits": 11, "category": null, "publication": "OGF", "title": "This is Article SIX", "introduction": "<p>Whyt zomby Ut fames after death cerebro virus enim carnis grusome, viscera et organa viventium. Sicut spargit virus ad impetum, qui supersumus flesh eating. Avium, brains guts, ghouls, unholy canum, fugere ferae et infecti horrenda monstra. Videmus twenty-eight deformis pale, horrenda daemonum. Panduntur brains portae rotting inferi. Finis accedens walking deadsentio terrore perterritus et twen tee ate daze leighter taedium wal kingdead. The horror, monstra epidemic significant finem. Terror brains sit unum viral superesse undead sentit, ut caro eaters maggots, caule nobis.</p>\r\n", "print_issue": null, "free_start": "2016-03-15", "article_last_viewed": "2016-03-16T20:18:50.971Z", "free": false, "teaser": "Furthermore, the Fosters ceases to exist, and an Ipswich Ale living with a Rolling Rock befriends", "sponsored": false, "date": "2016-03-15", "slug": "article-six", "picture_alternate": "", "author": "JD Toony", "picture_attribution": "", "free_stop": "2016-03-15", "article_text": "<p>Zombie ipsum reversus ab viral inferno, nam rick grimes malum cerebro. De carne lumbering animata corpora quaeritis. Summus brains sit\u200b\u200b, morbo vel maleficia? De apocalypsi gorger omero undead survivor dictum mauris. Hi mindless mortuis soulless creaturas, imo evil stalking monstra adventus resi dentevil vultus comedat cerebella viventium. Qui animated corpse, cricket bat max brucks terribilem incessu zomby. The voodoo sacerdos flesh eater, suscitat mortuos comedere carnem virus. Zonbi tattered for solum oculi eorum defunctis go lum cerebro. Nescio brains an Undead zombies. Sicut malus putrid voodoo horror. Nigh tofth eliv ingdead.</p>\r\n\r\n<p>Cum horribilem walking dead resurgere de crazed sepulcris creaturis, zombie sicut de grave feeding iride et serpens. Pestilentia, shaun ofthe dead scythe animated corpses ipsa screams. Pestilentia est plague haec decaying ambulabat mortuos. Sicut zeder apathetic malus voodoo. Aenean a dolor plan et terror soulless vulnerum contagium accedunt, mortui iam vivam unlife. Qui tardius moveri, brid eof reanimator sed in magna copia sint terribiles undeath legionis. Alii missing oculis aliorum sicut serpere crabs nostram. Putridi braindead odores kill and infect, aere implent left four dead.</p>\r\n\r\n<p>Lucio fulci tremor est dark vivos magna. Expansis creepy arm yof darkness ulnis witchcraft missing carnem armis Kirkman Moore and Adlard caeruleum in locis. Romero morbo Congress amarus in auras. Nihil horum sagittis tincidunt, zombie slack-jawed gelida survival portenta. The unleashed virus est, et iam zombie mortui ambulabunt super terram. Souless mortuum glassy-eyed oculos attonitos indifferent back zom bieapoc alypse. An hoc dead snow braaaiiiins sociopathic incipere Clairvius Narcisse, an ante? Is bello mundi z?</p>\r\n\r\n<p>In Craven omni memoria patriae zombieland clairvius narcisse religionis sunt diri undead historiarum. Golums, zombies unrelenting et Raimi fascinati beheading. Maleficia! Vel cemetery man a modern bursting eyeballs perhsaps morbi. A terrenti flesh contagium. Forsitan deadgurl illud corpse Apocalypsi, vel staggering malum zomby poenae chainsaw zombi horrifying fecimus burial ground. Indeflexus shotgun coup de poudre monstra per plateas currere. Fit de decay nostra carne undead. Poenitentiam violent zom biehig hway agite RE:dead p&oelig;nitentiam! Vivens mortua sunt apud nos night of the living dead.</p>\r\n\r\n<p>Whyt zomby Ut fames after death cerebro virus enim carnis grusome, viscera et organa viventium. Sicut spargit virus ad impetum, qui supersumus flesh eating. Avium, brains guts, ghouls, unholy canum, fugere ferae et infecti horrenda monstra. Videmus twenty-eight deformis pale, horrenda daemonum. Panduntur brains portae rotting inferi. Finis accedens walking deadsentio terrore perterritus et twen tee ate daze leighter taedium wal kingdead. The horror, monstra epidemic significant finem. Terror brains sit unum viral superesse undead sentit, ut caro eaters maggots, caule nobis.</p>\r\n"}, "model": "spe_blog.article", "pk": 6}, {"fields": {"exerpt": "<p>Zombie ipsum reversus ab viral inferno, nam rick grimes malum cerebro. De carne lumbering animata corpora quaeritis.&amp;nbsp;Avium, brains guts, ghouls,&amp;nbsp;canum, fugere ferae et infecti horrenda monstra.</p>\r\n", "picture_alternate": "", "picture_caption": "", "author_bio": "<p><strong>Howard Duhon</strong> is the systems engineering manager at GATE and the SPE technical director of Projects, Facilities, and Construction. He is a member of the Editorial Board of Oil and Gas Facilities. <a href=\"mailto:jtoony@spe.org\">hduhon@gateinc.com</a></p>\r\n", "picture": "authors/author-howard-duhon.png", "picture_attribution": "", "title_main": "FROM THE PFC TECHNICAL DIRECTOR", "title_sub": "This is the Title of the Article Itself"}, "model": "spe_blog.editorial", "pk": 1}, {"fields": {"all_url": null, "all_text": null, "order_by": "-date", "template": "spe_blog/plugins/person_of_interest.html", "articles": [5, 1, 3, 2]}, "model": "spe_blog.articlesplugin", "pk": 105}, {"fields": {"all_url": null, "all_text": null, "order_by": "-article_hits", "template": "spe_blog/plugins/image_left.html", "articles": [6, 3, 2]}, "model": "spe_blog.articlesplugin", "pk": 107}, {"fields": {"all_url": null, "all_text": null, "order_by": "-date", "template": "spe_blog/plugins/person_of_interest.html", "articles": [5, 4, 1, 3, 2]}, "model": "spe_blog.articlesplugin", "pk": 169}, {"fields": {"all_url": null, "all_text": null, "order_by": "-date", "template": "spe_blog/plugins/person_of_interest.html", "articles": [5, 1, 3, 2]}, "model": "spe_blog.articlesplugin", "pk": 246}, {"fields": {"all_url": null, "all_text": null, "order_by": "-article_hits", "template": "spe_blog/plugins/image_left.html", "articles": [6, 3, 2]}, "model": "spe_blog.articlesplugin", "pk": 248}, {"fields": {"all_url": null, "all_text": null, "order_by": "-article_hits", "template": "spe_blog/plugins/picture_with_text_below_full.html", "articles": [3]}, "model": "spe_blog.articlesplugin", "pk": 269}, {"fields": {"all_url": null, "all_text": null, "order_by": "-date", "template": "spe_blog/plugins/person_of_interest.html", "articles": [5, 4, 1, 3, 2]}, "model": "spe_blog.articlesplugin", "pk": 285}, {"fields": {"all_url": null, "all_text": null, "order_by": "-article_hits", "template": "spe_blog/plugins/picture_with_text_below_full.html", "articles": [3]}, "model": "spe_blog.articlesplugin", "pk": 304}, {"fields": {"article": 1, "allow_url_to_override_selection": true}, "model": "spe_blog.articledetailplugin", "pk": 263}, {"fields": {"article": 1, "allow_url_to_override_selection": true}, "model": "spe_blog.articledetailplugin", "pk": 295}, {"fields": {"lnk": "http://www.spe.org", "template": "spe_blog/plugins/editorial.html", "editorial": [1]}, "model": "spe_blog.editorialplugin", "pk": 75}, {"fields": {"lnk": "http://www.spe.org", "template": "spe_blog/plugins/editorial.html", "editorial": [1]}, "model": "spe_blog.editorialplugin", "pk": 257}, {"fields": {"discipline": null, "category": null, "cnt": 1, "order_by": "-date", "publication": null, "starting_with": 1, "template": "spe_blog/plugins/overlay.html", "all_url": "", "all_text": "", "personalized": true}, "model": "spe_blog.articleslistingplugin", "pk": 2}, {"fields": {"discipline": null, "category": null, "cnt": 5, "order_by": "-article_hits", "publication": null, "starting_with": 2, "template": "spe_blog/plugins/image_left.html", "all_url": "", "all_text": "", "personalized": true}, "model": "spe_blog.articleslistingplugin", "pk": 3}, {"fields": {"discipline": null, "category": null, "cnt": 5, "order_by": "-date", "publication": null, "starting_with": 2, "template": "spe_blog/plugins/picture_with_text_below.html", "all_url": "", "all_text": "", "personalized": true}, "model": "spe_blog.articleslistingplugin", "pk": 17}, {"fields": {"discipline": null, "category": null, "cnt": 3, "order_by": "-date", "publication": null, "starting_with": 3, "template": "spe_blog/plugins/picture_with_text_below.html", "all_url": "", "all_text": "", "personalized": true}, "model": "spe_blog.articleslistingplugin", "pk": 96}, {"fields": {"discipline": null, "category": null, "cnt": 4, "order_by": "-date", "publication": null, "starting_with": 4, "template": "spe_blog/plugins/picture_with_text_below.html", "all_url": "", "all_text": "", "personalized": true}, "model": "spe_blog.articleslistingplugin", "pk": 97}, {"fields": {"discipline": null, "category": null, "cnt": 5, "order_by": "-date", "publication": null, "starting_with": 5, "template": "spe_blog/plugins/picture_with_text_below_full.html", "all_url": "", "all_text": "", "personalized": true}, "model": "spe_blog.articleslistingplugin", "pk": 98}, {"fields": {"discipline": null, "category": null, "cnt": 5, "order_by": "-date", "publication": null, "starting_with": 5, "template": "spe_blog/plugins/picture_with_text_below_full.html", "all_url": "", "all_text": "", "personalized": true}, "model": "spe_blog.articleslistingplugin", "pk": 102}, {"fields": {"discipline": null, "category": null, "cnt": 5, "order_by": "-article_hits", "publication": null, "starting_with": 1, "template": "spe_blog/plugins/carousel.html", "all_url": "", "all_text": "", "personalized": true}, "model": "spe_blog.articleslistingplugin", "pk": 132}, {"fields": {"discipline": null, "category": null, "cnt": 5, "order_by": "-date", "publication": null, "starting_with": 5, "template": "spe_blog/plugins/picture_with_text_below_full.html", "all_url": "", "all_text": "", "personalized": true}, "model": "spe_blog.articleslistingplugin", "pk": 179}, {"fields": {"discipline": null, "category": null, "cnt": 5, "order_by": "-date", "publication": null, "starting_with": 2, "template": "spe_blog/plugins/picture_with_text_below.html", "all_url": "", "all_text": "", "personalized": true}, "model": "spe_blog.articleslistingplugin", "pk": 239}, {"fields": {"discipline": null, "category": null, "cnt": 3, "order_by": "-date", "publication": null, "starting_with": 3, "template": "spe_blog/plugins/picture_with_text_below.html", "all_url": "", "all_text": "", "personalized": true}, "model": "spe_blog.articleslistingplugin", "pk": 242}, {"fields": {"discipline": null, "category": null, "cnt": 4, "order_by": "-date", "publication": null, "starting_with": 4, "template": "spe_blog/plugins/picture_with_text_below.html", "all_url": "", "all_text": "", "personalized": true}, "model": "spe_blog.articleslistingplugin", "pk": 243}, {"fields": {"discipline": null, "category": null, "cnt": 5, "order_by": "-date", "publication": null, "starting_with": 5, "template": "spe_blog/plugins/picture_with_text_below_full.html", "all_url": "", "all_text": "", "personalized": true}, "model": "spe_blog.articleslistingplugin", "pk": 245}, {"fields": {"discipline": null, "category": null, "cnt": 5, "order_by": "-date", "publication": null, "starting_with": 5, "template": "spe_blog/plugins/picture_with_text_below_full.html", "all_url": "", "all_text": "", "personalized": true}, "model": "spe_blog.articleslistingplugin", "pk": 254}, {"fields": {"discipline": null, "category": null, "cnt": 5, "order_by": "-article_hits", "publication": null, "starting_with": 1, "template": "spe_blog/plugins/carousel.html", "all_url": "", "all_text": "", "personalized": true}, "model": "spe_blog.articleslistingplugin", "pk": 256}, {"fields": {"discipline": null, "category": null, "cnt": 4, "order_by": "-article_hits", "publication": "OGF", "starting_with": 1, "template": "spe_blog/plugins/image_left.html", "all_url": "", "all_text": "", "personalized": true}, "model": "spe_blog.articleslistingplugin", "pk": 272}, {"fields": {"discipline": null, "category": null, "cnt": 1, "order_by": "-date", "publication": null, "starting_with": 1, "template": "spe_blog/plugins/overlay.html", "all_url": "", "all_text": "", "personalized": true}, "model": "spe_blog.articleslistingplugin", "pk": 276}, {"fields": {"discipline": null, "category": null, "cnt": 5, "order_by": "-article_hits", "publication": null, "starting_with": 2, "template": "spe_blog/plugins/image_left.html", "all_url": "", "all_text": "", "personalized": true}, "model": "spe_blog.articleslistingplugin", "pk": 277}, {"fields": {"discipline": null, "category": null, "cnt": 5, "order_by": "-date", "publication": null, "starting_with": 5, "template": "spe_blog/plugins/picture_with_text_below_full.html", "all_url": "", "all_text": "", "personalized": true}, "model": "spe_blog.articleslistingplugin", "pk": 293}, {"fields": {"discipline": null, "category": null, "cnt": 4, "order_by": "-article_hits", "publication": "OGF", "starting_with": 1, "template": "spe_blog/plugins/image_left.html", "all_url": "", "all_text": "", "personalized": true}, "model": "spe_blog.articleslistingplugin", "pk": 297}, {"fields": {"cnt": 1, "publication": "OGF", "starting_with": 1, "all_url": "", "template": "spe_blog/plugins/issue_sidebar.html", "active": true, "all_text": ""}, "model": "spe_blog.issuesbypublicationplugin", "pk": 42}, {"fields": {"cnt": 1, "publication": "OGF", "starting_with": 1, "all_url": "", "template": "spe_blog/plugins/issue_sidebar.html", "active": true, "all_text": ""}, "model": "spe_blog.issuesbypublicationplugin", "pk": 172}, {"fields": {"cnt": 1, "publication": "OGF", "starting_with": 1, "all_url": "", "template": "spe_blog/plugins/issue_sidebar.html", "active": true, "all_text": ""}, "model": "spe_blog.issuesbypublicationplugin", "pk": 249}, {"fields": {"cnt": 1, "publication": "OGF", "starting_with": 1, "all_url": "", "template": "spe_blog/plugins/issue_sidebar.html", "active": true, "all_text": ""}, "model": "spe_blog.issuesbypublicationplugin", "pk": 266}, {"fields": {"cnt": 1, "publication": "OGF", "starting_with": 1, "all_url": "", "template": "spe_blog/plugins/issue_sidebar.html", "active": true, "all_text": ""}, "model": "spe_blog.issuesbypublicationplugin", "pk": 286}, {"fields": {"cnt": 1, "publication": "OGF", "starting_with": 1, "all_url": "", "template": "spe_blog/plugins/issue_sidebar.html", "active": true, "all_text": ""}, "model": "spe_blog.issuesbypublicationplugin", "pk": 300}, {"fields": {"cnt": 1, "publication": "OGF", "starting_with": 1, "all_url": "", "template": "spe_blog/plugins/issue_sidebar.html", "active": true, "all_text": ""}, "model": "spe_blog.issuesbypublicationplugin", "pk": 310}, {"fields": {"cnt": 1, "publication": "OGF", "starting_with": 1, "all_url": "", "template": "spe_blog/plugins/issue_sidebar.html", "active": true, "all_text": ""}, "model": "spe_blog.issuesbypublicationplugin", "pk": 313}, {"fields": {"publication": "OGF"}, "model": "spe_blog.issuesbyyearplugin", "pk": 259}, {"fields": {"publication": "OGF"}, "model": "spe_blog.issuesbyyearplugin", "pk": 311}, {"fields": {"starts_at": null, "is_active": true, "question": "Is JD the best evar?", "ends_at": null}, "model": "spe_polls.poll", "pk": 1}, {"fields": {"text": "Yes", "votes": 0, "poll": 1}, "model": "spe_polls.choice", "pk": 1}, {"fields": {"text": "Of Course", "votes": 0, "poll": 1}, "model": "spe_polls.choice", "pk": 2}, {"fields": {"text": "Do you even need to ask?", "votes": 0, "poll": 1}, "model": "spe_polls.choice", "pk": 3}, {"fields": {"poll": 1}, "model": "spe_polls.pollplugin", "pk": 282}, {"fields": {"poll": 1}, "model": "spe_polls.pollplugin", "pk": 283}, {"fields": {"poll": 1}, "model": "spe_polls.pollplugin", "pk": 298}, {"fields": {"poll": 1}, "model": "spe_polls.pollplugin", "pk": 302}, {"fields": {"active": true, "name": "Conference"}, "model": "spe_events.eventtype", "pk": 1}, {"fields": {"active": true, "name": "Workshop"}, "model": "spe_events.eventtype", "pk": 2}, {"fields": {"types": [1, 2], "radius": 1000, "number": 4, "disciplines": ["prd"]}, "model": "spe_events.eventsbycurrentipplugin", "pk": 273}, {"fields": {"types": [1, 2], "radius": 1000, "number": 4, "disciplines": ["prd"]}, "model": "spe_events.eventsbycurrentipplugin", "pk": 306}, {"fields": {"codename": "use_structure", "name": "Can use Structure mode", "content_type": 1}, "model": "auth.permission", "pk": 1}, {"fields": {"codename": "change_page", "name": "", "content_type": 2}, "model": "auth.permission", "pk": 2}, {"fields": {"codename": "add_permission", "name": "Can add permission", "content_type": 3}, "model": "auth.permission", "pk": 3}, {"fields": {"codename": "change_permission", "name": "Can change permission", "content_type": 3}, "model": "auth.permission", "pk": 4}, {"fields": {"codename": "delete_permission", "name": "Can delete permission", "content_type": 3}, "model": "auth.permission", "pk": 5}, {"fields": {"codename": "add_group", "name": "Can add group", "content_type": 4}, "model": "auth.permission", "pk": 6}, {"fields": {"codename": "change_group", "name": "Can change group", "content_type": 4}, "model": "auth.permission", "pk": 7}, {"fields": {"codename": "delete_group", "name": "Can delete group", "content_type": 4}, "model": "auth.permission", "pk": 8}, {"fields": {"codename": "add_user", "name": "Can add user", "content_type": 5}, "model": "auth.permission", "pk": 9}, {"fields": {"codename": "change_user", "name": "Can change user", "content_type": 5}, "model": "auth.permission", "pk": 10}, {"fields": {"codename": "delete_user", "name": "Can delete user", "content_type": 5}, "model": "auth.permission", "pk": 11}, {"fields": {"codename": "add_contenttype", "name": "Can add content type", "content_type": 6}, "model": "auth.permission", "pk": 12}, {"fields": {"codename": "change_contenttype", "name": "Can change content type", "content_type": 6}, "model": "auth.permission", "pk": 13}, {"fields": {"codename": "delete_contenttype", "name": "Can delete content type", "content_type": 6}, "model": "auth.permission", "pk": 14}, {"fields": {"codename": "add_session", "name": "Can add session", "content_type": 7}, "model": "auth.permission", "pk": 15}, {"fields": {"codename": "change_session", "name": "Can change session", "content_type": 7}, "model": "auth.permission", "pk": 16}, {"fields": {"codename": "delete_session", "name": "Can delete session", "content_type": 7}, "model": "auth.permission", "pk": 17}, {"fields": {"codename": "add_logentry", "name": "Can add log entry", "content_type": 8}, "model": "auth.permission", "pk": 18}, {"fields": {"codename": "change_logentry", "name": "Can change log entry", "content_type": 8}, "model": "auth.permission", "pk": 19}, {"fields": {"codename": "delete_logentry", "name": "Can delete log entry", "content_type": 8}, "model": "auth.permission", "pk": 20}, {"fields": {"codename": "add_site", "name": "Can add site", "content_type": 9}, "model": "auth.permission", "pk": 21}, {"fields": {"codename": "change_site", "name": "Can change site", "content_type": 9}, "model": "auth.permission", "pk": 22}, {"fields": {"codename": "delete_site", "name": "Can delete site", "content_type": 9}, "model": "auth.permission", "pk": 23}, {"fields": {"codename": "add_usersettings", "name": "Can add user setting", "content_type": 10}, "model": "auth.permission", "pk": 24}, {"fields": {"codename": "change_usersettings", "name": "Can change user setting", "content_type": 10}, "model": "auth.permission", "pk": 25}, {"fields": {"codename": "delete_usersettings", "name": "Can delete user setting", "content_type": 10}, "model": "auth.permission", "pk": 26}, {"fields": {"codename": "add_page", "name": "Can add page", "content_type": 2}, "model": "auth.permission", "pk": 27}, {"fields": {"codename": "delete_page", "name": "Can delete page", "content_type": 2}, "model": "auth.permission", "pk": 28}, {"fields": {"codename": "view_page", "name": "Can view page", "content_type": 2}, "model": "auth.permission", "pk": 29}, {"fields": {"codename": "publish_page", "name": "Can publish page", "content_type": 2}, "model": "auth.permission", "pk": 30}, {"fields": {"codename": "edit_static_placeholder", "name": "Can edit static placeholders", "content_type": 2}, "model": "auth.permission", "pk": 31}, {"fields": {"codename": "add_globalpagepermission", "name": "Can add Page global permission", "content_type": 11}, "model": "auth.permission", "pk": 32}, {"fields": {"codename": "change_globalpagepermission", "name": "Can change Page global permission", "content_type": 11}, "model": "auth.permission", "pk": 33}, {"fields": {"codename": "delete_globalpagepermission", "name": "Can delete Page global permission", "content_type": 11}, "model": "auth.permission", "pk": 34}, {"fields": {"codename": "add_pagepermission", "name": "Can add Page permission", "content_type": 12}, "model": "auth.permission", "pk": 35}, {"fields": {"codename": "change_pagepermission", "name": "Can change Page permission", "content_type": 12}, "model": "auth.permission", "pk": 36}, {"fields": {"codename": "delete_pagepermission", "name": "Can delete Page permission", "content_type": 12}, "model": "auth.permission", "pk": 37}, {"fields": {"codename": "add_pageuser", "name": "Can add User (page)", "content_type": 13}, "model": "auth.permission", "pk": 38}, {"fields": {"codename": "change_pageuser", "name": "Can change User (page)", "content_type": 13}, "model": "auth.permission", "pk": 39}, {"fields": {"codename": "delete_pageuser", "name": "Can delete User (page)", "content_type": 13}, "model": "auth.permission", "pk": 40}, {"fields": {"codename": "add_pageusergroup", "name": "Can add User group (page)", "content_type": 14}, "model": "auth.permission", "pk": 41}, {"fields": {"codename": "change_pageusergroup", "name": "Can change User group (page)", "content_type": 14}, "model": "auth.permission", "pk": 42}, {"fields": {"codename": "delete_pageusergroup", "name": "Can delete User group (page)", "content_type": 14}, "model": "auth.permission", "pk": 43}, {"fields": {"codename": "add_placeholder", "name": "Can add placeholder", "content_type": 1}, "model": "auth.permission", "pk": 44}, {"fields": {"codename": "change_placeholder", "name": "Can change placeholder", "content_type": 1}, "model": "auth.permission", "pk": 45}, {"fields": {"codename": "delete_placeholder", "name": "Can delete placeholder", "content_type": 1}, "model": "auth.permission", "pk": 46}, {"fields": {"codename": "add_cmsplugin", "name": "Can add cms plugin", "content_type": 15}, "model": "auth.permission", "pk": 47}, {"fields": {"codename": "change_cmsplugin", "name": "Can change cms plugin", "content_type": 15}, "model": "auth.permission", "pk": 48}, {"fields": {"codename": "delete_cmsplugin", "name": "Can delete cms plugin", "content_type": 15}, "model": "auth.permission", "pk": 49}, {"fields": {"codename": "add_title", "name": "Can add title", "content_type": 16}, "model": "auth.permission", "pk": 50}, {"fields": {"codename": "change_title", "name": "Can change title", "content_type": 16}, "model": "auth.permission", "pk": 51}, {"fields": {"codename": "delete_title", "name": "Can delete title", "content_type": 16}, "model": "auth.permission", "pk": 52}, {"fields": {"codename": "add_placeholderreference", "name": "Can add placeholder reference", "content_type": 17}, "model": "auth.permission", "pk": 53}, {"fields": {"codename": "change_placeholderreference", "name": "Can change placeholder reference", "content_type": 17}, "model": "auth.permission", "pk": 54}, {"fields": {"codename": "delete_placeholderreference", "name": "Can delete placeholder reference", "content_type": 17}, "model": "auth.permission", "pk": 55}, {"fields": {"codename": "add_staticplaceholder", "name": "Can add static placeholder", "content_type": 18}, "model": "auth.permission", "pk": 56}, {"fields": {"codename": "change_staticplaceholder", "name": "Can change static placeholder", "content_type": 18}, "model": "auth.permission", "pk": 57}, {"fields": {"codename": "delete_staticplaceholder", "name": "Can delete static placeholder", "content_type": 18}, "model": "auth.permission", "pk": 58}, {"fields": {"codename": "add_aliaspluginmodel", "name": "Can add alias plugin model", "content_type": 19}, "model": "auth.permission", "pk": 59}, {"fields": {"codename": "change_aliaspluginmodel", "name": "Can change alias plugin model", "content_type": 19}, "model": "auth.permission", "pk": 60}, {"fields": {"codename": "delete_aliaspluginmodel", "name": "Can delete alias plugin model", "content_type": 19}, "model": "auth.permission", "pk": 61}, {"fields": {"codename": "add_urlconfrevision", "name": "Can add urlconf revision", "content_type": 20}, "model": "auth.permission", "pk": 62}, {"fields": {"codename": "change_urlconfrevision", "name": "Can change urlconf revision", "content_type": 20}, "model": "auth.permission", "pk": 63}, {"fields": {"codename": "delete_urlconfrevision", "name": "Can delete urlconf revision", "content_type": 20}, "model": "auth.permission", "pk": 64}, {"fields": {"codename": "add_cachekey", "name": "Can add cache key", "content_type": 21}, "model": "auth.permission", "pk": 65}, {"fields": {"codename": "change_cachekey", "name": "Can change cache key", "content_type": 21}, "model": "auth.permission", "pk": 66}, {"fields": {"codename": "delete_cachekey", "name": "Can delete cache key", "content_type": 21}, "model": "auth.permission", "pk": 67}, {"fields": {"codename": "add_text", "name": "Can add text", "content_type": 22}, "model": "auth.permission", "pk": 68}, {"fields": {"codename": "change_text", "name": "Can change text", "content_type": 22}, "model": "auth.permission", "pk": 69}, {"fields": {"codename": "delete_text", "name": "Can delete text", "content_type": 22}, "model": "auth.permission", "pk": 70}, {"fields": {"codename": "add_style", "name": "Can add style", "content_type": 23}, "model": "auth.permission", "pk": 71}, {"fields": {"codename": "change_style", "name": "Can change style", "content_type": 23}, "model": "auth.permission", "pk": 72}, {"fields": {"codename": "delete_style", "name": "Can delete style", "content_type": 23}, "model": "auth.permission", "pk": 73}, {"fields": {"codename": "add_multicolumns", "name": "Can add multi columns", "content_type": 24}, "model": "auth.permission", "pk": 74}, {"fields": {"codename": "change_multicolumns", "name": "Can change multi columns", "content_type": 24}, "model": "auth.permission", "pk": 75}, {"fields": {"codename": "delete_multicolumns", "name": "Can delete multi columns", "content_type": 24}, "model": "auth.permission", "pk": 76}, {"fields": {"codename": "add_column", "name": "Can add column", "content_type": 25}, "model": "auth.permission", "pk": 77}, {"fields": {"codename": "change_column", "name": "Can change column", "content_type": 25}, "model": "auth.permission", "pk": 78}, {"fields": {"codename": "delete_column", "name": "Can delete column", "content_type": 25}, "model": "auth.permission", "pk": 79}, {"fields": {"codename": "add_file", "name": "Can add file", "content_type": 26}, "model": "auth.permission", "pk": 80}, {"fields": {"codename": "change_file", "name": "Can change file", "content_type": 26}, "model": "auth.permission", "pk": 81}, {"fields": {"codename": "delete_file", "name": "Can delete file", "content_type": 26}, "model": "auth.permission", "pk": 82}, {"fields": {"codename": "add_googlemap", "name": "Can add google map", "content_type": 27}, "model": "auth.permission", "pk": 83}, {"fields": {"codename": "change_googlemap", "name": "Can change google map", "content_type": 27}, "model": "auth.permission", "pk": 84}, {"fields": {"codename": "delete_googlemap", "name": "Can delete google map", "content_type": 27}, "model": "auth.permission", "pk": 85}, {"fields": {"codename": "add_inheritpageplaceholder", "name": "Can add inherit page placeholder", "content_type": 28}, "model": "auth.permission", "pk": 86}, {"fields": {"codename": "change_inheritpageplaceholder", "name": "Can change inherit page placeholder", "content_type": 28}, "model": "auth.permission", "pk": 87}, {"fields": {"codename": "delete_inheritpageplaceholder", "name": "Can delete inherit page placeholder", "content_type": 28}, "model": "auth.permission", "pk": 88}, {"fields": {"codename": "add_link", "name": "Can add link", "content_type": 29}, "model": "auth.permission", "pk": 89}, {"fields": {"codename": "change_link", "name": "Can change link", "content_type": 29}, "model": "auth.permission", "pk": 90}, {"fields": {"codename": "delete_link", "name": "Can delete link", "content_type": 29}, "model": "auth.permission", "pk": 91}, {"fields": {"codename": "add_picture", "name": "Can add picture", "content_type": 30}, "model": "auth.permission", "pk": 92}, {"fields": {"codename": "change_picture", "name": "Can change picture", "content_type": 30}, "model": "auth.permission", "pk": 93}, {"fields": {"codename": "delete_picture", "name": "Can delete picture", "content_type": 30}, "model": "auth.permission", "pk": 94}, {"fields": {"codename": "add_teaser", "name": "Can add teaser", "content_type": 31}, "model": "auth.permission", "pk": 95}, {"fields": {"codename": "change_teaser", "name": "Can change teaser", "content_type": 31}, "model": "auth.permission", "pk": 96}, {"fields": {"codename": "delete_teaser", "name": "Can delete teaser", "content_type": 31}, "model": "auth.permission", "pk": 97}, {"fields": {"codename": "add_video", "name": "Can add video", "content_type": 32}, "model": "auth.permission", "pk": 98}, {"fields": {"codename": "change_video", "name": "Can change video", "content_type": 32}, "model": "auth.permission", "pk": 99}, {"fields": {"codename": "delete_video", "name": "Can delete video", "content_type": 32}, "model": "auth.permission", "pk": 100}, {"fields": {"codename": "add_related", "name": "Can add related", "content_type": 33}, "model": "auth.permission", "pk": 101}, {"fields": {"codename": "change_related", "name": "Can change related", "content_type": 33}, "model": "auth.permission", "pk": 102}, {"fields": {"codename": "delete_related", "name": "Can delete related", "content_type": 33}, "model": "auth.permission", "pk": 103}, {"fields": {"codename": "add_testfieldsmodel", "name": "Can add test fields model", "content_type": 34}, "model": "auth.permission", "pk": 104}, {"fields": {"codename": "change_testfieldsmodel", "name": "Can change test fields model", "content_type": 34}, "model": "auth.permission", "pk": 105}, {"fields": {"codename": "delete_testfieldsmodel", "name": "Can delete test fields model", "content_type": 34}, "model": "auth.permission", "pk": 106}, {"fields": {"codename": "add_emptymodel", "name": "Can add empty model", "content_type": 35}, "model": "auth.permission", "pk": 107}, {"fields": {"codename": "change_emptymodel", "name": "Can change empty model", "content_type": 35}, "model": "auth.permission", "pk": 108}, {"fields": {"codename": "delete_emptymodel", "name": "Can delete empty model", "content_type": 35}, "model": "auth.permission", "pk": 109}, {"fields": {"codename": "add_revision", "name": "Can add revision", "content_type": 36}, "model": "auth.permission", "pk": 110}, {"fields": {"codename": "change_revision", "name": "Can change revision", "content_type": 36}, "model": "auth.permission", "pk": 111}, {"fields": {"codename": "delete_revision", "name": "Can delete revision", "content_type": 36}, "model": "auth.permission", "pk": 112}, {"fields": {"codename": "add_version", "name": "Can add version", "content_type": 37}, "model": "auth.permission", "pk": 113}, {"fields": {"codename": "change_version", "name": "Can change version", "content_type": 37}, "model": "auth.permission", "pk": 114}, {"fields": {"codename": "delete_version", "name": "Can delete version", "content_type": 37}, "model": "auth.permission", "pk": 115}, {"fields": {"codename": "add_tier1discipline", "name": "Can add Discipline", "content_type": 38}, "model": "auth.permission", "pk": 116}, {"fields": {"codename": "change_tier1discipline", "name": "Can change Discipline", "content_type": 38}, "model": "auth.permission", "pk": 117}, {"fields": {"codename": "delete_tier1discipline", "name": "Can delete Discipline", "content_type": 38}, "model": "auth.permission", "pk": 118}, {"fields": {"codename": "add_topics", "name": "Can add Topic", "content_type": 39}, "model": "auth.permission", "pk": 119}, {"fields": {"codename": "change_topics", "name": "Can change Topic", "content_type": 39}, "model": "auth.permission", "pk": 120}, {"fields": {"codename": "delete_topics", "name": "Can delete Topic", "content_type": 39}, "model": "auth.permission", "pk": 121}, {"fields": {"codename": "add_customersubscription", "name": "Can add customer subscription", "content_type": 40}, "model": "auth.permission", "pk": 122}, {"fields": {"codename": "change_customersubscription", "name": "Can change customer subscription", "content_type": 40}, "model": "auth.permission", "pk": 123}, {"fields": {"codename": "delete_customersubscription", "name": "Can delete customer subscription", "content_type": 40}, "model": "auth.permission", "pk": 124}, {"fields": {"codename": "add_customerclassification", "name": "Can add customer classification", "content_type": 41}, "model": "auth.permission", "pk": 125}, {"fields": {"codename": "change_customerclassification", "name": "Can change customer classification", "content_type": 41}, "model": "auth.permission", "pk": 126}, {"fields": {"codename": "delete_customerclassification", "name": "Can delete customer classification", "content_type": 41}, "model": "auth.permission", "pk": 127}, {"fields": {"codename": "add_customer", "name": "Can add customer", "content_type": 42}, "model": "auth.permission", "pk": 128}, {"fields": {"codename": "change_customer", "name": "Can change customer", "content_type": 42}, "model": "auth.permission", "pk": 129}, {"fields": {"codename": "delete_customer", "name": "Can delete customer", "content_type": 42}, "model": "auth.permission", "pk": 130}, {"fields": {"codename": "add_customerclassificationjoin", "name": "Can add customer classification join", "content_type": 43}, "model": "auth.permission", "pk": 131}, {"fields": {"codename": "change_customerclassificationjoin", "name": "Can change customer classification join", "content_type": 43}, "model": "auth.permission", "pk": 132}, {"fields": {"codename": "delete_customerclassificationjoin", "name": "Can delete customer classification join", "content_type": 43}, "model": "auth.permission", "pk": 133}, {"fields": {"codename": "add_customersubscriptionjoin", "name": "Can add customer subscription join", "content_type": 44}, "model": "auth.permission", "pk": 134}, {"fields": {"codename": "change_customersubscriptionjoin", "name": "Can change customer subscription join", "content_type": 44}, "model": "auth.permission", "pk": 135}, {"fields": {"codename": "delete_customersubscriptionjoin", "name": "Can delete customer subscription join", "content_type": 44}, "model": "auth.permission", "pk": 136}, {"fields": {"codename": "add_adspeedzoneplugin", "name": "Can add ad speed zone plugin", "content_type": 45}, "model": "auth.permission", "pk": 137}, {"fields": {"codename": "change_adspeedzoneplugin", "name": "Can change ad speed zone plugin", "content_type": 45}, "model": "auth.permission", "pk": 138}, {"fields": {"codename": "delete_adspeedzoneplugin", "name": "Can delete ad speed zone plugin", "content_type": 45}, "model": "auth.permission", "pk": 139}, {"fields": {"codename": "add_titlebarplugin", "name": "Can add title bar plugin", "content_type": 46}, "model": "auth.permission", "pk": 140}, {"fields": {"codename": "change_titlebarplugin", "name": "Can change title bar plugin", "content_type": 46}, "model": "auth.permission", "pk": 141}, {"fields": {"codename": "delete_titlebarplugin", "name": "Can delete title bar plugin", "content_type": 46}, "model": "auth.permission", "pk": 142}, {"fields": {"codename": "add_textplugin", "name": "Can add text plugin", "content_type": 47}, "model": "auth.permission", "pk": 143}, {"fields": {"codename": "change_textplugin", "name": "Can change text plugin", "content_type": 47}, "model": "auth.permission", "pk": 144}, {"fields": {"codename": "delete_textplugin", "name": "Can delete text plugin", "content_type": 47}, "model": "auth.permission", "pk": 145}, {"fields": {"codename": "add_textwithclass", "name": "Can add text with class", "content_type": 48}, "model": "auth.permission", "pk": 146}, {"fields": {"codename": "change_textwithclass", "name": "Can change text with class", "content_type": 48}, "model": "auth.permission", "pk": 147}, {"fields": {"codename": "delete_textwithclass", "name": "Can delete text with class", "content_type": 48}, "model": "auth.permission", "pk": 148}, {"fields": {"codename": "add_segmentlimitpluginmodel", "name": "Can add segment limit plugin model", "content_type": 49}, "model": "auth.permission", "pk": 149}, {"fields": {"codename": "change_segmentlimitpluginmodel", "name": "Can change segment limit plugin model", "content_type": 49}, "model": "auth.permission", "pk": 150}, {"fields": {"codename": "delete_segmentlimitpluginmodel", "name": "Can delete segment limit plugin model", "content_type": 49}, "model": "auth.permission", "pk": 151}, {"fields": {"codename": "add_fallbacksegmentpluginmodel", "name": "Can add fallback segment plugin model", "content_type": 50}, "model": "auth.permission", "pk": 152}, {"fields": {"codename": "change_fallbacksegmentpluginmodel", "name": "Can change fallback segment plugin model", "content_type": 50}, "model": "auth.permission", "pk": 153}, {"fields": {"codename": "delete_fallbacksegmentpluginmodel", "name": "Can delete fallback segment plugin model", "content_type": 50}, "model": "auth.permission", "pk": 154}, {"fields": {"codename": "add_switchsegmentpluginmodel", "name": "Can add switch segment plugin model", "content_type": 51}, "model": "auth.permission", "pk": 155}, {"fields": {"codename": "change_switchsegmentpluginmodel", "name": "Can change switch segment plugin model", "content_type": 51}, "model": "auth.permission", "pk": 156}, {"fields": {"codename": "delete_switchsegmentpluginmodel", "name": "Can delete switch segment plugin model", "content_type": 51}, "model": "auth.permission", "pk": 157}, {"fields": {"codename": "add_cookiesegmentpluginmodel", "name": "Can add cookie segment plugin model", "content_type": 52}, "model": "auth.permission", "pk": 158}, {"fields": {"codename": "change_cookiesegmentpluginmodel", "name": "Can change cookie segment plugin model", "content_type": 52}, "model": "auth.permission", "pk": 159}, {"fields": {"codename": "delete_cookiesegmentpluginmodel", "name": "Can delete cookie segment plugin model", "content_type": 52}, "model": "auth.permission", "pk": 160}, {"fields": {"codename": "add_variablesegmentpluginmodel", "name": "Can add variable segment plugin model", "content_type": 53}, "model": "auth.permission", "pk": 161}, {"fields": {"codename": "change_variablesegmentpluginmodel", "name": "Can change variable segment plugin model", "content_type": 53}, "model": "auth.permission", "pk": 162}, {"fields": {"codename": "delete_variablesegmentpluginmodel", "name": "Can delete variable segment plugin model", "content_type": 53}, "model": "auth.permission", "pk": 163}, {"fields": {"codename": "add_visitorsegmentpluginmodel", "name": "Can add visitor segment plugin model", "content_type": 54}, "model": "auth.permission", "pk": 164}, {"fields": {"codename": "change_visitorsegmentpluginmodel", "name": "Can change visitor segment plugin model", "content_type": 54}, "model": "auth.permission", "pk": 165}, {"fields": {"codename": "delete_visitorsegmentpluginmodel", "name": "Can delete visitor segment plugin model", "content_type": 54}, "model": "auth.permission", "pk": 166}, {"fields": {"codename": "add_visitorclassificationsegmentpluginmodel", "name": "Can add visitor classification segment plugin model", "content_type": 55}, "model": "auth.permission", "pk": 167}, {"fields": {"codename": "change_visitorclassificationsegmentpluginmodel", "name": "Can change visitor classification segment plugin model", "content_type": 55}, "model": "auth.permission", "pk": 168}, {"fields": {"codename": "delete_visitorclassificationsegmentpluginmodel", "name": "Can delete visitor classification segment plugin model", "content_type": 55}, "model": "auth.permission", "pk": 169}, {"fields": {"codename": "add_authenticatedsegmentpluginmodel", "name": "Can add authenticated segment plugin model", "content_type": 56}, "model": "auth.permission", "pk": 170}, {"fields": {"codename": "change_authenticatedsegmentpluginmodel", "name": "Can change authenticated segment plugin model", "content_type": 56}, "model": "auth.permission", "pk": 171}, {"fields": {"codename": "delete_authenticatedsegmentpluginmodel", "name": "Can delete authenticated segment plugin model", "content_type": 56}, "model": "auth.permission", "pk": 172}, {"fields": {"codename": "add_disciplinesegmentpluginmodel", "name": "Can add discipline segment plugin model", "content_type": 57}, "model": "auth.permission", "pk": 173}, {"fields": {"codename": "change_disciplinesegmentpluginmodel", "name": "Can change discipline segment plugin model", "content_type": 57}, "model": "auth.permission", "pk": 174}, {"fields": {"codename": "delete_disciplinesegmentpluginmodel", "name": "Can delete discipline segment plugin model", "content_type": 57}, "model": "auth.permission", "pk": 175}, {"fields": {"codename": "add_countrysegmentpluginmodel", "name": "Can add country segment plugin model", "content_type": 58}, "model": "auth.permission", "pk": 176}, {"fields": {"codename": "change_countrysegmentpluginmodel", "name": "Can change country segment plugin model", "content_type": 58}, "model": "auth.permission", "pk": 177}, {"fields": {"codename": "delete_countrysegmentpluginmodel", "name": "Can delete country segment plugin model", "content_type": 58}, "model": "auth.permission", "pk": 178}, {"fields": {"codename": "add_segment", "name": "Can add segment", "content_type": 59}, "model": "auth.permission", "pk": 179}, {"fields": {"codename": "change_segment", "name": "Can change segment", "content_type": 59}, "model": "auth.permission", "pk": 180}, {"fields": {"codename": "delete_segment", "name": "Can delete segment", "content_type": 59}, "model": "auth.permission", "pk": 181}, {"fields": {"codename": "add_smartsnippet", "name": "Can add Smart Snippet", "content_type": 60}, "model": "auth.permission", "pk": 182}, {"fields": {"codename": "change_smartsnippet", "name": "Can change Smart Snippet", "content_type": 60}, "model": "auth.permission", "pk": 183}, {"fields": {"codename": "delete_smartsnippet", "name": "Can delete Smart Snippet", "content_type": 60}, "model": "auth.permission", "pk": 184}, {"fields": {"codename": "add_smartsnippetvariable", "name": "Can add Standard variable", "content_type": 61}, "model": "auth.permission", "pk": 185}, {"fields": {"codename": "change_smartsnippetvariable", "name": "Can change Standard variable", "content_type": 61}, "model": "auth.permission", "pk": 186}, {"fields": {"codename": "delete_smartsnippetvariable", "name": "Can delete Standard variable", "content_type": 61}, "model": "auth.permission", "pk": 187}, {"fields": {"codename": "add_smartsnippetpointer", "name": "Can add smart snippet pointer", "content_type": 62}, "model": "auth.permission", "pk": 188}, {"fields": {"codename": "change_smartsnippetpointer", "name": "Can change smart snippet pointer", "content_type": 62}, "model": "auth.permission", "pk": 189}, {"fields": {"codename": "delete_smartsnippetpointer", "name": "Can delete smart snippet pointer", "content_type": 62}, "model": "auth.permission", "pk": 190}, {"fields": {"codename": "add_variable", "name": "Can add variable", "content_type": 63}, "model": "auth.permission", "pk": 191}, {"fields": {"codename": "change_variable", "name": "Can change variable", "content_type": 63}, "model": "auth.permission", "pk": 192}, {"fields": {"codename": "delete_variable", "name": "Can delete variable", "content_type": 63}, "model": "auth.permission", "pk": 193}, {"fields": {"codename": "add_dropdownvariable", "name": "Can add drop down variable", "content_type": 64}, "model": "auth.permission", "pk": 194}, {"fields": {"codename": "change_dropdownvariable", "name": "Can change drop down variable", "content_type": 64}, "model": "auth.permission", "pk": 195}, {"fields": {"codename": "delete_dropdownvariable", "name": "Can delete drop down variable", "content_type": 64}, "model": "auth.permission", "pk": 196}, {"fields": {"codename": "add_tag", "name": "Can add Tag", "content_type": 65}, "model": "auth.permission", "pk": 197}, {"fields": {"codename": "change_tag", "name": "Can change Tag", "content_type": 65}, "model": "auth.permission", "pk": 198}, {"fields": {"codename": "delete_tag", "name": "Can delete Tag", "content_type": 65}, "model": "auth.permission", "pk": 199}, {"fields": {"codename": "add_taggeditem", "name": "Can add Tagged Item", "content_type": 66}, "model": "auth.permission", "pk": 200}, {"fields": {"codename": "change_taggeditem", "name": "Can change Tagged Item", "content_type": 66}, "model": "auth.permission", "pk": 201}, {"fields": {"codename": "delete_taggeditem", "name": "Can delete Tagged Item", "content_type": 66}, "model": "auth.permission", "pk": 202}, {"fields": {"codename": "add_spelinkcategory", "name": "Can add category", "content_type": 67}, "model": "auth.permission", "pk": 203}, {"fields": {"codename": "change_spelinkcategory", "name": "Can change category", "content_type": 67}, "model": "auth.permission", "pk": 204}, {"fields": {"codename": "delete_spelinkcategory", "name": "Can delete category", "content_type": 67}, "model": "auth.permission", "pk": 205}, {"fields": {"codename": "add_spelink", "name": "Can add link", "content_type": 68}, "model": "auth.permission", "pk": 206}, {"fields": {"codename": "change_spelink", "name": "Can change link", "content_type": 68}, "model": "auth.permission", "pk": 207}, {"fields": {"codename": "delete_spelink", "name": "Can delete link", "content_type": 68}, "model": "auth.permission", "pk": 208}, {"fields": {"codename": "add_spelinkpluginmodel", "name": "Can add spe link plugin model", "content_type": 69}, "model": "auth.permission", "pk": 209}, {"fields": {"codename": "change_spelinkpluginmodel", "name": "Can change spe link plugin model", "content_type": 69}, "model": "auth.permission", "pk": 210}, {"fields": {"codename": "delete_spelinkpluginmodel", "name": "Can delete spe link plugin model", "content_type": 69}, "model": "auth.permission", "pk": 211}, {"fields": {"codename": "add_tagged", "name": "Can add tagged", "content_type": 70}, "model": "auth.permission", "pk": 212}, {"fields": {"codename": "change_tagged", "name": "Can change tagged", "content_type": 70}, "model": "auth.permission", "pk": 213}, {"fields": {"codename": "delete_tagged", "name": "Can delete tagged", "content_type": 70}, "model": "auth.permission", "pk": 214}, {"fields": {"codename": "add_taggedauto", "name": "Can add tagged auto", "content_type": 71}, "model": "auth.permission", "pk": 215}, {"fields": {"codename": "change_taggedauto", "name": "Can change tagged auto", "content_type": 71}, "model": "auth.permission", "pk": 216}, {"fields": {"codename": "delete_taggedauto", "name": "Can delete tagged auto", "content_type": 71}, "model": "auth.permission", "pk": 217}, {"fields": {"codename": "add_publication", "name": "Can add publication", "content_type": 72}, "model": "auth.permission", "pk": 218}, {"fields": {"codename": "change_publication", "name": "Can change publication", "content_type": 72}, "model": "auth.permission", "pk": 219}, {"fields": {"codename": "delete_publication", "name": "Can delete publication", "content_type": 72}, "model": "auth.permission", "pk": 220}, {"fields": {"codename": "add_issue", "name": "Can add issue", "content_type": 73}, "model": "auth.permission", "pk": 221}, {"fields": {"codename": "change_issue", "name": "Can change issue", "content_type": 73}, "model": "auth.permission", "pk": 222}, {"fields": {"codename": "delete_issue", "name": "Can delete issue", "content_type": 73}, "model": "auth.permission", "pk": 223}, {"fields": {"codename": "add_category", "name": "Can add category", "content_type": 74}, "model": "auth.permission", "pk": 224}, {"fields": {"codename": "change_category", "name": "Can change category", "content_type": 74}, "model": "auth.permission", "pk": 225}, {"fields": {"codename": "delete_category", "name": "Can delete category", "content_type": 74}, "model": "auth.permission", "pk": 226}, {"fields": {"codename": "add_article", "name": "Can add article", "content_type": 75}, "model": "auth.permission", "pk": 227}, {"fields": {"codename": "change_article", "name": "Can change article", "content_type": 75}, "model": "auth.permission", "pk": 228}, {"fields": {"codename": "delete_article", "name": "Can delete article", "content_type": 75}, "model": "auth.permission", "pk": 229}, {"fields": {"codename": "add_editorial", "name": "Can add editorial", "content_type": 76}, "model": "auth.permission", "pk": 230}, {"fields": {"codename": "change_editorial", "name": "Can change editorial", "content_type": 76}, "model": "auth.permission", "pk": 231}, {"fields": {"codename": "delete_editorial", "name": "Can delete editorial", "content_type": 76}, "model": "auth.permission", "pk": 232}, {"fields": {"codename": "add_articlesplugin", "name": "Can add articles plugin", "content_type": 77}, "model": "auth.permission", "pk": 233}, {"fields": {"codename": "change_articlesplugin", "name": "Can change articles plugin", "content_type": 77}, "model": "auth.permission", "pk": 234}, {"fields": {"codename": "delete_articlesplugin", "name": "Can delete articles plugin", "content_type": 77}, "model": "auth.permission", "pk": 235}, {"fields": {"codename": "add_articledetailplugin", "name": "Can add article detail plugin", "content_type": 78}, "model": "auth.permission", "pk": 236}, {"fields": {"codename": "change_articledetailplugin", "name": "Can change article detail plugin", "content_type": 78}, "model": "auth.permission", "pk": 237}, {"fields": {"codename": "delete_articledetailplugin", "name": "Can delete article detail plugin", "content_type": 78}, "model": "auth.permission", "pk": 238}, {"fields": {"codename": "add_editorialplugin", "name": "Can add editorial plugin", "content_type": 79}, "model": "auth.permission", "pk": 239}, {"fields": {"codename": "change_editorialplugin", "name": "Can change editorial plugin", "content_type": 79}, "model": "auth.permission", "pk": 240}, {"fields": {"codename": "delete_editorialplugin", "name": "Can delete editorial plugin", "content_type": 79}, "model": "auth.permission", "pk": 241}, {"fields": {"codename": "add_articleslistingplugin", "name": "Can add articles listing plugin", "content_type": 80}, "model": "auth.permission", "pk": 242}, {"fields": {"codename": "change_articleslistingplugin", "name": "Can change articles listing plugin", "content_type": 80}, "model": "auth.permission", "pk": 243}, {"fields": {"codename": "delete_articleslistingplugin", "name": "Can delete articles listing plugin", "content_type": 80}, "model": "auth.permission", "pk": 244}, {"fields": {"codename": "add_issuesbypublicationplugin", "name": "Can add issues by publication plugin", "content_type": 81}, "model": "auth.permission", "pk": 245}, {"fields": {"codename": "change_issuesbypublicationplugin", "name": "Can change issues by publication plugin", "content_type": 81}, "model": "auth.permission", "pk": 246}, {"fields": {"codename": "delete_issuesbypublicationplugin", "name": "Can delete issues by publication plugin", "content_type": 81}, "model": "auth.permission", "pk": 247}, {"fields": {"codename": "add_eventsbycurrentlocationplugin", "name": "Can add events by current location plugin", "content_type": 82}, "model": "auth.permission", "pk": 248}, {"fields": {"codename": "change_eventsbycurrentlocationplugin", "name": "Can change events by current location plugin", "content_type": 82}, "model": "auth.permission", "pk": 249}, {"fields": {"codename": "delete_eventsbycurrentlocationplugin", "name": "Can delete events by current location plugin", "content_type": 82}, "model": "auth.permission", "pk": 250}, {"fields": {"codename": "add_breadcrumbplugin", "name": "Can add bread crumb plugin", "content_type": 83}, "model": "auth.permission", "pk": 251}, {"fields": {"codename": "change_breadcrumbplugin", "name": "Can change bread crumb plugin", "content_type": 83}, "model": "auth.permission", "pk": 252}, {"fields": {"codename": "delete_breadcrumbplugin", "name": "Can delete bread crumb plugin", "content_type": 83}, "model": "auth.permission", "pk": 253}, {"fields": {"codename": "add_issuesbyyearplugin", "name": "Can add issues by year plugin", "content_type": 84}, "model": "auth.permission", "pk": 254}, {"fields": {"codename": "change_issuesbyyearplugin", "name": "Can change issues by year plugin", "content_type": 84}, "model": "auth.permission", "pk": 255}, {"fields": {"codename": "delete_issuesbyyearplugin", "name": "Can delete issues by year plugin", "content_type": 84}, "model": "auth.permission", "pk": 256}, {"fields": {"codename": "add_publicationsubscription", "name": "Can add publication subscription", "content_type": 85}, "model": "auth.permission", "pk": 257}, {"fields": {"codename": "change_publicationsubscription", "name": "Can change publication subscription", "content_type": 85}, "model": "auth.permission", "pk": 258}, {"fields": {"codename": "delete_publicationsubscription", "name": "Can delete publication subscription", "content_type": 85}, "model": "auth.permission", "pk": 259}, {"fields": {"codename": "add_poll", "name": "Can add poll", "content_type": 86}, "model": "auth.permission", "pk": 260}, {"fields": {"codename": "change_poll", "name": "Can change poll", "content_type": 86}, "model": "auth.permission", "pk": 261}, {"fields": {"codename": "delete_poll", "name": "Can delete poll", "content_type": 86}, "model": "auth.permission", "pk": 262}, {"fields": {"codename": "add_choice", "name": "Can add choice", "content_type": 87}, "model": "auth.permission", "pk": 263}, {"fields": {"codename": "change_choice", "name": "Can change choice", "content_type": 87}, "model": "auth.permission", "pk": 264}, {"fields": {"codename": "delete_choice", "name": "Can delete choice", "content_type": 87}, "model": "auth.permission", "pk": 265}, {"fields": {"codename": "add_pollplugin", "name": "Can add poll plugin", "content_type": 88}, "model": "auth.permission", "pk": 266}, {"fields": {"codename": "change_pollplugin", "name": "Can change poll plugin", "content_type": 88}, "model": "auth.permission", "pk": 267}, {"fields": {"codename": "delete_pollplugin", "name": "Can delete poll plugin", "content_type": 88}, "model": "auth.permission", "pk": 268}, {"fields": {"codename": "add_styledlinkstyle", "name": "Can add styled link style", "content_type": 89}, "model": "auth.permission", "pk": 269}, {"fields": {"codename": "change_styledlinkstyle", "name": "Can change styled link style", "content_type": 89}, "model": "auth.permission", "pk": 270}, {"fields": {"codename": "delete_styledlinkstyle", "name": "Can delete styled link style", "content_type": 89}, "model": "auth.permission", "pk": 271}, {"fields": {"codename": "add_styledlink", "name": "Can add styled link", "content_type": 90}, "model": "auth.permission", "pk": 272}, {"fields": {"codename": "change_styledlink", "name": "Can change styled link", "content_type": 90}, "model": "auth.permission", "pk": 273}, {"fields": {"codename": "delete_styledlink", "name": "Can delete styled link", "content_type": 90}, "model": "auth.permission", "pk": 274}, {"fields": {"codename": "add_request", "name": "Can add request", "content_type": 91}, "model": "auth.permission", "pk": 275}, {"fields": {"codename": "change_request", "name": "Can change request", "content_type": 91}, "model": "auth.permission", "pk": 276}, {"fields": {"codename": "delete_request", "name": "Can delete request", "content_type": 91}, "model": "auth.permission", "pk": 277}, {"fields": {"codename": "add_eventtype", "name": "Can add event type", "content_type": 92}, "model": "auth.permission", "pk": 278}, {"fields": {"codename": "change_eventtype", "name": "Can change event type", "content_type": 92}, "model": "auth.permission", "pk": 279}, {"fields": {"codename": "delete_eventtype", "name": "Can delete event type", "content_type": 92}, "model": "auth.permission", "pk": 280}, {"fields": {"codename": "add_eventsbycurrentipplugin", "name": "Can add events by current ip plugin", "content_type": 93}, "model": "auth.permission", "pk": 281}, {"fields": {"codename": "change_eventsbycurrentipplugin", "name": "Can change events by current ip plugin", "content_type": 93}, "model": "auth.permission", "pk": 282}, {"fields": {"codename": "delete_eventsbycurrentipplugin", "name": "Can delete events by current ip plugin", "content_type": 93}, "model": "auth.permission", "pk": 283}, {"fields": {"username": "sstacha", "first_name": "Steve", "last_name": "Stacha", "is_active": true, "is_superuser": true, "is_staff": true, "last_login": "2016-02-29T22:34:58.388Z", "groups": [], "user_permissions": [], "password": "pbkdf2_sha256$20000$Lui5CAi3z29P$QUpFlhkeUZCgAvxHGXcaEwHkpFgVV2RoKD9WjnqiA5U=", "email": "sstacha@spe.org", "date_joined": "2016-02-08T22:31:10Z"}, "model": "auth.user", "pk": 1}, {"fields": {"username": "jtoony", "first_name": "Jeff", "last_name": "Toony", "is_active": true, "is_superuser": true, "is_staff": true, "last_login": null, "groups": [], "user_permissions": [], "password": "pbkdf2_sha256$20000$GiUScjwcAXbx$s+hUzjUxsbSG090rBZjafX0Jm1KWU2Wn928No1vRb0Y=", "email": "jtoony@spe.org", "date_joined": "2016-02-24T15:05:40Z"}, "model": "auth.user", "pk": 2}, {"fields": {"username": "jboden", "first_name": "John", "last_name": "Boden", "is_active": true, "is_superuser": true, "is_staff": true, "last_login": "2016-03-23T19:22:10.441Z", "groups": [], "user_permissions": [], "password": "pbkdf2_sha256$20000$QSbV9sYjvEIK$KJxZCHh+iEg3pCPO3m+3FTEb8LqxLm8vkMr68Wy9Jec=", "email": "jboden@spe.org", "date_joined": "2016-02-24T15:06:48Z"}, "model": "auth.user", "pk": 3}, {"fields": {"username": "mschlott", "first_name": "Mike", "last_name": "Schlottman", "is_active": true, "is_superuser": true, "is_staff": true, "last_login": null, "groups": [], "user_permissions": [], "password": "pbkdf2_sha256$20000$cvda22pZRc4q$tfQorD2l6Xgep7vxiVS3qBr0iptAZICkRRugKZJq5wA=", "email": "mschlott@spe.org", "date_joined": "2016-03-01T21:09:45Z"}, "model": "auth.user", "pk": 4}, {"fields": {"action_flag": 2, "action_time": "2016-03-23T19:26:29.691Z", "object_repr": "spe.org", "object_id": "1", "change_message": "Changed domain and name.", "user": 3, "content_type": 9}, "model": "admin.logentry", "pk": 1}, {"fields": {"action_flag": 2, "action_time": "2016-03-23T19:27:07.367Z", "object_repr": "OGF SITE", "object_id": "18", "change_message": "", "user": 3, "content_type": 2}, "model": "admin.logentry", "pk": 2}, {"fields": {"action_flag": 2, "action_time": "2016-03-23T19:27:21.008Z", "object_repr": "People on the Move", "object_id": "5", "change_message": "", "user": 3, "content_type": 2}, "model": "admin.logentry", "pk": 3}, {"fields": {"action_flag": 2, "action_time": "2016-03-23T19:27:30.782Z", "object_repr": "OGF Article Detail", "object_id": "17", "change_message": "", "user": 3, "content_type": 2}, "model": "admin.logentry", "pk": 4}, {"fields": {"action_flag": 2, "action_time": "2016-03-23T19:27:38.235Z", "object_repr": "ISSUES", "object_id": "12", "change_message": "", "user": 3, "content_type": 2}, "model": "admin.logentry", "pk": 5}, {"fields": {"action_flag": 3, "action_time": "2016-03-23T19:27:42.518Z", "object_repr": "Breadcrumb", "object_id": "15", "change_message": "", "user": 3, "content_type": 2}, "model": "admin.logentry", "pk": 6}, {"fields": {"action_flag": 2, "action_time": "2016-03-23T19:29:08.327Z", "object_repr": "ISSUES", "object_id": "12", "change_message": "", "user": 3, "content_type": 2}, "model": "admin.logentry", "pk": 7}, {"fields": {"action_flag": 3, "action_time": "2016-03-23T23:53:43.772Z", "object_repr": "Acidizing", "object_id": "c01", "change_message": "", "user": 3, "content_type": 39}, "model": "admin.logentry", "pk": 8}, {"fields": {"action_flag": 3, "action_time": "2016-03-23T23:53:43.775Z", "object_repr": "Artificial Lift", "object_id": "p01", "change_message": "", "user": 3, "content_type": 39}, "model": "admin.logentry", "pk": 9}, {"fields": {"action_flag": 3, "action_time": "2016-03-23T23:53:43.776Z", "object_repr": "Asset/Portfolio Management", "object_id": "m01", "change_message": "", "user": 3, "content_type": 39}, "model": "admin.logentry", "pk": 10}, {"fields": {"action_flag": 3, "action_time": "2016-03-23T23:53:43.778Z", "object_repr": "Carbon Capture & Storage", "object_id": "r01", "change_message": "", "user": 3, "content_type": 39}, "model": "admin.logentry", "pk": 11}, {"fields": {"action_flag": 3, "action_time": "2016-03-23T23:53:43.779Z", "object_repr": "Carbon Capture and Storage", "object_id": "h01", "change_message": "", "user": 3, "content_type": 39}, "model": "admin.logentry", "pk": 12}, {"fields": {"action_flag": 3, "action_time": "2016-03-23T23:53:43.780Z", "object_repr": "Casing/Cementing/Zonal Isolation", "object_id": "d01", "change_message": "", "user": 3, "content_type": 39}, "model": "admin.logentry", "pk": 13}, {"fields": {"action_flag": 3, "action_time": "2016-03-23T23:53:43.782Z", "object_repr": "Coiled Tubing", "object_id": "p02", "change_message": "", "user": 3, "content_type": 39}, "model": "admin.logentry", "pk": 14}, {"fields": {"action_flag": 3, "action_time": "2016-03-23T23:53:43.783Z", "object_repr": "Completion Fluids", "object_id": "c02", "change_message": "", "user": 3, "content_type": 39}, "model": "admin.logentry", "pk": 15}, {"fields": {"action_flag": 3, "action_time": "2016-03-23T23:53:43.784Z", "object_repr": "Corrosion & H2S", "object_id": "f01", "change_message": "", "user": 3, "content_type": 39}, "model": "admin.logentry", "pk": 16}, {"fields": {"action_flag": 3, "action_time": "2016-03-23T23:53:43.785Z", "object_repr": "Data & Information Management", "object_id": "m04", "change_message": "", "user": 3, "content_type": 39}, "model": "admin.logentry", "pk": 17}, {"fields": {"action_flag": 3, "action_time": "2016-03-23T23:53:43.786Z", "object_repr": "Decommisioning/Site Remediation", "object_id": "p03", "change_message": "", "user": 3, "content_type": 39}, "model": "admin.logentry", "pk": 18}, {"fields": {"action_flag": 3, "action_time": "2016-03-23T23:53:43.788Z", "object_repr": "Decommisioning/Site Remediation", "object_id": "h02", "change_message": "", "user": 3, "content_type": 39}, "model": "admin.logentry", "pk": 19}, {"fields": {"action_flag": 3, "action_time": "2016-03-23T23:53:43.789Z", "object_repr": "Decommisioning/Site Remediation", "object_id": "f02", "change_message": "", "user": 3, "content_type": 39}, "model": "admin.logentry", "pk": 20}, {"fields": {"action_flag": 3, "action_time": "2016-03-23T23:53:43.790Z", "object_repr": "Drilling Automation", "object_id": "d02", "change_message": "", "user": 3, "content_type": 39}, "model": "admin.logentry", "pk": 21}, {"fields": {"action_flag": 3, "action_time": "2016-03-23T23:53:43.791Z", "object_repr": "Drilling Fluids", "object_id": "d03", "change_message": "", "user": 3, "content_type": 39}, "model": "admin.logentry", "pk": 22}, {"fields": {"action_flag": 3, "action_time": "2016-03-23T23:53:43.792Z", "object_repr": "Enhanced Recovery", "object_id": "r02", "change_message": "", "user": 3, "content_type": 39}, "model": "admin.logentry", "pk": 23}, {"fields": {"action_flag": 3, "action_time": "2016-03-23T23:53:43.793Z", "object_repr": "Environment", "object_id": "h03", "change_message": "", "user": 3, "content_type": 39}, "model": "admin.logentry", "pk": 24}, {"fields": {"action_flag": 3, "action_time": "2016-03-23T23:53:43.794Z", "object_repr": "Facilities Planning and Maintenance", "object_id": "f03", "change_message": "", "user": 3, "content_type": 39}, "model": "admin.logentry", "pk": 25}, {"fields": {"action_flag": 3, "action_time": "2016-03-23T23:53:43.795Z", "object_repr": "Faculty/Engineering Education", "object_id": "m07", "change_message": "", "user": 3, "content_type": 39}, "model": "admin.logentry", "pk": 26}, {"fields": {"action_flag": 3, "action_time": "2016-03-23T23:53:43.796Z", "object_repr": "Field Life Extension", "object_id": "p04", "change_message": "", "user": 3, "content_type": 39}, "model": "admin.logentry", "pk": 27}, {"fields": {"action_flag": 3, "action_time": "2016-03-23T23:53:43.797Z", "object_repr": "Field Life Extension", "object_id": "f04", "change_message": "", "user": 3, "content_type": 39}, "model": "admin.logentry", "pk": 28}, {"fields": {"action_flag": 3, "action_time": "2016-03-23T23:53:43.798Z", "object_repr": "Field Start-Up/Commissioning", "object_id": "f05", "change_message": "", "user": 3, "content_type": 39}, "model": "admin.logentry", "pk": 29}, {"fields": {"action_flag": 3, "action_time": "2016-03-23T23:53:43.799Z", "object_repr": "Flow Assurance/Scale Management", "object_id": "f06", "change_message": "", "user": 3, "content_type": 39}, "model": "admin.logentry", "pk": 30}, {"fields": {"action_flag": 3, "action_time": "2016-03-23T23:53:43.800Z", "object_repr": "Formation damage", "object_id": "d04", "change_message": "", "user": 3, "content_type": 39}, "model": "admin.logentry", "pk": 31}, {"fields": {"action_flag": 3, "action_time": "2016-03-23T23:53:43.801Z", "object_repr": "Gas Conversion (LNG/GTL)", "object_id": "f07", "change_message": "", "user": 3, "content_type": 39}, "model": "admin.logentry", "pk": 32}, {"fields": {"action_flag": 3, "action_time": "2016-03-23T23:53:43.802Z", "object_repr": "HP/HT", "object_id": "r03", "change_message": "", "user": 3, "content_type": 39}, "model": "admin.logentry", "pk": 33}, {"fields": {"action_flag": 3, "action_time": "2016-03-23T23:53:43.803Z", "object_repr": "HP/HT", "object_id": "f09", "change_message": "", "user": 3, "content_type": 39}, "model": "admin.logentry", "pk": 34}, {"fields": {"action_flag": 3, "action_time": "2016-03-23T23:53:43.804Z", "object_repr": "HP/HT", "object_id": "d06", "change_message": "", "user": 3, "content_type": 39}, "model": "admin.logentry", "pk": 35}, {"fields": {"action_flag": 3, "action_time": "2016-03-23T23:53:43.805Z", "object_repr": "HR/People Management", "object_id": "m08", "change_message": "", "user": 3, "content_type": 39}, "model": "admin.logentry", "pk": 36}, {"fields": {"action_flag": 3, "action_time": "2016-03-23T23:53:43.806Z", "object_repr": "Horizontal/Directional/Extended Reach Wells", "object_id": "d05", "change_message": "", "user": 3, "content_type": 39}, "model": "admin.logentry", "pk": 37}, {"fields": {"action_flag": 3, "action_time": "2016-03-23T23:53:43.807Z", "object_repr": "Hydraulic Fracturing", "object_id": "c03", "change_message": "", "user": 3, "content_type": 39}, "model": "admin.logentry", "pk": 38}, {"fields": {"action_flag": 3, "action_time": "2016-03-23T23:53:43.808Z", "object_repr": "Intelligent Fields/Surveillance", "object_id": "r04", "change_message": "", "user": 3, "content_type": 39}, "model": "admin.logentry", "pk": 39}, {"fields": {"action_flag": 3, "action_time": "2016-03-23T23:53:43.809Z", "object_repr": "Intelligent Fields/Surveillance", "object_id": "p05", "change_message": "", "user": 3, "content_type": 39}, "model": "admin.logentry", "pk": 40}, {"fields": {"action_flag": 3, "action_time": "2016-03-23T23:53:43.810Z", "object_repr": "Intelligent Fields/Surveillance", "object_id": "f08", "change_message": "", "user": 3, "content_type": 39}, "model": "admin.logentry", "pk": 41}, {"fields": {"action_flag": 3, "action_time": "2016-03-23T23:53:43.811Z", "object_repr": "Intelligent Fields/Surveillance", "object_id": "c04", "change_message": "", "user": 3, "content_type": 39}, "model": "admin.logentry", "pk": 42}, {"fields": {"action_flag": 3, "action_time": "2016-03-23T23:53:43.812Z", "object_repr": "Marginal/Aging Fields", "object_id": "r05", "change_message": "", "user": 3, "content_type": 39}, "model": "admin.logentry", "pk": 43}, {"fields": {"action_flag": 3, "action_time": "2016-03-23T23:53:43.813Z", "object_repr": "Marginal/Aging Fields", "object_id": "p06", "change_message": "", "user": 3, "content_type": 39}, "model": "admin.logentry", "pk": 44}, {"fields": {"action_flag": 3, "action_time": "2016-03-23T23:53:43.814Z", "object_repr": "Marginal/Aging Fields", "object_id": "f10", "change_message": "", "user": 3, "content_type": 39}, "model": "admin.logentry", "pk": 45}, {"fields": {"action_flag": 3, "action_time": "2016-03-23T23:53:43.815Z", "object_repr": "Offshore Facilities/Subsea Systems", "object_id": "f11", "change_message": "", "user": 3, "content_type": 39}, "model": "admin.logentry", "pk": 46}, {"fields": {"action_flag": 3, "action_time": "2016-03-23T23:53:43.816Z", "object_repr": "Petroleum Economics/Production Forecasting", "object_id": "m02", "change_message": "", "user": 3, "content_type": 39}, "model": "admin.logentry", "pk": 47}, {"fields": {"action_flag": 3, "action_time": "2016-03-23T23:53:43.817Z", "object_repr": "Petroleum Reserves", "object_id": "r06", "change_message": "", "user": 3, "content_type": 39}, "model": "admin.logentry", "pk": 48}, {"fields": {"action_flag": 3, "action_time": "2016-03-23T23:53:43.818Z", "object_repr": "Petrophysics/Geophysics", "object_id": "r07", "change_message": "", "user": 3, "content_type": 39}, "model": "admin.logentry", "pk": 49}, {"fields": {"action_flag": 3, "action_time": "2016-03-23T23:53:43.818Z", "object_repr": "Pressure Management", "object_id": "d07", "change_message": "", "user": 3, "content_type": 39}, "model": "admin.logentry", "pk": 50}, {"fields": {"action_flag": 3, "action_time": "2016-03-23T23:53:43.820Z", "object_repr": "Processing Systems/Design", "object_id": "f12", "change_message": "", "user": 3, "content_type": 39}, "model": "admin.logentry", "pk": 51}, {"fields": {"action_flag": 3, "action_time": "2016-03-23T23:53:43.820Z", "object_repr": "Production Chemistry", "object_id": "p07", "change_message": "", "user": 3, "content_type": 39}, "model": "admin.logentry", "pk": 52}, {"fields": {"action_flag": 3, "action_time": "2016-03-23T23:53:43.821Z", "object_repr": "Project Management", "object_id": "m05", "change_message": "", "user": 3, "content_type": 39}, "model": "admin.logentry", "pk": 53}, {"fields": {"action_flag": 3, "action_time": "2016-03-23T23:53:43.822Z", "object_repr": "Project Management", "object_id": "f13", "change_message": "", "user": 3, "content_type": 39}, "model": "admin.logentry", "pk": 54}, {"fields": {"action_flag": 3, "action_time": "2016-03-23T23:53:43.823Z", "object_repr": "R&D", "object_id": "m06", "change_message": "", "user": 3, "content_type": 39}, "model": "admin.logentry", "pk": 55}, {"fields": {"action_flag": 3, "action_time": "2016-03-23T23:53:43.824Z", "object_repr": "Reservoir Characterization", "object_id": "r08", "change_message": "", "user": 3, "content_type": 39}, "model": "admin.logentry", "pk": 56}, {"fields": {"action_flag": 3, "action_time": "2016-03-23T23:53:43.825Z", "object_repr": "Reservoir Management", "object_id": "r09", "change_message": "", "user": 3, "content_type": 39}, "model": "admin.logentry", "pk": 57}, {"fields": {"action_flag": 3, "action_time": "2016-03-23T23:53:43.826Z", "object_repr": "Reservoir Simulation", "object_id": "r10", "change_message": "", "user": 3, "content_type": 39}, "model": "admin.logentry", "pk": 58}, {"fields": {"action_flag": 3, "action_time": "2016-03-23T23:53:43.827Z", "object_repr": "Risk Management/Decision-Making", "object_id": "m03", "change_message": "", "user": 3, "content_type": 39}, "model": "admin.logentry", "pk": 59}, {"fields": {"action_flag": 3, "action_time": "2016-03-23T23:53:43.828Z", "object_repr": "Safety/Health", "object_id": "h04", "change_message": "", "user": 3, "content_type": 39}, "model": "admin.logentry", "pk": 60}, {"fields": {"action_flag": 3, "action_time": "2016-03-23T23:53:43.829Z", "object_repr": "Sand Management/Control", "object_id": "p08", "change_message": "", "user": 3, "content_type": 39}, "model": "admin.logentry", "pk": 61}, {"fields": {"action_flag": 3, "action_time": "2016-03-23T23:53:43.830Z", "object_repr": "Sand Management/Control", "object_id": "f14", "change_message": "", "user": 3, "content_type": 39}, "model": "admin.logentry", "pk": 62}, {"fields": {"action_flag": 3, "action_time": "2016-03-23T23:53:43.831Z", "object_repr": "Sand Management/Control", "object_id": "c05", "change_message": "", "user": 3, "content_type": 39}, "model": "admin.logentry", "pk": 63}, {"fields": {"action_flag": 3, "action_time": "2016-03-23T23:53:43.832Z", "object_repr": "Social Responsibility/Sustainability", "object_id": "h05", "change_message": "", "user": 3, "content_type": 39}, "model": "admin.logentry", "pk": 64}, {"fields": {"action_flag": 3, "action_time": "2016-03-23T23:53:43.832Z", "object_repr": "Transportation/Pipelines", "object_id": "f15", "change_message": "", "user": 3, "content_type": 39}, "model": "admin.logentry", "pk": 65}, {"fields": {"action_flag": 3, "action_time": "2016-03-23T23:53:43.833Z", "object_repr": "Water Treatment and Management", "object_id": "p09", "change_message": "", "user": 3, "content_type": 39}, "model": "admin.logentry", "pk": 66}, {"fields": {"action_flag": 3, "action_time": "2016-03-23T23:53:43.834Z", "object_repr": "Water Treatment and Management", "object_id": "h06", "change_message": "", "user": 3, "content_type": 39}, "model": "admin.logentry", "pk": 67}, {"fields": {"action_flag": 3, "action_time": "2016-03-23T23:53:43.835Z", "object_repr": "Water Treatment and Management", "object_id": "f16", "change_message": "", "user": 3, "content_type": 39}, "model": "admin.logentry", "pk": 68}, {"fields": {"action_flag": 3, "action_time": "2016-03-23T23:53:43.836Z", "object_repr": "Water Treatment and Management", "object_id": "c06", "change_message": "", "user": 3, "content_type": 39}, "model": "admin.logentry", "pk": 69}, {"fields": {"action_flag": 3, "action_time": "2016-03-23T23:53:43.837Z", "object_repr": "Well Integrity/Control", "object_id": "c07", "change_message": "", "user": 3, "content_type": 39}, "model": "admin.logentry", "pk": 70}, {"fields": {"action_flag": 3, "action_time": "2016-03-23T23:53:43.838Z", "object_repr": "Well Intervention", "object_id": "p10", "change_message": "", "user": 3, "content_type": 39}, "model": "admin.logentry", "pk": 71}, {"fields": {"action_flag": 3, "action_time": "2016-03-24T00:15:08.576Z", "object_repr": "Well intervention/recompletion", "object_id": "1", "change_message": "", "user": 3, "content_type": 39}, "model": "admin.logentry", "pk": 72}, {"fields": {"action_flag": 3, "action_time": "2016-03-24T00:25:07.882Z", "object_repr": "Artificial lift", "object_id": "1", "change_message": "", "user": 3, "content_type": 39}, "model": "admin.logentry", "pk": 73}, {"fields": {"action_flag": 3, "action_time": "2016-03-24T00:25:07.884Z", "object_repr": "Asset/portfolio management", "object_id": "2", "change_message": "", "user": 3, "content_type": 39}, "model": "admin.logentry", "pk": 74}, {"fields": {"action_flag": 3, "action_time": "2016-03-24T00:25:07.886Z", "object_repr": "Carbon capture and storage", "object_id": "3", "change_message": "", "user": 3, "content_type": 39}, "model": "admin.logentry", "pk": 75}, {"fields": {"action_flag": 3, "action_time": "2016-03-24T00:25:07.887Z", "object_repr": "Casing/cementing/zonal isolation", "object_id": "4", "change_message": "", "user": 3, "content_type": 39}, "model": "admin.logentry", "pk": 76}, {"fields": {"action_flag": 3, "action_time": "2016-03-24T00:25:07.888Z", "object_repr": "Coiled tubing", "object_id": "5", "change_message": "", "user": 3, "content_type": 39}, "model": "admin.logentry", "pk": 77}, {"fields": {"action_flag": 3, "action_time": "2016-03-24T00:25:07.889Z", "object_repr": "Completion fluids", "object_id": "6", "change_message": "", "user": 3, "content_type": 39}, "model": "admin.logentry", "pk": 78}, {"fields": {"action_flag": 3, "action_time": "2016-03-24T00:25:07.890Z", "object_repr": "Completions", "object_id": "7", "change_message": "", "user": 3, "content_type": 39}, "model": "admin.logentry", "pk": 79}, {"fields": {"action_flag": 3, "action_time": "2016-03-24T00:25:07.891Z", "object_repr": "Continued service of fields", "object_id": "8", "change_message": "", "user": 3, "content_type": 39}, "model": "admin.logentry", "pk": 80}, {"fields": {"action_flag": 3, "action_time": "2016-03-24T00:25:07.892Z", "object_repr": "Corrosion", "object_id": "9", "change_message": "", "user": 3, "content_type": 39}, "model": "admin.logentry", "pk": 81}, {"fields": {"action_flag": 3, "action_time": "2016-03-24T00:25:07.893Z", "object_repr": "Data and information management", "object_id": "10", "change_message": "", "user": 3, "content_type": 39}, "model": "admin.logentry", "pk": 82}, {"fields": {"action_flag": 3, "action_time": "2016-03-24T00:25:07.894Z", "object_repr": "Decommisioning/site remediation", "object_id": "11", "change_message": "", "user": 3, "content_type": 39}, "model": "admin.logentry", "pk": 83}, {"fields": {"action_flag": 3, "action_time": "2016-03-24T00:25:07.895Z", "object_repr": "Directional/extended reach wells", "object_id": "12", "change_message": "", "user": 3, "content_type": 39}, "model": "admin.logentry", "pk": 84}, {"fields": {"action_flag": 3, "action_time": "2016-03-24T00:25:07.896Z", "object_repr": "Drilling ", "object_id": "13", "change_message": "", "user": 3, "content_type": 39}, "model": "admin.logentry", "pk": 85}, {"fields": {"action_flag": 3, "action_time": "2016-03-24T00:25:07.897Z", "object_repr": "Drilling automation", "object_id": "14", "change_message": "", "user": 3, "content_type": 39}, "model": "admin.logentry", "pk": 86}, {"fields": {"action_flag": 3, "action_time": "2016-03-24T00:25:07.898Z", "object_repr": "Drilling fluids", "object_id": "15", "change_message": "", "user": 3, "content_type": 39}, "model": "admin.logentry", "pk": 87}, {"fields": {"action_flag": 3, "action_time": "2016-03-24T00:25:07.899Z", "object_repr": "Drilling operations", "object_id": "16", "change_message": "", "user": 3, "content_type": 39}, "model": "admin.logentry", "pk": 88}, {"fields": {"action_flag": 3, "action_time": "2016-03-24T00:25:07.900Z", "object_repr": "Enhanced recovery", "object_id": "17", "change_message": "", "user": 3, "content_type": 39}, "model": "admin.logentry", "pk": 89}, {"fields": {"action_flag": 3, "action_time": "2016-03-24T00:25:07.901Z", "object_repr": "Environment", "object_id": "18", "change_message": "", "user": 3, "content_type": 39}, "model": "admin.logentry", "pk": 90}, {"fields": {"action_flag": 3, "action_time": "2016-03-24T00:25:07.902Z", "object_repr": "Facilities planning and maintenance", "object_id": "19", "change_message": "", "user": 3, "content_type": 39}, "model": "admin.logentry", "pk": 91}, {"fields": {"action_flag": 3, "action_time": "2016-03-24T00:25:07.903Z", "object_repr": "Faculty/engineering education", "object_id": "20", "change_message": "", "user": 3, "content_type": 39}, "model": "admin.logentry", "pk": 92}, {"fields": {"action_flag": 3, "action_time": "2016-03-24T00:25:07.904Z", "object_repr": "Field start-up/commissioning", "object_id": "21", "change_message": "", "user": 3, "content_type": 39}, "model": "admin.logentry", "pk": 93}, {"fields": {"action_flag": 3, "action_time": "2016-03-24T00:25:07.905Z", "object_repr": "Flow assurance", "object_id": "22", "change_message": "", "user": 3, "content_type": 39}, "model": "admin.logentry", "pk": 94}, {"fields": {"action_flag": 3, "action_time": "2016-03-24T00:25:07.906Z", "object_repr": "Formation damage", "object_id": "23", "change_message": "", "user": 3, "content_type": 39}, "model": "admin.logentry", "pk": 95}, {"fields": {"action_flag": 3, "action_time": "2016-03-24T00:25:07.907Z", "object_repr": "Gas conversion (LNG/GTL)", "object_id": "24", "change_message": "", "user": 3, "content_type": 39}, "model": "admin.logentry", "pk": 96}, {"fields": {"action_flag": 3, "action_time": "2016-03-24T00:25:07.908Z", "object_repr": "H2S/sour gas", "object_id": "25", "change_message": "", "user": 3, "content_type": 39}, "model": "admin.logentry", "pk": 97}, {"fields": {"action_flag": 3, "action_time": "2016-03-24T00:25:07.909Z", "object_repr": "HP/HT", "object_id": "26", "change_message": "", "user": 3, "content_type": 39}, "model": "admin.logentry", "pk": 98}, {"fields": {"action_flag": 3, "action_time": "2016-03-24T00:25:07.910Z", "object_repr": "HR/people management", "object_id": "27", "change_message": "", "user": 3, "content_type": 39}, "model": "admin.logentry", "pk": 99}, {"fields": {"action_flag": 3, "action_time": "2016-03-24T00:25:07.911Z", "object_repr": "HSSE-SR", "object_id": "28", "change_message": "", "user": 3, "content_type": 39}, "model": "admin.logentry", "pk": 100}, {"fields": {"action_flag": 3, "action_time": "2016-03-24T00:25:07.912Z", "object_repr": "Hydraulic fracturing", "object_id": "29", "change_message": "", "user": 3, "content_type": 39}, "model": "admin.logentry", "pk": 101}, {"fields": {"action_flag": 3, "action_time": "2016-03-24T00:25:07.913Z", "object_repr": "Intelligent fields/surveillance", "object_id": "30", "change_message": "", "user": 3, "content_type": 39}, "model": "admin.logentry", "pk": 102}, {"fields": {"action_flag": 3, "action_time": "2016-03-24T00:25:07.914Z", "object_repr": "MPD/UBD", "object_id": "32", "change_message": "", "user": 3, "content_type": 39}, "model": "admin.logentry", "pk": 103}, {"fields": {"action_flag": 3, "action_time": "2016-03-24T00:25:07.915Z", "object_repr": "Management and Information", "object_id": "31", "change_message": "", "user": 3, "content_type": 39}, "model": "admin.logentry", "pk": 104}, {"fields": {"action_flag": 3, "action_time": "2016-03-24T00:25:07.916Z", "object_repr": "Petroleum economics/production forecasting", "object_id": "33", "change_message": "", "user": 3, "content_type": 39}, "model": "admin.logentry", "pk": 105}, {"fields": {"action_flag": 3, "action_time": "2016-03-24T00:25:07.917Z", "object_repr": "Petroleum reserves", "object_id": "34", "change_message": "", "user": 3, "content_type": 39}, "model": "admin.logentry", "pk": 106}, {"fields": {"action_flag": 3, "action_time": "2016-03-24T00:25:07.918Z", "object_repr": "Petrophysics/geophysics", "object_id": "35", "change_message": "", "user": 3, "content_type": 39}, "model": "admin.logentry", "pk": 107}, {"fields": {"action_flag": 3, "action_time": "2016-03-24T00:25:07.919Z", "object_repr": "Processing systems/design", "object_id": "36", "change_message": "", "user": 3, "content_type": 39}, "model": "admin.logentry", "pk": 108}, {"fields": {"action_flag": 3, "action_time": "2016-03-24T00:25:07.919Z", "object_repr": "Production and well operations", "object_id": "37", "change_message": "", "user": 3, "content_type": 39}, "model": "admin.logentry", "pk": 109}, {"fields": {"action_flag": 3, "action_time": "2016-03-24T00:25:07.920Z", "object_repr": "Production chemistry", "object_id": "38", "change_message": "", "user": 3, "content_type": 39}, "model": "admin.logentry", "pk": 110}, {"fields": {"action_flag": 3, "action_time": "2016-03-24T00:25:07.921Z", "object_repr": "Project management", "object_id": "39", "change_message": "", "user": 3, "content_type": 39}, "model": "admin.logentry", "pk": 111}, {"fields": {"action_flag": 3, "action_time": "2016-03-24T00:25:07.922Z", "object_repr": "Projects, facilities & construction", "object_id": "40", "change_message": "", "user": 3, "content_type": 39}, "model": "admin.logentry", "pk": 112}, {"fields": {"action_flag": 3, "action_time": "2016-03-24T00:25:07.923Z", "object_repr": "R&D", "object_id": "41", "change_message": "", "user": 3, "content_type": 39}, "model": "admin.logentry", "pk": 113}, {"fields": {"action_flag": 3, "action_time": "2016-03-24T00:25:07.924Z", "object_repr": "Reservoir characterization", "object_id": "42", "change_message": "", "user": 3, "content_type": 39}, "model": "admin.logentry", "pk": 114}, {"fields": {"action_flag": 3, "action_time": "2016-03-24T00:25:07.925Z", "object_repr": "Reservoir description and dynamics", "object_id": "43", "change_message": "", "user": 3, "content_type": 39}, "model": "admin.logentry", "pk": 115}, {"fields": {"action_flag": 3, "action_time": "2016-03-24T00:25:07.926Z", "object_repr": "Reservoir management", "object_id": "44", "change_message": "", "user": 3, "content_type": 39}, "model": "admin.logentry", "pk": 116}, {"fields": {"action_flag": 3, "action_time": "2016-03-24T00:25:07.927Z", "object_repr": "Reservoir simulation", "object_id": "45", "change_message": "", "user": 3, "content_type": 39}, "model": "admin.logentry", "pk": 117}, {"fields": {"action_flag": 3, "action_time": "2016-03-24T00:25:07.928Z", "object_repr": "Risers/flowlines/pipelines", "object_id": "46", "change_message": "", "user": 3, "content_type": 39}, "model": "admin.logentry", "pk": 118}, {"fields": {"action_flag": 3, "action_time": "2016-03-24T00:25:07.929Z", "object_repr": "Risk management/decision-making", "object_id": "47", "change_message": "", "user": 3, "content_type": 39}, "model": "admin.logentry", "pk": 119}, {"fields": {"action_flag": 3, "action_time": "2016-03-24T00:25:07.930Z", "object_repr": "Safety/health", "object_id": "48", "change_message": "", "user": 3, "content_type": 39}, "model": "admin.logentry", "pk": 120}, {"fields": {"action_flag": 3, "action_time": "2016-03-24T00:25:07.931Z", "object_repr": "Sand management/control", "object_id": "49", "change_message": "", "user": 3, "content_type": 39}, "model": "admin.logentry", "pk": 121}, {"fields": {"action_flag": 3, "action_time": "2016-03-24T00:25:07.932Z", "object_repr": "Separation/metering", "object_id": "50", "change_message": "", "user": 3, "content_type": 39}, "model": "admin.logentry", "pk": 122}, {"fields": {"action_flag": 3, "action_time": "2016-03-24T00:25:07.932Z", "object_repr": "Social responsibility/sustainability", "object_id": "51", "change_message": "", "user": 3, "content_type": 39}, "model": "admin.logentry", "pk": 123}, {"fields": {"action_flag": 3, "action_time": "2016-03-24T00:25:07.933Z", "object_repr": "Stimulation/acidizing", "object_id": "52", "change_message": "", "user": 3, "content_type": 39}, "model": "admin.logentry", "pk": 124}, {"fields": {"action_flag": 3, "action_time": "2016-03-24T00:25:07.934Z", "object_repr": "Subsea systems", "object_id": "53", "change_message": "", "user": 3, "content_type": 39}, "model": "admin.logentry", "pk": 125}, {"fields": {"action_flag": 3, "action_time": "2016-03-24T00:25:07.935Z", "object_repr": "Topsides/floating production systems", "object_id": "54", "change_message": "", "user": 3, "content_type": 39}, "model": "admin.logentry", "pk": 126}, {"fields": {"action_flag": 3, "action_time": "2016-03-24T00:25:07.936Z", "object_repr": "Water treatment and management", "object_id": "55", "change_message": "", "user": 3, "content_type": 39}, "model": "admin.logentry", "pk": 127}, {"fields": {"action_flag": 3, "action_time": "2016-03-24T00:25:07.937Z", "object_repr": "Well integrity/control", "object_id": "56", "change_message": "", "user": 3, "content_type": 39}, "model": "admin.logentry", "pk": 128}, {"fields": {"action_flag": 3, "action_time": "2016-03-24T00:25:07.938Z", "object_repr": "Well intervention/recompletion", "object_id": "57", "change_message": "", "user": 3, "content_type": 39}, "model": "admin.logentry", "pk": 129}, {"fields": {"action_flag": 3, "action_time": "2016-03-24T00:31:11.864Z", "object_repr": "Well intervention/recompletion", "object_id": "1", "change_message": "", "user": 3, "content_type": 39}, "model": "admin.logentry", "pk": 130}, {"fields": {"action_flag": 2, "action_time": "2016-03-24T00:36:19.210Z", "object_repr": "OGF: This is Article SIX", "object_id": "6", "change_message": "Changed introduction, topics and tags.", "user": 3, "content_type": 75}, "model": "admin.logentry", "pk": 131}, {"fields": {"clipboard": 1, "user": 2, "language": "en"}, "model": "cms.usersettings", "pk": 1}, {"fields": {"clipboard": 88, "user": 3, "language": "en"}, "model": "cms.usersettings", "pk": 2}, {"fields": {"comment": "Publish", "date_created": "2016-03-23T19:26:52.049Z", "manager_slug": "default", "user": 3}, "model": "reversion.revision", "pk": 1}, {"fields": {"comment": "Publish", "date_created": "2016-03-23T19:27:07.376Z", "manager_slug": "default", "user": 3}, "model": "reversion.revision", "pk": 2}, {"fields": {"comment": "Publish", "date_created": "2016-03-23T19:27:21.038Z", "manager_slug": "default", "user": 3}, "model": "reversion.revision", "pk": 3}, {"fields": {"comment": "Publish", "date_created": "2016-03-23T19:27:30.819Z", "manager_slug": "default", "user": 3}, "model": "reversion.revision", "pk": 4}, {"fields": {"comment": "Publish", "date_created": "2016-03-23T19:27:38.247Z", "manager_slug": "default", "user": 3}, "model": "reversion.revision", "pk": 5}, {"fields": {"comment": "Title Bar plugin added to aside", "date_created": "2016-03-23T19:28:18.650Z", "manager_slug": "default", "user": 3}, "model": "reversion.revision", "pk": 6}, {"fields": {"comment": "Title Bar plugin edited at position 0 in aside", "date_created": "2016-03-23T19:28:28.578Z", "manager_slug": "default", "user": 3}, "model": "reversion.revision", "pk": 7}, {"fields": {"comment": "Issues by Publication Listing plugin added to aside", "date_created": "2016-03-23T19:28:42.571Z", "manager_slug": "default", "user": 3}, "model": "reversion.revision", "pk": 8}, {"fields": {"comment": "Issues by Publication Listing plugin edited at position 1 in aside", "date_created": "2016-03-23T19:28:55.662Z", "manager_slug": "default", "user": 3}, "model": "reversion.revision", "pk": 9}, {"fields": {"comment": "Publish", "date_created": "2016-03-23T19:29:08.340Z", "manager_slug": "default", "user": 3}, "model": "reversion.revision", "pk": 10}, {"fields": {"is_secure": false, "language": "en-us", "ip": "127.0.0.1", "method": "GET", "referer": "", "user": null, "is_ajax": false, "time": "2016-03-23T19:21:55.295Z", "path": "/", "response": 404, "user_agent": "Mozilla/5.0 (Macintosh; Intel Mac OS X 10_11_4) AppleWebKit/601.5.17 (KHTML, like Gecko) Version/9.1 Safari/601.5.17"}, "model": "request.request", "pk": 1}, {"fields": {"is_secure": false, "language": "en-us", "ip": "127.0.0.1", "method": "GET", "referer": "", "user": null, "is_ajax": false, "time": "2016-03-23T19:21:55.474Z", "path": "/en/", "response": 200, "user_agent": "Mozilla/5.0 (Macintosh; Intel Mac OS X 10_11_4) AppleWebKit/601.5.17 (KHTML, like Gecko) Version/9.1 Safari/601.5.17"}, "model": "request.request", "pk": 2}, {"fields": {"is_secure": false, "language": "en-us", "ip": "127.0.0.1", "method": "GET", "referer": "", "user": null, "is_ajax": false, "time": "2016-03-23T19:22:04.211Z", "path": "/", "response": 404, "user_agent": "Mozilla/5.0 (Macintosh; Intel Mac OS X 10_11_4) AppleWebKit/601.5.17 (KHTML, like Gecko) Version/9.1 Safari/601.5.17"}, "model": "request.request", "pk": 3}, {"fields": {"is_secure": false, "language": "en-us", "ip": "127.0.0.1", "method": "GET", "referer": "", "user": null, "is_ajax": false, "time": "2016-03-23T19:22:04.299Z", "path": "/en/", "response": 200, "user_agent": "Mozilla/5.0 (Macintosh; Intel Mac OS X 10_11_4) AppleWebKit/601.5.17 (KHTML, like Gecko) Version/9.1 Safari/601.5.17"}, "model": "request.request", "pk": 4}, {"fields": {"is_secure": false, "language": "en-us", "ip": "127.0.0.1", "method": "GET", "referer": "http://localhost:8000/en/", "user": null, "is_ajax": false, "time": "2016-03-23T19:22:04.400Z", "path": "/media/regular_images/lorempixel-5_zWiIB5Y.jpg", "response": 200, "user_agent": "Mozilla/5.0 (Macintosh; Intel Mac OS X 10_11_4) AppleWebKit/601.5.17 (KHTML, like Gecko) Version/9.1 Safari/601.5.17"}, "model": "request.request", "pk": 5}, {"fields": {"is_secure": false, "language": "en-us", "ip": "127.0.0.1", "method": "GET", "referer": "", "user": null, "is_ajax": false, "time": "2016-03-23T19:22:04.628Z", "path": "/admin", "response": 404, "user_agent": "Mozilla/5.0 (Macintosh; Intel Mac OS X 10_11_4) AppleWebKit/601.5.17 (KHTML, like Gecko) Version/9.1 Safari/601.5.17"}, "model": "request.request", "pk": 6}, {"fields": {"is_secure": false, "language": "en-us", "ip": "127.0.0.1", "method": "GET", "referer": "", "user": null, "is_ajax": false, "time": "2016-03-23T19:22:04.641Z", "path": "/en/admin", "response": 301, "user_agent": "Mozilla/5.0 (Macintosh; Intel Mac OS X 10_11_4) AppleWebKit/601.5.17 (KHTML, like Gecko) Version/9.1 Safari/601.5.17"}, "model": "request.request", "pk": 7}, {"fields": {"is_secure": false, "language": "en-us", "ip": "127.0.0.1", "method": "GET", "referer": "", "user": null, "is_ajax": false, "time": "2016-03-23T19:22:04.654Z", "path": "/en/admin/", "response": 302, "user_agent": "Mozilla/5.0 (Macintosh; Intel Mac OS X 10_11_4) AppleWebKit/601.5.17 (KHTML, like Gecko) Version/9.1 Safari/601.5.17"}, "model": "request.request", "pk": 8}, {"fields": {"is_secure": false, "language": "en-us", "ip": "127.0.0.1", "method": "GET", "referer": "", "user": null, "is_ajax": false, "time": "2016-03-23T19:22:04.681Z", "path": "/en/admin/login/", "response": 200, "user_agent": "Mozilla/5.0 (Macintosh; Intel Mac OS X 10_11_4) AppleWebKit/601.5.17 (KHTML, like Gecko) Version/9.1 Safari/601.5.17"}, "model": "request.request", "pk": 9}, {"fields": {"is_secure": false, "language": "en-us", "ip": "127.0.0.1", "method": "GET", "referer": "", "user": null, "is_ajax": false, "time": "2016-03-23T19:22:05.269Z", "path": "/admin", "response": 404, "user_agent": "Mozilla/5.0 (Macintosh; Intel Mac OS X 10_11_4) AppleWebKit/601.5.17 (KHTML, like Gecko) Version/9.1 Safari/601.5.17"}, "model": "request.request", "pk": 10}, {"fields": {"is_secure": false, "language": "en-us", "ip": "127.0.0.1", "method": "GET", "referer": "", "user": null, "is_ajax": false, "time": "2016-03-23T19:22:05.283Z", "path": "/en/admin", "response": 301, "user_agent": "Mozilla/5.0 (Macintosh; Intel Mac OS X 10_11_4) AppleWebKit/601.5.17 (KHTML, like Gecko) Version/9.1 Safari/601.5.17"}, "model": "request.request", "pk": 11}, {"fields": {"is_secure": false, "language": "en-us", "ip": "127.0.0.1", "method": "GET", "referer": "", "user": null, "is_ajax": false, "time": "2016-03-23T19:22:05.296Z", "path": "/en/admin/", "response": 302, "user_agent": "Mozilla/5.0 (Macintosh; Intel Mac OS X 10_11_4) AppleWebKit/601.5.17 (KHTML, like Gecko) Version/9.1 Safari/601.5.17"}, "model": "request.request", "pk": 12}, {"fields": {"is_secure": false, "language": "en-us", "ip": "127.0.0.1", "method": "GET", "referer": "", "user": null, "is_ajax": false, "time": "2016-03-23T19:22:05.322Z", "path": "/en/admin/login/", "response": 200, "user_agent": "Mozilla/5.0 (Macintosh; Intel Mac OS X 10_11_4) AppleWebKit/601.5.17 (KHTML, like Gecko) Version/9.1 Safari/601.5.17"}, "model": "request.request", "pk": 13}, {"fields": {"is_secure": false, "language": "en-us", "ip": "127.0.0.1", "method": "POST", "referer": "http://localhost:8000/en/admin/login/?next=/en/admin/", "user": 3, "is_ajax": false, "time": "2016-03-23T19:22:10.445Z", "path": "/en/admin/login/", "response": 302, "user_agent": "Mozilla/5.0 (Macintosh; Intel Mac OS X 10_11_4) AppleWebKit/601.5.17 (KHTML, like Gecko) Version/9.1 Safari/601.5.17"}, "model": "request.request", "pk": 14}, {"fields": {"is_secure": false, "language": "en-us", "ip": "127.0.0.1", "method": "GET", "referer": "http://localhost:8000/en/admin/login/?next=/en/admin/", "user": 3, "is_ajax": false, "time": "2016-03-23T19:22:10.507Z", "path": "/en/admin/", "response": 200, "user_agent": "Mozilla/5.0 (Macintosh; Intel Mac OS X 10_11_4) AppleWebKit/601.5.17 (KHTML, like Gecko) Version/9.1 Safari/601.5.17"}, "model": "request.request", "pk": 15}, {"fields": {"is_secure": false, "language": "en-us", "ip": "127.0.0.1", "method": "GET", "referer": "http://localhost:8000/en/admin/", "user": 3, "is_ajax": false, "time": "2016-03-23T19:22:15.894Z", "path": "/en/admin/mainsite/topics/", "response": 500, "user_agent": "Mozilla/5.0 (Macintosh; Intel Mac OS X 10_11_4) AppleWebKit/601.5.17 (KHTML, like Gecko) Version/9.1 Safari/601.5.17"}, "model": "request.request", "pk": 16}, {"fields": {"is_secure": false, "language": "en-us", "ip": "127.0.0.1", "method": "GET", "referer": "http://localhost:8000/en/admin/", "user": 3, "is_ajax": false, "time": "2016-03-23T19:23:51.022Z", "path": "/en/admin/mainsite/topics/", "response": 200, "user_agent": "Mozilla/5.0 (Macintosh; Intel Mac OS X 10_11_4) AppleWebKit/601.5.17 (KHTML, like Gecko) Version/9.1 Safari/601.5.17"}, "model": "request.request", "pk": 17}, {"fields": {"is_secure": false, "language": "en-us", "ip": "127.0.0.1", "method": "GET", "referer": "http://localhost:8000/en/admin/mainsite/topics/", "user": 3, "is_ajax": false, "time": "2016-03-23T19:23:51.064Z", "path": "/en/admin/jsi18n/", "response": 200, "user_agent": "Mozilla/5.0 (Macintosh; Intel Mac OS X 10_11_4) AppleWebKit/601.5.17 (KHTML, like Gecko) Version/9.1 Safari/601.5.17"}, "model": "request.request", "pk": 18}, {"fields": {"is_secure": false, "language": "en-us", "ip": "127.0.0.1", "method": "GET", "referer": "http://localhost:8000/en/admin/mainsite/topics/", "user": 3, "is_ajax": false, "time": "2016-03-23T19:24:02.206Z", "path": "/en/admin/", "response": 200, "user_agent": "Mozilla/5.0 (Macintosh; Intel Mac OS X 10_11_4) AppleWebKit/601.5.17 (KHTML, like Gecko) Version/9.1 Safari/601.5.17"}, "model": "request.request", "pk": 19}, {"fields": {"is_secure": false, "language": "en-us", "ip": "127.0.0.1", "method": "GET", "referer": "http://localhost:8000/en/admin/", "user": 3, "is_ajax": false, "time": "2016-03-23T19:24:06.172Z", "path": "/en/admin/spe_blog/article/", "response": 200, "user_agent": "Mozilla/5.0 (Macintosh; Intel Mac OS X 10_11_4) AppleWebKit/601.5.17 (KHTML, like Gecko) Version/9.1 Safari/601.5.17"}, "model": "request.request", "pk": 20}, {"fields": {"is_secure": false, "language": "en-us", "ip": "127.0.0.1", "method": "GET", "referer": "http://localhost:8000/en/admin/spe_blog/article/", "user": 3, "is_ajax": false, "time": "2016-03-23T19:24:06.198Z", "path": "/en/admin/jsi18n/", "response": 200, "user_agent": "Mozilla/5.0 (Macintosh; Intel Mac OS X 10_11_4) AppleWebKit/601.5.17 (KHTML, like Gecko) Version/9.1 Safari/601.5.17"}, "model": "request.request", "pk": 21}, {"fields": {"is_secure": false, "language": "en-us", "ip": "127.0.0.1", "method": "GET", "referer": "http://localhost:8000/en/admin/spe_blog/article/", "user": 3, "is_ajax": false, "time": "2016-03-23T19:24:07.907Z", "path": "/en/admin/spe_blog/article/6/", "response": 200, "user_agent": "Mozilla/5.0 (Macintosh; Intel Mac OS X 10_11_4) AppleWebKit/601.5.17 (KHTML, like Gecko) Version/9.1 Safari/601.5.17"}, "model": "request.request", "pk": 22}, {"fields": {"is_secure": false, "language": "en-us", "ip": "127.0.0.1", "method": "GET", "referer": "http://localhost:8000/en/admin/spe_blog/article/6/", "user": 3, "is_ajax": false, "time": "2016-03-23T19:24:07.936Z", "path": "/en/admin/jsi18n/", "response": 200, "user_agent": "Mozilla/5.0 (Macintosh; Intel Mac OS X 10_11_4) AppleWebKit/601.5.17 (KHTML, like Gecko) Version/9.1 Safari/601.5.17"}, "model": "request.request", "pk": 23}, {"fields": {"is_secure": false, "language": "en-us", "ip": "127.0.0.1", "method": "GET", "referer": "http://localhost:8000/en/admin/spe_blog/article/6/", "user": 3, "is_ajax": false, "time": "2016-03-23T19:25:28.188Z", "path": "/", "response": 404, "user_agent": "Mozilla/5.0 (Macintosh; Intel Mac OS X 10_11_4) AppleWebKit/601.5.17 (KHTML, like Gecko) Version/9.1 Safari/601.5.17"}, "model": "request.request", "pk": 24}, {"fields": {"is_secure": false, "language": "en-us", "ip": "127.0.0.1", "method": "GET", "referer": "http://localhost:8000/en/admin/spe_blog/article/6/", "user": 3, "is_ajax": false, "time": "2016-03-23T19:25:28.488Z", "path": "/en/", "response": 200, "user_agent": "Mozilla/5.0 (Macintosh; Intel Mac OS X 10_11_4) AppleWebKit/601.5.17 (KHTML, like Gecko) Version/9.1 Safari/601.5.17"}, "model": "request.request", "pk": 25}, {"fields": {"is_secure": false, "language": "en-us", "ip": "127.0.0.1", "method": "GET", "referer": "http://localhost:8000/en/", "user": 3, "is_ajax": false, "time": "2016-03-23T19:25:28.892Z", "path": "/en/admin/cms/page/", "response": 200, "user_agent": "Mozilla/5.0 (Macintosh; Intel Mac OS X 10_11_4) AppleWebKit/601.5.17 (KHTML, like Gecko) Version/9.1 Safari/601.5.17"}, "model": "request.request", "pk": 26}, {"fields": {"is_secure": false, "language": "en-us", "ip": "127.0.0.1", "method": "GET", "referer": "http://localhost:8000/en/admin/cms/page/?page_id=1", "user": 3, "is_ajax": true, "time": "2016-03-23T19:25:29.088Z", "path": "/en/admin/cms/page/get-tree/", "response": 200, "user_agent": "Mozilla/5.0 (Macintosh; Intel Mac OS X 10_11_4) AppleWebKit/601.5.17 (KHTML, like Gecko) Version/9.1 Safari/601.5.17"}, "model": "request.request", "pk": 27}, {"fields": {"is_secure": false, "language": "en-us", "ip": "127.0.0.1", "method": "GET", "referer": "http://localhost:8000/en/admin/cms/page/?page_id=1", "user": 3, "is_ajax": false, "time": "2016-03-23T19:25:40.048Z", "path": "/en/admin/cms/page/3/en/preview/", "response": 302, "user_agent": "Mozilla/5.0 (Macintosh; Intel Mac OS X 10_11_4) AppleWebKit/601.5.17 (KHTML, like Gecko) Version/9.1 Safari/601.5.17"}, "model": "request.request", "pk": 28}, {"fields": {"is_secure": false, "language": "en-us", "ip": "127.0.0.1", "method": "GET", "referer": "http://localhost:8000/en/admin/cms/page/?page_id=1", "user": 3, "is_ajax": false, "time": "2016-03-23T19:25:40.810Z", "path": "/en/ogf/ogf-home/", "response": 200, "user_agent": "Mozilla/5.0 (Macintosh; Intel Mac OS X 10_11_4) AppleWebKit/601.5.17 (KHTML, like Gecko) Version/9.1 Safari/601.5.17"}, "model": "request.request", "pk": 29}, {"fields": {"is_secure": false, "language": "en-us", "ip": "127.0.0.1", "method": "GET", "referer": "http://localhost:8000/en/ogf/ogf-home/?edit&language=en", "user": 3, "is_ajax": false, "time": "2016-03-23T19:25:41.000Z", "path": "/media/regular_images/lorempixel-1_iC9iVqJ.jpg", "response": 200, "user_agent": "Mozilla/5.0 (Macintosh; Intel Mac OS X 10_11_4) AppleWebKit/601.5.17 (KHTML, like Gecko) Version/9.1 Safari/601.5.17"}, "model": "request.request", "pk": 30}, {"fields": {"is_secure": false, "language": "en-us", "ip": "127.0.0.1", "method": "GET", "referer": "http://localhost:8000/en/ogf/ogf-home/?edit&language=en", "user": 3, "is_ajax": false, "time": "2016-03-23T19:25:41.045Z", "path": "/media/authors/author-howard-duhon.png", "response": 404, "user_agent": "Mozilla/5.0 (Macintosh; Intel Mac OS X 10_11_4) AppleWebKit/601.5.17 (KHTML, like Gecko) Version/9.1 Safari/601.5.17"}, "model": "request.request", "pk": 31}, {"fields": {"is_secure": false, "language": "en-us", "ip": "127.0.0.1", "method": "GET", "referer": "http://localhost:8000/en/ogf/ogf-home/?edit&language=en", "user": 3, "is_ajax": false, "time": "2016-03-23T19:25:41.055Z", "path": "/media/regular_images/lorempixel-3_zhFqaId.jpg", "response": 200, "user_agent": "Mozilla/5.0 (Macintosh; Intel Mac OS X 10_11_4) AppleWebKit/601.5.17 (KHTML, like Gecko) Version/9.1 Safari/601.5.17"}, "model": "request.request", "pk": 32}, {"fields": {"is_secure": false, "language": "en-us", "ip": "127.0.0.1", "method": "GET", "referer": "http://localhost:8000/en/ogf/ogf-home/?edit&language=en", "user": 3, "is_ajax": false, "time": "2016-03-23T19:25:41.059Z", "path": "/media/covers/v5n1_cover_rMFE4z7.png", "response": 200, "user_agent": "Mozilla/5.0 (Macintosh; Intel Mac OS X 10_11_4) AppleWebKit/601.5.17 (KHTML, like Gecko) Version/9.1 Safari/601.5.17"}, "model": "request.request", "pk": 33}, {"fields": {"is_secure": false, "language": "en-us", "ip": "127.0.0.1", "method": "GET", "referer": "http://localhost:8000/en/ogf/ogf-home/?edit&language=en", "user": 3, "is_ajax": false, "time": "2016-03-23T19:25:41.116Z", "path": "/en/media/authors/author-howard-duhon.png", "response": 301, "user_agent": "Mozilla/5.0 (Macintosh; Intel Mac OS X 10_11_4) AppleWebKit/601.5.17 (KHTML, like Gecko) Version/9.1 Safari/601.5.17"}, "model": "request.request", "pk": 34}, {"fields": {"is_secure": false, "language": "en-us", "ip": "127.0.0.1", "method": "GET", "referer": "http://localhost:8000/en/ogf/ogf-home/?edit&language=en", "user": 3, "is_ajax": false, "time": "2016-03-23T19:25:41.141Z", "path": "/en/media/authors/author-howard-duhon.png/", "response": 404, "user_agent": "Mozilla/5.0 (Macintosh; Intel Mac OS X 10_11_4) AppleWebKit/601.5.17 (KHTML, like Gecko) Version/9.1 Safari/601.5.17"}, "model": "request.request", "pk": 35}, {"fields": {"is_secure": false, "language": "en-us", "ip": "127.0.0.1", "method": "GET", "referer": "http://localhost:8000/en/ogf/ogf-home/?edit&language=en", "user": 3, "is_ajax": false, "time": "2016-03-23T19:25:41.336Z", "path": "/en/admin/cms/page/", "response": 200, "user_agent": "Mozilla/5.0 (Macintosh; Intel Mac OS X 10_11_4) AppleWebKit/601.5.17 (KHTML, like Gecko) Version/9.1 Safari/601.5.17"}, "model": "request.request", "pk": 36}, {"fields": {"is_secure": false, "language": "en-us", "ip": "127.0.0.1", "method": "GET", "referer": "http://localhost:8000/en/admin/cms/page/?page_id=3&language=en", "user": 3, "is_ajax": true, "time": "2016-03-23T19:25:41.508Z", "path": "/en/admin/cms/page/get-tree/", "response": 200, "user_agent": "Mozilla/5.0 (Macintosh; Intel Mac OS X 10_11_4) AppleWebKit/601.5.17 (KHTML, like Gecko) Version/9.1 Safari/601.5.17"}, "model": "request.request", "pk": 37}, {"fields": {"is_secure": false, "language": "en-us", "ip": "127.0.0.1", "method": "GET", "referer": "http://localhost:8000/en/ogf/ogf-home/?edit&language=en", "user": 3, "is_ajax": true, "time": "2016-03-23T19:25:43.209Z", "path": "/en/admin/cms/page/resolve/", "response": 200, "user_agent": "Mozilla/5.0 (Macintosh; Intel Mac OS X 10_11_4) AppleWebKit/601.5.17 (KHTML, like Gecko) Version/9.1 Safari/601.5.17"}, "model": "request.request", "pk": 38}, {"fields": {"is_secure": false, "language": "en-us", "ip": "127.0.0.1", "method": "GET", "referer": "http://localhost:8000/en/ogf/ogf-home/?edit&language=en", "user": 3, "is_ajax": false, "time": "2016-03-23T19:25:43.972Z", "path": "/en/ogf/ogf-home/", "response": 200, "user_agent": "Mozilla/5.0 (Macintosh; Intel Mac OS X 10_11_4) AppleWebKit/601.5.17 (KHTML, like Gecko) Version/9.1 Safari/601.5.17"}, "model": "request.request", "pk": 39}, {"fields": {"is_secure": false, "language": "en-us", "ip": "127.0.0.1", "method": "GET", "referer": "http://localhost:8000/en/", "user": 3, "is_ajax": false, "time": "2016-03-23T19:25:44.284Z", "path": "/media/regular_images/lorempixel-2_lWimL5Q.jpg", "response": 304, "user_agent": "Mozilla/5.0 (Macintosh; Intel Mac OS X 10_11_4) AppleWebKit/601.5.17 (KHTML, like Gecko) Version/9.1 Safari/601.5.17"}, "model": "request.request", "pk": 40}, {"fields": {"is_secure": false, "language": "en-us", "ip": "127.0.0.1", "method": "GET", "referer": "http://localhost:8000/en/ogf/ogf-home/?edit&language=en", "user": 3, "is_ajax": false, "time": "2016-03-23T19:25:44.291Z", "path": "/media/regular_images/lorempixel-1_iC9iVqJ.jpg", "response": 200, "user_agent": "Mozilla/5.0 (Macintosh; Intel Mac OS X 10_11_4) AppleWebKit/601.5.17 (KHTML, like Gecko) Version/9.1 Safari/601.5.17"}, "model": "request.request", "pk": 41}, {"fields": {"is_secure": false, "language": "en-us", "ip": "127.0.0.1", "method": "GET", "referer": "http://localhost:8000/en/", "user": 3, "is_ajax": false, "time": "2016-03-23T19:25:44.301Z", "path": "/media/regular_images/lorempixel-4_fXZTcrq.jpg", "response": 304, "user_agent": "Mozilla/5.0 (Macintosh; Intel Mac OS X 10_11_4) AppleWebKit/601.5.17 (KHTML, like Gecko) Version/9.1 Safari/601.5.17"}, "model": "request.request", "pk": 42}, {"fields": {"is_secure": false, "language": "en-us", "ip": "127.0.0.1", "method": "GET", "referer": "http://localhost:8000/en/ogf/ogf-home/?edit&language=en", "user": 3, "is_ajax": false, "time": "2016-03-23T19:25:44.305Z", "path": "/media/regular_images/lorempixel-3_zhFqaId.jpg", "response": 200, "user_agent": "Mozilla/5.0 (Macintosh; Intel Mac OS X 10_11_4) AppleWebKit/601.5.17 (KHTML, like Gecko) Version/9.1 Safari/601.5.17"}, "model": "request.request", "pk": 43}, {"fields": {"is_secure": false, "language": "en-us", "ip": "127.0.0.1", "method": "GET", "referer": "http://localhost:8000/en/ogf/ogf-home/?edit&language=en", "user": 3, "is_ajax": false, "time": "2016-03-23T19:25:44.311Z", "path": "/media/authors/author-howard-duhon.png", "response": 404, "user_agent": "Mozilla/5.0 (Macintosh; Intel Mac OS X 10_11_4) AppleWebKit/601.5.17 (KHTML, like Gecko) Version/9.1 Safari/601.5.17"}, "model": "request.request", "pk": 44}, {"fields": {"is_secure": false, "language": "en-us", "ip": "127.0.0.1", "method": "GET", "referer": "http://localhost:8000/en/", "user": 3, "is_ajax": false, "time": "2016-03-23T19:25:44.303Z", "path": "/media/regular_images/lorempixel-5_zWiIB5Y.jpg", "response": 304, "user_agent": "Mozilla/5.0 (Macintosh; Intel Mac OS X 10_11_4) AppleWebKit/601.5.17 (KHTML, like Gecko) Version/9.1 Safari/601.5.17"}, "model": "request.request", "pk": 45}, {"fields": {"is_secure": false, "language": "en-us", "ip": "127.0.0.1", "method": "GET", "referer": "http://localhost:8000/en/ogf/ogf-home/?edit&language=en", "user": 3, "is_ajax": false, "time": "2016-03-23T19:25:44.364Z", "path": "/media/covers/v5n1_cover_rMFE4z7.png", "response": 200, "user_agent": "Mozilla/5.0 (Macintosh; Intel Mac OS X 10_11_4) AppleWebKit/601.5.17 (KHTML, like Gecko) Version/9.1 Safari/601.5.17"}, "model": "request.request", "pk": 46}, {"fields": {"is_secure": false, "language": "en-us", "ip": "127.0.0.1", "method": "GET", "referer": "http://localhost:8000/en/ogf/ogf-home/?edit&language=en", "user": 3, "is_ajax": false, "time": "2016-03-23T19:25:44.366Z", "path": "/en/media/authors/author-howard-duhon.png", "response": 301, "user_agent": "Mozilla/5.0 (Macintosh; Intel Mac OS X 10_11_4) AppleWebKit/601.5.17 (KHTML, like Gecko) Version/9.1 Safari/601.5.17"}, "model": "request.request", "pk": 47}, {"fields": {"is_secure": false, "language": "en-us", "ip": "127.0.0.1", "method": "GET", "referer": "http://localhost:8000/en/ogf/ogf-home/?edit&language=en", "user": 3, "is_ajax": false, "time": "2016-03-23T19:25:44.391Z", "path": "/en/media/authors/author-howard-duhon.png/", "response": 404, "user_agent": "Mozilla/5.0 (Macintosh; Intel Mac OS X 10_11_4) AppleWebKit/601.5.17 (KHTML, like Gecko) Version/9.1 Safari/601.5.17"}, "model": "request.request", "pk": 48}, {"fields": {"is_secure": false, "language": "en-us", "ip": "127.0.0.1", "method": "GET", "referer": "http://localhost:8000/en/ogf/ogf-home/?edit&language=en", "user": 3, "is_ajax": false, "time": "2016-03-23T19:25:52.360Z", "path": "/en/admin/", "response": 200, "user_agent": "Mozilla/5.0 (Macintosh; Intel Mac OS X 10_11_4) AppleWebKit/601.5.17 (KHTML, like Gecko) Version/9.1 Safari/601.5.17"}, "model": "request.request", "pk": 49}, {"fields": {"is_secure": false, "language": "en-us", "ip": "127.0.0.1", "method": "GET", "referer": "http://localhost:8000/en/ogf/ogf-home/?edit&language=en", "user": 3, "is_ajax": true, "time": "2016-03-23T19:25:55.430Z", "path": "/en/admin/cms/page/resolve/", "response": 200, "user_agent": "Mozilla/5.0 (Macintosh; Intel Mac OS X 10_11_4) AppleWebKit/601.5.17 (KHTML, like Gecko) Version/9.1 Safari/601.5.17"}, "model": "request.request", "pk": 50}, {"fields": {"is_secure": false, "language": "en-us", "ip": "127.0.0.1", "method": "GET", "referer": "http://localhost:8000/en/ogf/ogf-home/?edit&language=en", "user": 3, "is_ajax": false, "time": "2016-03-23T19:25:56.178Z", "path": "/en/ogf/ogf-home/", "response": 200, "user_agent": "Mozilla/5.0 (Macintosh; Intel Mac OS X 10_11_4) AppleWebKit/601.5.17 (KHTML, like Gecko) Version/9.1 Safari/601.5.17"}, "model": "request.request", "pk": 51}, {"fields": {"is_secure": false, "language": "en-us", "ip": "127.0.0.1", "method": "GET", "referer": "http://localhost:8000/en/ogf/ogf-home/?edit&language=en", "user": 3, "is_ajax": false, "time": "2016-03-23T19:25:56.311Z", "path": "/media/regular_images/lorempixel-2_lWimL5Q.jpg", "response": 200, "user_agent": "Mozilla/5.0 (Macintosh; Intel Mac OS X 10_11_4) AppleWebKit/601.5.17 (KHTML, like Gecko) Version/9.1 Safari/601.5.17"}, "model": "request.request", "pk": 52}, {"fields": {"is_secure": false, "language": "en-us", "ip": "127.0.0.1", "method": "GET", "referer": "http://localhost:8000/en/ogf/ogf-home/?edit&language=en", "user": 3, "is_ajax": false, "time": "2016-03-23T19:25:56.429Z", "path": "/media/authors/author-howard-duhon.png", "response": 404, "user_agent": "Mozilla/5.0 (Macintosh; Intel Mac OS X 10_11_4) AppleWebKit/601.5.17 (KHTML, like Gecko) Version/9.1 Safari/601.5.17"}, "model": "request.request", "pk": 53}, {"fields": {"is_secure": false, "language": "en-us", "ip": "127.0.0.1", "method": "GET", "referer": "http://localhost:8000/en/ogf/ogf-home/?edit&language=en", "user": 3, "is_ajax": false, "time": "2016-03-23T19:25:56.442Z", "path": "/media/regular_images/lorempixel-4_fXZTcrq.jpg", "response": 200, "user_agent": "Mozilla/5.0 (Macintosh; Intel Mac OS X 10_11_4) AppleWebKit/601.5.17 (KHTML, like Gecko) Version/9.1 Safari/601.5.17"}, "model": "request.request", "pk": 54}, {"fields": {"is_secure": false, "language": "en-us", "ip": "127.0.0.1", "method": "GET", "referer": "http://localhost:8000/en/ogf/ogf-home/?edit&language=en", "user": 3, "is_ajax": false, "time": "2016-03-23T19:25:56.445Z", "path": "/media/regular_images/lorempixel-1_iC9iVqJ.jpg", "response": 200, "user_agent": "Mozilla/5.0 (Macintosh; Intel Mac OS X 10_11_4) AppleWebKit/601.5.17 (KHTML, like Gecko) Version/9.1 Safari/601.5.17"}, "model": "request.request", "pk": 55}, {"fields": {"is_secure": false, "language": "en-us", "ip": "127.0.0.1", "method": "GET", "referer": "http://localhost:8000/en/ogf/ogf-home/?edit&language=en", "user": 3, "is_ajax": false, "time": "2016-03-23T19:25:56.441Z", "path": "/media/regular_images/lorempixel-3_zhFqaId.jpg", "response": 200, "user_agent": "Mozilla/5.0 (Macintosh; Intel Mac OS X 10_11_4) AppleWebKit/601.5.17 (KHTML, like Gecko) Version/9.1 Safari/601.5.17"}, "model": "request.request", "pk": 56}, {"fields": {"is_secure": false, "language": "en-us", "ip": "127.0.0.1", "method": "GET", "referer": "http://localhost:8000/en/ogf/ogf-home/?edit&language=en", "user": 3, "is_ajax": false, "time": "2016-03-23T19:25:56.483Z", "path": "/media/covers/v5n1_cover_rMFE4z7.png", "response": 200, "user_agent": "Mozilla/5.0 (Macintosh; Intel Mac OS X 10_11_4) AppleWebKit/601.5.17 (KHTML, like Gecko) Version/9.1 Safari/601.5.17"}, "model": "request.request", "pk": 57}, {"fields": {"is_secure": false, "language": "en-us", "ip": "127.0.0.1", "method": "GET", "referer": "http://localhost:8000/en/ogf/ogf-home/?edit&language=en", "user": 3, "is_ajax": false, "time": "2016-03-23T19:25:56.485Z", "path": "/en/media/authors/author-howard-duhon.png", "response": 301, "user_agent": "Mozilla/5.0 (Macintosh; Intel Mac OS X 10_11_4) AppleWebKit/601.5.17 (KHTML, like Gecko) Version/9.1 Safari/601.5.17"}, "model": "request.request", "pk": 58}, {"fields": {"is_secure": false, "language": "en-us", "ip": "127.0.0.1", "method": "GET", "referer": "http://localhost:8000/en/ogf/ogf-home/?edit&language=en", "user": 3, "is_ajax": false, "time": "2016-03-23T19:25:56.506Z", "path": "/en/media/authors/author-howard-duhon.png/", "response": 404, "user_agent": "Mozilla/5.0 (Macintosh; Intel Mac OS X 10_11_4) AppleWebKit/601.5.17 (KHTML, like Gecko) Version/9.1 Safari/601.5.17"}, "model": "request.request", "pk": 59}, {"fields": {"is_secure": false, "language": "en-us", "ip": "127.0.0.1", "method": "GET", "referer": "http://localhost:8000/en/ogf/ogf-home/?edit&language=en", "user": 3, "is_ajax": false, "time": "2016-03-23T19:25:56.447Z", "path": "/media/regular_images/lorempixel-5_zWiIB5Y.jpg", "response": 200, "user_agent": "Mozilla/5.0 (Macintosh; Intel Mac OS X 10_11_4) AppleWebKit/601.5.17 (KHTML, like Gecko) Version/9.1 Safari/601.5.17"}, "model": "request.request", "pk": 60}, {"fields": {"is_secure": false, "language": "en-us", "ip": "127.0.0.1", "method": "GET", "referer": "http://localhost:8000/en/ogf/ogf-home/?edit&language=en", "user": 3, "is_ajax": false, "time": "2016-03-23T19:25:59.009Z", "path": "/en/admin/cms/page/", "response": 200, "user_agent": "Mozilla/5.0 (Macintosh; Intel Mac OS X 10_11_4) AppleWebKit/601.5.17 (KHTML, like Gecko) Version/9.1 Safari/601.5.17"}, "model": "request.request", "pk": 61}, {"fields": {"is_secure": false, "language": "en-us", "ip": "127.0.0.1", "method": "GET", "referer": "http://localhost:8000/en/admin/cms/page/?page_id=3&language=en", "user": 3, "is_ajax": true, "time": "2016-03-23T19:25:59.237Z", "path": "/en/admin/cms/page/get-tree/", "response": 200, "user_agent": "Mozilla/5.0 (Macintosh; Intel Mac OS X 10_11_4) AppleWebKit/601.5.17 (KHTML, like Gecko) Version/9.1 Safari/601.5.17"}, "model": "request.request", "pk": 62}, {"fields": {"is_secure": false, "language": "en-us", "ip": "127.0.0.1", "method": "GET", "referer": "http://localhost:8000/en/ogf/ogf-home/?edit&language=en", "user": 3, "is_ajax": false, "time": "2016-03-23T19:26:05.310Z", "path": "/en/admin/", "response": 200, "user_agent": "Mozilla/5.0 (Macintosh; Intel Mac OS X 10_11_4) AppleWebKit/601.5.17 (KHTML, like Gecko) Version/9.1 Safari/601.5.17"}, "model": "request.request", "pk": 63}, {"fields": {"is_secure": false, "language": "en-us", "ip": "127.0.0.1", "method": "GET", "referer": "http://localhost:8000/en/admin/", "user": 3, "is_ajax": false, "time": "2016-03-23T19:26:15.252Z", "path": "/en/admin/sites/site/", "response": 200, "user_agent": "Mozilla/5.0 (Macintosh; Intel Mac OS X 10_11_4) AppleWebKit/601.5.17 (KHTML, like Gecko) Version/9.1 Safari/601.5.17"}, "model": "request.request", "pk": 64}, {"fields": {"is_secure": false, "language": "en-us", "ip": "127.0.0.1", "method": "GET", "referer": "http://localhost:8000/en/admin/sites/site/", "user": 3, "is_ajax": false, "time": "2016-03-23T19:26:15.274Z", "path": "/en/admin/jsi18n/", "response": 200, "user_agent": "Mozilla/5.0 (Macintosh; Intel Mac OS X 10_11_4) AppleWebKit/601.5.17 (KHTML, like Gecko) Version/9.1 Safari/601.5.17"}, "model": "request.request", "pk": 65}, {"fields": {"is_secure": false, "language": "en-us", "ip": "127.0.0.1", "method": "GET", "referer": "http://localhost:8000/en/admin/sites/site/", "user": 3, "is_ajax": false, "time": "2016-03-23T19:26:16.410Z", "path": "/en/admin/sites/site/1/", "response": 200, "user_agent": "Mozilla/5.0 (Macintosh; Intel Mac OS X 10_11_4) AppleWebKit/601.5.17 (KHTML, like Gecko) Version/9.1 Safari/601.5.17"}, "model": "request.request", "pk": 66}, {"fields": {"is_secure": false, "language": "en-us", "ip": "127.0.0.1", "method": "GET", "referer": "http://localhost:8000/en/admin/sites/site/1/", "user": 3, "is_ajax": false, "time": "2016-03-23T19:26:16.436Z", "path": "/en/admin/jsi18n/", "response": 200, "user_agent": "Mozilla/5.0 (Macintosh; Intel Mac OS X 10_11_4) AppleWebKit/601.5.17 (KHTML, like Gecko) Version/9.1 Safari/601.5.17"}, "model": "request.request", "pk": 67}, {"fields": {"is_secure": false, "language": "en-us", "ip": "127.0.0.1", "method": "POST", "referer": "http://localhost:8000/en/admin/sites/site/1/", "user": 3, "is_ajax": false, "time": "2016-03-23T19:26:29.694Z", "path": "/en/admin/sites/site/1/", "response": 302, "user_agent": "Mozilla/5.0 (Macintosh; Intel Mac OS X 10_11_4) AppleWebKit/601.5.17 (KHTML, like Gecko) Version/9.1 Safari/601.5.17"}, "model": "request.request", "pk": 68}, {"fields": {"is_secure": false, "language": "en-us", "ip": "127.0.0.1", "method": "GET", "referer": "http://localhost:8000/en/admin/sites/site/1/", "user": 3, "is_ajax": false, "time": "2016-03-23T19:26:29.745Z", "path": "/en/admin/sites/site/", "response": 200, "user_agent": "Mozilla/5.0 (Macintosh; Intel Mac OS X 10_11_4) AppleWebKit/601.5.17 (KHTML, like Gecko) Version/9.1 Safari/601.5.17"}, "model": "request.request", "pk": 69}, {"fields": {"is_secure": false, "language": "en-us", "ip": "127.0.0.1", "method": "GET", "referer": "http://localhost:8000/en/admin/sites/site/", "user": 3, "is_ajax": false, "time": "2016-03-23T19:26:29.768Z", "path": "/en/admin/jsi18n/", "response": 200, "user_agent": "Mozilla/5.0 (Macintosh; Intel Mac OS X 10_11_4) AppleWebKit/601.5.17 (KHTML, like Gecko) Version/9.1 Safari/601.5.17"}, "model": "request.request", "pk": 70}, {"fields": {"is_secure": false, "language": "en-us", "ip": "127.0.0.1", "method": "GET", "referer": "http://localhost:8000/en/ogf/ogf-home/?edit&language=en", "user": 3, "is_ajax": false, "time": "2016-03-23T19:26:34.253Z", "path": "/en/admin/cms/page/", "response": 200, "user_agent": "Mozilla/5.0 (Macintosh; Intel Mac OS X 10_11_4) AppleWebKit/601.5.17 (KHTML, like Gecko) Version/9.1 Safari/601.5.17"}, "model": "request.request", "pk": 71}, {"fields": {"is_secure": false, "language": "en-us", "ip": "127.0.0.1", "method": "GET", "referer": "http://localhost:8000/en/admin/cms/page/?page_id=3&language=en", "user": 3, "is_ajax": true, "time": "2016-03-23T19:26:34.465Z", "path": "/en/admin/cms/page/get-tree/", "response": 200, "user_agent": "Mozilla/5.0 (Macintosh; Intel Mac OS X 10_11_4) AppleWebKit/601.5.17 (KHTML, like Gecko) Version/9.1 Safari/601.5.17"}, "model": "request.request", "pk": 72}, {"fields": {"is_secure": false, "language": "en-us", "ip": "127.0.0.1", "method": "GET", "referer": "http://localhost:8000/en/admin/cms/page/?page_id=3&language=en", "user": 3, "is_ajax": false, "time": "2016-03-23T19:26:38.604Z", "path": "/en/admin/cms/page/3/en/preview/", "response": 302, "user_agent": "Mozilla/5.0 (Macintosh; Intel Mac OS X 10_11_4) AppleWebKit/601.5.17 (KHTML, like Gecko) Version/9.1 Safari/601.5.17"}, "model": "request.request", "pk": 73}, {"fields": {"is_secure": false, "language": "en-us", "ip": "127.0.0.1", "method": "GET", "referer": "http://localhost:8000/en/admin/cms/page/?page_id=3&language=en", "user": 3, "is_ajax": false, "time": "2016-03-23T19:26:39.305Z", "path": "/en/ogf/ogf-home/", "response": 200, "user_agent": "Mozilla/5.0 (Macintosh; Intel Mac OS X 10_11_4) AppleWebKit/601.5.17 (KHTML, like Gecko) Version/9.1 Safari/601.5.17"}, "model": "request.request", "pk": 74}, {"fields": {"is_secure": false, "language": "en-us", "ip": "127.0.0.1", "method": "GET", "referer": "http://localhost:8000/en/ogf/ogf-home/?edit&language=en", "user": 3, "is_ajax": false, "time": "2016-03-23T19:26:39.501Z", "path": "/media/regular_images/lorempixel-1_iC9iVqJ.jpg", "response": 200, "user_agent": "Mozilla/5.0 (Macintosh; Intel Mac OS X 10_11_4) AppleWebKit/601.5.17 (KHTML, like Gecko) Version/9.1 Safari/601.5.17"}, "model": "request.request", "pk": 75}, {"fields": {"is_secure": false, "language": "en-us", "ip": "127.0.0.1", "method": "GET", "referer": "http://localhost:8000/en/ogf/ogf-home/?edit&language=en", "user": 3, "is_ajax": false, "time": "2016-03-23T19:26:39.515Z", "path": "/media/authors/author-howard-duhon.png", "response": 404, "user_agent": "Mozilla/5.0 (Macintosh; Intel Mac OS X 10_11_4) AppleWebKit/601.5.17 (KHTML, like Gecko) Version/9.1 Safari/601.5.17"}, "model": "request.request", "pk": 76}, {"fields": {"is_secure": false, "language": "en-us", "ip": "127.0.0.1", "method": "GET", "referer": "http://localhost:8000/en/ogf/ogf-home/?edit&language=en", "user": 3, "is_ajax": false, "time": "2016-03-23T19:26:39.516Z", "path": "/media/regular_images/lorempixel-2_lWimL5Q.jpg", "response": 200, "user_agent": "Mozilla/5.0 (Macintosh; Intel Mac OS X 10_11_4) AppleWebKit/601.5.17 (KHTML, like Gecko) Version/9.1 Safari/601.5.17"}, "model": "request.request", "pk": 77}, {"fields": {"is_secure": false, "language": "en-us", "ip": "127.0.0.1", "method": "GET", "referer": "http://localhost:8000/en/ogf/ogf-home/?edit&language=en", "user": 3, "is_ajax": false, "time": "2016-03-23T19:26:39.526Z", "path": "/media/regular_images/lorempixel-3_zhFqaId.jpg", "response": 200, "user_agent": "Mozilla/5.0 (Macintosh; Intel Mac OS X 10_11_4) AppleWebKit/601.5.17 (KHTML, like Gecko) Version/9.1 Safari/601.5.17"}, "model": "request.request", "pk": 78}, {"fields": {"is_secure": false, "language": "en-us", "ip": "127.0.0.1", "method": "GET", "referer": "http://localhost:8000/en/ogf/ogf-home/?edit&language=en", "user": 3, "is_ajax": false, "time": "2016-03-23T19:26:39.526Z", "path": "/media/regular_images/lorempixel-5_zWiIB5Y.jpg", "response": 200, "user_agent": "Mozilla/5.0 (Macintosh; Intel Mac OS X 10_11_4) AppleWebKit/601.5.17 (KHTML, like Gecko) Version/9.1 Safari/601.5.17"}, "model": "request.request", "pk": 79}, {"fields": {"is_secure": false, "language": "en-us", "ip": "127.0.0.1", "method": "GET", "referer": "http://localhost:8000/en/ogf/ogf-home/?edit&language=en", "user": 3, "is_ajax": false, "time": "2016-03-23T19:26:39.528Z", "path": "/media/regular_images/lorempixel-4_fXZTcrq.jpg", "response": 200, "user_agent": "Mozilla/5.0 (Macintosh; Intel Mac OS X 10_11_4) AppleWebKit/601.5.17 (KHTML, like Gecko) Version/9.1 Safari/601.5.17"}, "model": "request.request", "pk": 80}, {"fields": {"is_secure": false, "language": "en-us", "ip": "127.0.0.1", "method": "GET", "referer": "http://localhost:8000/en/ogf/ogf-home/?edit&language=en", "user": 3, "is_ajax": false, "time": "2016-03-23T19:26:39.554Z", "path": "/media/covers/v5n1_cover_rMFE4z7.png", "response": 200, "user_agent": "Mozilla/5.0 (Macintosh; Intel Mac OS X 10_11_4) AppleWebKit/601.5.17 (KHTML, like Gecko) Version/9.1 Safari/601.5.17"}, "model": "request.request", "pk": 81}, {"fields": {"is_secure": false, "language": "en-us", "ip": "127.0.0.1", "method": "GET", "referer": "http://localhost:8000/en/ogf/ogf-home/?edit&language=en", "user": 3, "is_ajax": false, "time": "2016-03-23T19:26:39.555Z", "path": "/en/media/authors/author-howard-duhon.png", "response": 301, "user_agent": "Mozilla/5.0 (Macintosh; Intel Mac OS X 10_11_4) AppleWebKit/601.5.17 (KHTML, like Gecko) Version/9.1 Safari/601.5.17"}, "model": "request.request", "pk": 82}, {"fields": {"is_secure": false, "language": "en-us", "ip": "127.0.0.1", "method": "GET", "referer": "http://localhost:8000/en/ogf/ogf-home/?edit&language=en", "user": 3, "is_ajax": false, "time": "2016-03-23T19:26:39.655Z", "path": "/en/media/authors/author-howard-duhon.png/", "response": 404, "user_agent": "Mozilla/5.0 (Macintosh; Intel Mac OS X 10_11_4) AppleWebKit/601.5.17 (KHTML, like Gecko) Version/9.1 Safari/601.5.17"}, "model": "request.request", "pk": 83}, {"fields": {"is_secure": false, "language": "en-us", "ip": "127.0.0.1", "method": "GET", "referer": "http://localhost:8000/en/ogf/ogf-home/?edit&language=en", "user": 3, "is_ajax": false, "time": "2016-03-23T19:26:39.860Z", "path": "/en/admin/cms/page/", "response": 200, "user_agent": "Mozilla/5.0 (Macintosh; Intel Mac OS X 10_11_4) AppleWebKit/601.5.17 (KHTML, like Gecko) Version/9.1 Safari/601.5.17"}, "model": "request.request", "pk": 84}, {"fields": {"is_secure": false, "language": "en-us", "ip": "127.0.0.1", "method": "GET", "referer": "http://localhost:8000/en/admin/cms/page/?page_id=3&language=en", "user": 3, "is_ajax": true, "time": "2016-03-23T19:26:40.040Z", "path": "/en/admin/cms/page/get-tree/", "response": 200, "user_agent": "Mozilla/5.0 (Macintosh; Intel Mac OS X 10_11_4) AppleWebKit/601.5.17 (KHTML, like Gecko) Version/9.1 Safari/601.5.17"}, "model": "request.request", "pk": 85}, {"fields": {"is_secure": false, "language": "en-us", "ip": "127.0.0.1", "method": "GET", "referer": "http://localhost:8000/en/ogf/ogf-home/?edit&language=en", "user": 3, "is_ajax": true, "time": "2016-03-23T19:26:42.671Z", "path": "/en/admin/cms/page/resolve/", "response": 200, "user_agent": "Mozilla/5.0 (Macintosh; Intel Mac OS X 10_11_4) AppleWebKit/601.5.17 (KHTML, like Gecko) Version/9.1 Safari/601.5.17"}, "model": "request.request", "pk": 86}, {"fields": {"is_secure": false, "language": "en-us", "ip": "127.0.0.1", "method": "GET", "referer": "http://localhost:8000/en/ogf/ogf-home/?edit&language=en", "user": 3, "is_ajax": false, "time": "2016-03-23T19:26:43.546Z", "path": "/en/ogf/ogf-home/", "response": 200, "user_agent": "Mozilla/5.0 (Macintosh; Intel Mac OS X 10_11_4) AppleWebKit/601.5.17 (KHTML, like Gecko) Version/9.1 Safari/601.5.17"}, "model": "request.request", "pk": 87}, {"fields": {"is_secure": false, "language": "en-us", "ip": "127.0.0.1", "method": "GET", "referer": "http://localhost:8000/en/ogf/ogf-home/?edit&language=en", "user": 3, "is_ajax": false, "time": "2016-03-23T19:26:43.715Z", "path": "/media/regular_images/lorempixel-1_iC9iVqJ.jpg", "response": 200, "user_agent": "Mozilla/5.0 (Macintosh; Intel Mac OS X 10_11_4) AppleWebKit/601.5.17 (KHTML, like Gecko) Version/9.1 Safari/601.5.17"}, "model": "request.request", "pk": 88}, {"fields": {"is_secure": false, "language": "en-us", "ip": "127.0.0.1", "method": "GET", "referer": "http://localhost:8000/en/ogf/ogf-home/?edit&language=en", "user": 3, "is_ajax": false, "time": "2016-03-23T19:26:43.804Z", "path": "/media/regular_images/lorempixel-2_lWimL5Q.jpg", "response": 200, "user_agent": "Mozilla/5.0 (Macintosh; Intel Mac OS X 10_11_4) AppleWebKit/601.5.17 (KHTML, like Gecko) Version/9.1 Safari/601.5.17"}, "model": "request.request", "pk": 89}, {"fields": {"is_secure": false, "language": "en-us", "ip": "127.0.0.1", "method": "GET", "referer": "http://localhost:8000/en/ogf/ogf-home/?edit&language=en", "user": 3, "is_ajax": false, "time": "2016-03-23T19:26:43.821Z", "path": "/media/regular_images/lorempixel-4_fXZTcrq.jpg", "response": 200, "user_agent": "Mozilla/5.0 (Macintosh; Intel Mac OS X 10_11_4) AppleWebKit/601.5.17 (KHTML, like Gecko) Version/9.1 Safari/601.5.17"}, "model": "request.request", "pk": 90}, {"fields": {"is_secure": false, "language": "en-us", "ip": "127.0.0.1", "method": "GET", "referer": "http://localhost:8000/en/ogf/ogf-home/?edit&language=en", "user": 3, "is_ajax": false, "time": "2016-03-23T19:26:43.822Z", "path": "/media/authors/author-howard-duhon.png", "response": 404, "user_agent": "Mozilla/5.0 (Macintosh; Intel Mac OS X 10_11_4) AppleWebKit/601.5.17 (KHTML, like Gecko) Version/9.1 Safari/601.5.17"}, "model": "request.request", "pk": 91}, {"fields": {"is_secure": false, "language": "en-us", "ip": "127.0.0.1", "method": "GET", "referer": "http://localhost:8000/en/ogf/ogf-home/?edit&language=en", "user": 3, "is_ajax": false, "time": "2016-03-23T19:26:43.827Z", "path": "/media/regular_images/lorempixel-3_zhFqaId.jpg", "response": 200, "user_agent": "Mozilla/5.0 (Macintosh; Intel Mac OS X 10_11_4) AppleWebKit/601.5.17 (KHTML, like Gecko) Version/9.1 Safari/601.5.17"}, "model": "request.request", "pk": 92}, {"fields": {"is_secure": false, "language": "en-us", "ip": "127.0.0.1", "method": "GET", "referer": "http://localhost:8000/en/ogf/ogf-home/?edit&language=en", "user": 3, "is_ajax": false, "time": "2016-03-23T19:26:43.822Z", "path": "/media/regular_images/lorempixel-5_zWiIB5Y.jpg", "response": 200, "user_agent": "Mozilla/5.0 (Macintosh; Intel Mac OS X 10_11_4) AppleWebKit/601.5.17 (KHTML, like Gecko) Version/9.1 Safari/601.5.17"}, "model": "request.request", "pk": 93}, {"fields": {"is_secure": false, "language": "en-us", "ip": "127.0.0.1", "method": "GET", "referer": "http://localhost:8000/en/ogf/ogf-home/?edit&language=en", "user": 3, "is_ajax": false, "time": "2016-03-23T19:26:43.844Z", "path": "/media/covers/v5n1_cover_rMFE4z7.png", "response": 200, "user_agent": "Mozilla/5.0 (Macintosh; Intel Mac OS X 10_11_4) AppleWebKit/601.5.17 (KHTML, like Gecko) Version/9.1 Safari/601.5.17"}, "model": "request.request", "pk": 94}, {"fields": {"is_secure": false, "language": "en-us", "ip": "127.0.0.1", "method": "GET", "referer": "http://localhost:8000/en/ogf/ogf-home/?edit&language=en", "user": 3, "is_ajax": false, "time": "2016-03-23T19:26:43.854Z", "path": "/en/media/authors/author-howard-duhon.png", "response": 301, "user_agent": "Mozilla/5.0 (Macintosh; Intel Mac OS X 10_11_4) AppleWebKit/601.5.17 (KHTML, like Gecko) Version/9.1 Safari/601.5.17"}, "model": "request.request", "pk": 95}, {"fields": {"is_secure": false, "language": "en-us", "ip": "127.0.0.1", "method": "GET", "referer": "http://localhost:8000/en/ogf/ogf-home/?edit&language=en", "user": 3, "is_ajax": false, "time": "2016-03-23T19:26:43.879Z", "path": "/en/media/authors/author-howard-duhon.png/", "response": 404, "user_agent": "Mozilla/5.0 (Macintosh; Intel Mac OS X 10_11_4) AppleWebKit/601.5.17 (KHTML, like Gecko) Version/9.1 Safari/601.5.17"}, "model": "request.request", "pk": 96}, {"fields": {"is_secure": false, "language": "en-us", "ip": "127.0.0.1", "method": "POST", "referer": "http://localhost:8000/en/ogf/ogf-home/?edit&language=en", "user": 3, "is_ajax": true, "time": "2016-03-23T19:26:52.079Z", "path": "/en/admin/cms/page/3/en/publish/", "response": 302, "user_agent": "Mozilla/5.0 (Macintosh; Intel Mac OS X 10_11_4) AppleWebKit/601.5.17 (KHTML, like Gecko) Version/9.1 Safari/601.5.17"}, "model": "request.request", "pk": 97}, {"fields": {"is_secure": false, "language": "en-us", "ip": "127.0.0.1", "method": "GET", "referer": "http://localhost:8000/en/ogf/ogf-home/?edit&language=en", "user": 3, "is_ajax": true, "time": "2016-03-23T19:26:52.097Z", "path": "/", "response": 404, "user_agent": "Mozilla/5.0 (Macintosh; Intel Mac OS X 10_11_4) AppleWebKit/601.5.17 (KHTML, like Gecko) Version/9.1 Safari/601.5.17"}, "model": "request.request", "pk": 98}, {"fields": {"is_secure": false, "language": "en-us", "ip": "127.0.0.1", "method": "GET", "referer": "http://localhost:8000/en/ogf/ogf-home/?edit&language=en", "user": 3, "is_ajax": true, "time": "2016-03-23T19:26:52.247Z", "path": "/en/", "response": 200, "user_agent": "Mozilla/5.0 (Macintosh; Intel Mac OS X 10_11_4) AppleWebKit/601.5.17 (KHTML, like Gecko) Version/9.1 Safari/601.5.17"}, "model": "request.request", "pk": 99}, {"fields": {"is_secure": false, "language": "en-us", "ip": "127.0.0.1", "method": "GET", "referer": "http://localhost:8000/en/ogf/ogf-home/?edit&language=en", "user": 3, "is_ajax": false, "time": "2016-03-23T19:26:52.276Z", "path": "/en/ogf/ogf-home/", "response": 404, "user_agent": "Mozilla/5.0 (Macintosh; Intel Mac OS X 10_11_4) AppleWebKit/601.5.17 (KHTML, like Gecko) Version/9.1 Safari/601.5.17"}, "model": "request.request", "pk": 100}, {"fields": {"is_secure": false, "language": "en-us", "ip": "127.0.0.1", "method": "GET", "referer": "http://localhost:8000/en/ogf/ogf-home/?edit&language=en", "user": 3, "is_ajax": false, "time": "2016-03-23T19:27:00.996Z", "path": "/en/admin/cms/page/", "response": 200, "user_agent": "Mozilla/5.0 (Macintosh; Intel Mac OS X 10_11_4) AppleWebKit/601.5.17 (KHTML, like Gecko) Version/9.1 Safari/601.5.17"}, "model": "request.request", "pk": 101}, {"fields": {"is_secure": false, "language": "en-us", "ip": "127.0.0.1", "method": "GET", "referer": "http://localhost:8000/en/admin/cms/page/?page_id=3&language=en", "user": 3, "is_ajax": true, "time": "2016-03-23T19:27:01.194Z", "path": "/en/admin/cms/page/get-tree/", "response": 200, "user_agent": "Mozilla/5.0 (Macintosh; Intel Mac OS X 10_11_4) AppleWebKit/601.5.17 (KHTML, like Gecko) Version/9.1 Safari/601.5.17"}, "model": "request.request", "pk": 102}, {"fields": {"is_secure": false, "language": "en-us", "ip": "127.0.0.1", "method": "POST", "referer": "http://localhost:8000/en/admin/cms/page/?page_id=3&language=en", "user": 3, "is_ajax": true, "time": "2016-03-23T19:27:07.415Z", "path": "/en/admin/cms/page/18/en/publish/", "response": 302, "user_agent": "Mozilla/5.0 (Macintosh; Intel Mac OS X 10_11_4) AppleWebKit/601.5.17 (KHTML, like Gecko) Version/9.1 Safari/601.5.17"}, "model": "request.request", "pk": 103}, {"fields": {"is_secure": false, "language": "en-us", "ip": "127.0.0.1", "method": "GET", "referer": "http://localhost:8000/en/admin/cms/page/?page_id=3&language=en", "user": 3, "is_ajax": true, "time": "2016-03-23T19:27:07.493Z", "path": "/en/admin/cms/page/", "response": 200, "user_agent": "Mozilla/5.0 (Macintosh; Intel Mac OS X 10_11_4) AppleWebKit/601.5.17 (KHTML, like Gecko) Version/9.1 Safari/601.5.17"}, "model": "request.request", "pk": 104}, {"fields": {"is_secure": false, "language": "en-us", "ip": "127.0.0.1", "method": "GET", "referer": "http://localhost:8000/en/admin/cms/page/?page_id=3&language=en", "user": 3, "is_ajax": true, "time": "2016-03-23T19:27:07.516Z", "path": "/en/admin/cms/page/resolve/", "response": 200, "user_agent": "Mozilla/5.0 (Macintosh; Intel Mac OS X 10_11_4) AppleWebKit/601.5.17 (KHTML, like Gecko) Version/9.1 Safari/601.5.17"}, "model": "request.request", "pk": 105}, {"fields": {"is_secure": false, "language": "en-us", "ip": "127.0.0.1", "method": "GET", "referer": "http://localhost:8000/en/admin/cms/page/?page_id=3&language=en", "user": 3, "is_ajax": false, "time": "2016-03-23T19:27:07.636Z", "path": "/en/ogf/", "response": 200, "user_agent": "Mozilla/5.0 (Macintosh; Intel Mac OS X 10_11_4) AppleWebKit/601.5.17 (KHTML, like Gecko) Version/9.1 Safari/601.5.17"}, "model": "request.request", "pk": 106}, {"fields": {"is_secure": false, "language": "en-us", "ip": "127.0.0.1", "method": "GET", "referer": "http://localhost:8000/en/ogf/", "user": 3, "is_ajax": false, "time": "2016-03-23T19:27:08.035Z", "path": "/en/admin/cms/page/", "response": 200, "user_agent": "Mozilla/5.0 (Macintosh; Intel Mac OS X 10_11_4) AppleWebKit/601.5.17 (KHTML, like Gecko) Version/9.1 Safari/601.5.17"}, "model": "request.request", "pk": 107}, {"fields": {"is_secure": false, "language": "en-us", "ip": "127.0.0.1", "method": "GET", "referer": "http://localhost:8000/en/admin/cms/page/?page_id=18&language=en", "user": 3, "is_ajax": true, "time": "2016-03-23T19:27:08.226Z", "path": "/en/admin/cms/page/get-tree/", "response": 200, "user_agent": "Mozilla/5.0 (Macintosh; Intel Mac OS X 10_11_4) AppleWebKit/601.5.17 (KHTML, like Gecko) Version/9.1 Safari/601.5.17"}, "model": "request.request", "pk": 108}, {"fields": {"is_secure": false, "language": "en-us", "ip": "127.0.0.1", "method": "GET", "referer": "http://localhost:8000/en/admin/cms/page/?page_id=18&language=en", "user": 3, "is_ajax": false, "time": "2016-03-23T19:27:13.634Z", "path": "/en/admin/cms/page/5/en/preview/", "response": 302, "user_agent": "Mozilla/5.0 (Macintosh; Intel Mac OS X 10_11_4) AppleWebKit/601.5.17 (KHTML, like Gecko) Version/9.1 Safari/601.5.17"}, "model": "request.request", "pk": 109}, {"fields": {"is_secure": false, "language": "en-us", "ip": "127.0.0.1", "method": "GET", "referer": "http://localhost:8000/en/admin/cms/page/?page_id=18&language=en", "user": 3, "is_ajax": false, "time": "2016-03-23T19:27:14.184Z", "path": "/en/ogf/people/", "response": 200, "user_agent": "Mozilla/5.0 (Macintosh; Intel Mac OS X 10_11_4) AppleWebKit/601.5.17 (KHTML, like Gecko) Version/9.1 Safari/601.5.17"}, "model": "request.request", "pk": 110}, {"fields": {"is_secure": false, "language": "en-us", "ip": "127.0.0.1", "method": "GET", "referer": "http://localhost:8000/en/ogf/people/?edit&language=en", "user": 3, "is_ajax": false, "time": "2016-03-23T19:27:14.314Z", "path": "/media/regular_images/lorempixel-5_zWiIB5Y.jpg", "response": 200, "user_agent": "Mozilla/5.0 (Macintosh; Intel Mac OS X 10_11_4) AppleWebKit/601.5.17 (KHTML, like Gecko) Version/9.1 Safari/601.5.17"}, "model": "request.request", "pk": 111}, {"fields": {"is_secure": false, "language": "en-us", "ip": "127.0.0.1", "method": "GET", "referer": "http://localhost:8000/en/ogf/people/?edit&language=en", "user": 3, "is_ajax": false, "time": "2016-03-23T19:27:14.384Z", "path": "/media/regular_images/lorempixel-4_fXZTcrq.jpg", "response": 200, "user_agent": "Mozilla/5.0 (Macintosh; Intel Mac OS X 10_11_4) AppleWebKit/601.5.17 (KHTML, like Gecko) Version/9.1 Safari/601.5.17"}, "model": "request.request", "pk": 112}, {"fields": {"is_secure": false, "language": "en-us", "ip": "127.0.0.1", "method": "GET", "referer": "http://localhost:8000/en/ogf/people/?edit&language=en", "user": 3, "is_ajax": false, "time": "2016-03-23T19:27:14.390Z", "path": "/media/regular_images/lorempixel-2_lWimL5Q.jpg", "response": 200, "user_agent": "Mozilla/5.0 (Macintosh; Intel Mac OS X 10_11_4) AppleWebKit/601.5.17 (KHTML, like Gecko) Version/9.1 Safari/601.5.17"}, "model": "request.request", "pk": 113}, {"fields": {"is_secure": false, "language": "en-us", "ip": "127.0.0.1", "method": "GET", "referer": "http://localhost:8000/en/ogf/people/?edit&language=en", "user": 3, "is_ajax": false, "time": "2016-03-23T19:27:14.394Z", "path": "/media/covers/v5n1_cover_rMFE4z7.png", "response": 200, "user_agent": "Mozilla/5.0 (Macintosh; Intel Mac OS X 10_11_4) AppleWebKit/601.5.17 (KHTML, like Gecko) Version/9.1 Safari/601.5.17"}, "model": "request.request", "pk": 114}, {"fields": {"is_secure": false, "language": "en-us", "ip": "127.0.0.1", "method": "GET", "referer": "http://localhost:8000/en/ogf/people/?edit&language=en", "user": 3, "is_ajax": false, "time": "2016-03-23T19:27:14.389Z", "path": "/media/regular_images/lorempixel-1_iC9iVqJ.jpg", "response": 200, "user_agent": "Mozilla/5.0 (Macintosh; Intel Mac OS X 10_11_4) AppleWebKit/601.5.17 (KHTML, like Gecko) Version/9.1 Safari/601.5.17"}, "model": "request.request", "pk": 115}, {"fields": {"is_secure": false, "language": "en-us", "ip": "127.0.0.1", "method": "GET", "referer": "http://localhost:8000/en/ogf/people/?edit&language=en", "user": 3, "is_ajax": false, "time": "2016-03-23T19:27:14.386Z", "path": "/media/regular_images/lorempixel-3_zhFqaId.jpg", "response": 200, "user_agent": "Mozilla/5.0 (Macintosh; Intel Mac OS X 10_11_4) AppleWebKit/601.5.17 (KHTML, like Gecko) Version/9.1 Safari/601.5.17"}, "model": "request.request", "pk": 116}, {"fields": {"is_secure": false, "language": "en-us", "ip": "127.0.0.1", "method": "GET", "referer": "http://localhost:8000/en/ogf/people/?edit&language=en", "user": 3, "is_ajax": false, "time": "2016-03-23T19:27:14.643Z", "path": "/en/admin/cms/page/", "response": 200, "user_agent": "Mozilla/5.0 (Macintosh; Intel Mac OS X 10_11_4) AppleWebKit/601.5.17 (KHTML, like Gecko) Version/9.1 Safari/601.5.17"}, "model": "request.request", "pk": 117}, {"fields": {"is_secure": false, "language": "en-us", "ip": "127.0.0.1", "method": "GET", "referer": "http://localhost:8000/en/admin/cms/page/?page_id=5&language=en", "user": 3, "is_ajax": true, "time": "2016-03-23T19:27:14.879Z", "path": "/en/admin/cms/page/get-tree/", "response": 200, "user_agent": "Mozilla/5.0 (Macintosh; Intel Mac OS X 10_11_4) AppleWebKit/601.5.17 (KHTML, like Gecko) Version/9.1 Safari/601.5.17"}, "model": "request.request", "pk": 118}, {"fields": {"is_secure": false, "language": "en-us", "ip": "127.0.0.1", "method": "GET", "referer": "http://localhost:8000/en/ogf/people/?edit&language=en", "user": 3, "is_ajax": true, "time": "2016-03-23T19:27:16.611Z", "path": "/en/admin/cms/page/resolve/", "response": 200, "user_agent": "Mozilla/5.0 (Macintosh; Intel Mac OS X 10_11_4) AppleWebKit/601.5.17 (KHTML, like Gecko) Version/9.1 Safari/601.5.17"}, "model": "request.request", "pk": 119}, {"fields": {"is_secure": false, "language": "en-us", "ip": "127.0.0.1", "method": "GET", "referer": "http://localhost:8000/en/ogf/people/?edit&language=en", "user": 3, "is_ajax": false, "time": "2016-03-23T19:27:17.125Z", "path": "/en/ogf/people/", "response": 200, "user_agent": "Mozilla/5.0 (Macintosh; Intel Mac OS X 10_11_4) AppleWebKit/601.5.17 (KHTML, like Gecko) Version/9.1 Safari/601.5.17"}, "model": "request.request", "pk": 120}, {"fields": {"is_secure": false, "language": "en-us", "ip": "127.0.0.1", "method": "GET", "referer": "http://localhost:8000/en/ogf/people/?edit&language=en", "user": 3, "is_ajax": false, "time": "2016-03-23T19:27:17.285Z", "path": "/media/regular_images/lorempixel-1_iC9iVqJ.jpg", "response": 200, "user_agent": "Mozilla/5.0 (Macintosh; Intel Mac OS X 10_11_4) AppleWebKit/601.5.17 (KHTML, like Gecko) Version/9.1 Safari/601.5.17"}, "model": "request.request", "pk": 121}, {"fields": {"is_secure": false, "language": "en-us", "ip": "127.0.0.1", "method": "GET", "referer": "http://localhost:8000/en/ogf/people/?edit&language=en", "user": 3, "is_ajax": false, "time": "2016-03-23T19:27:17.361Z", "path": "/media/regular_images/lorempixel-2_lWimL5Q.jpg", "response": 200, "user_agent": "Mozilla/5.0 (Macintosh; Intel Mac OS X 10_11_4) AppleWebKit/601.5.17 (KHTML, like Gecko) Version/9.1 Safari/601.5.17"}, "model": "request.request", "pk": 122}, {"fields": {"is_secure": false, "language": "en-us", "ip": "127.0.0.1", "method": "GET", "referer": "http://localhost:8000/en/ogf/people/?edit&language=en", "user": 3, "is_ajax": false, "time": "2016-03-23T19:27:17.385Z", "path": "/media/regular_images/lorempixel-4_fXZTcrq.jpg", "response": 200, "user_agent": "Mozilla/5.0 (Macintosh; Intel Mac OS X 10_11_4) AppleWebKit/601.5.17 (KHTML, like Gecko) Version/9.1 Safari/601.5.17"}, "model": "request.request", "pk": 123}, {"fields": {"is_secure": false, "language": "en-us", "ip": "127.0.0.1", "method": "GET", "referer": "http://localhost:8000/en/ogf/people/?edit&language=en", "user": 3, "is_ajax": false, "time": "2016-03-23T19:27:17.389Z", "path": "/media/covers/v5n1_cover_rMFE4z7.png", "response": 200, "user_agent": "Mozilla/5.0 (Macintosh; Intel Mac OS X 10_11_4) AppleWebKit/601.5.17 (KHTML, like Gecko) Version/9.1 Safari/601.5.17"}, "model": "request.request", "pk": 124}, {"fields": {"is_secure": false, "language": "en-us", "ip": "127.0.0.1", "method": "GET", "referer": "http://localhost:8000/en/ogf/people/?edit&language=en", "user": 3, "is_ajax": false, "time": "2016-03-23T19:27:17.391Z", "path": "/media/regular_images/lorempixel-5_zWiIB5Y.jpg", "response": 200, "user_agent": "Mozilla/5.0 (Macintosh; Intel Mac OS X 10_11_4) AppleWebKit/601.5.17 (KHTML, like Gecko) Version/9.1 Safari/601.5.17"}, "model": "request.request", "pk": 125}, {"fields": {"is_secure": false, "language": "en-us", "ip": "127.0.0.1", "method": "GET", "referer": "http://localhost:8000/en/ogf/people/?edit&language=en", "user": 3, "is_ajax": false, "time": "2016-03-23T19:27:17.392Z", "path": "/media/regular_images/lorempixel-3_zhFqaId.jpg", "response": 200, "user_agent": "Mozilla/5.0 (Macintosh; Intel Mac OS X 10_11_4) AppleWebKit/601.5.17 (KHTML, like Gecko) Version/9.1 Safari/601.5.17"}, "model": "request.request", "pk": 126}, {"fields": {"is_secure": false, "language": "en-us", "ip": "127.0.0.1", "method": "POST", "referer": "http://localhost:8000/en/ogf/people/?edit&language=en", "user": 3, "is_ajax": true, "time": "2016-03-23T19:27:21.063Z", "path": "/en/admin/cms/page/5/en/publish/", "response": 302, "user_agent": "Mozilla/5.0 (Macintosh; Intel Mac OS X 10_11_4) AppleWebKit/601.5.17 (KHTML, like Gecko) Version/9.1 Safari/601.5.17"}, "model": "request.request", "pk": 127}, {"fields": {"is_secure": false, "language": "en-us", "ip": "127.0.0.1", "method": "GET", "referer": "http://localhost:8000/en/ogf/people/?edit&language=en", "user": 3, "is_ajax": true, "time": "2016-03-23T19:27:21.273Z", "path": "/en/ogf/people/", "response": 200, "user_agent": "Mozilla/5.0 (Macintosh; Intel Mac OS X 10_11_4) AppleWebKit/601.5.17 (KHTML, like Gecko) Version/9.1 Safari/601.5.17"}, "model": "request.request", "pk": 128}, {"fields": {"is_secure": false, "language": "en-us", "ip": "127.0.0.1", "method": "GET", "referer": "http://localhost:8000/en/ogf/people/?edit&language=en", "user": 3, "is_ajax": false, "time": "2016-03-23T19:27:21.500Z", "path": "/en/ogf/people/", "response": 200, "user_agent": "Mozilla/5.0 (Macintosh; Intel Mac OS X 10_11_4) AppleWebKit/601.5.17 (KHTML, like Gecko) Version/9.1 Safari/601.5.17"}, "model": "request.request", "pk": 129}, {"fields": {"is_secure": false, "language": "en-us", "ip": "127.0.0.1", "method": "GET", "referer": "http://localhost:8000/en/ogf/people/?edit_off=true", "user": 3, "is_ajax": false, "time": "2016-03-23T19:27:21.644Z", "path": "/media/regular_images/lorempixel-1_iC9iVqJ.jpg", "response": 200, "user_agent": "Mozilla/5.0 (Macintosh; Intel Mac OS X 10_11_4) AppleWebKit/601.5.17 (KHTML, like Gecko) Version/9.1 Safari/601.5.17"}, "model": "request.request", "pk": 130}, {"fields": {"is_secure": false, "language": "en-us", "ip": "127.0.0.1", "method": "GET", "referer": "http://localhost:8000/en/ogf/people/?edit_off=true", "user": 3, "is_ajax": false, "time": "2016-03-23T19:27:21.692Z", "path": "/media/regular_images/lorempixel-5_zWiIB5Y.jpg", "response": 200, "user_agent": "Mozilla/5.0 (Macintosh; Intel Mac OS X 10_11_4) AppleWebKit/601.5.17 (KHTML, like Gecko) Version/9.1 Safari/601.5.17"}, "model": "request.request", "pk": 131}, {"fields": {"is_secure": false, "language": "en-us", "ip": "127.0.0.1", "method": "GET", "referer": "http://localhost:8000/en/ogf/people/?edit_off=true", "user": 3, "is_ajax": false, "time": "2016-03-23T19:27:21.692Z", "path": "/media/regular_images/lorempixel-4_fXZTcrq.jpg", "response": 200, "user_agent": "Mozilla/5.0 (Macintosh; Intel Mac OS X 10_11_4) AppleWebKit/601.5.17 (KHTML, like Gecko) Version/9.1 Safari/601.5.17"}, "model": "request.request", "pk": 132}, {"fields": {"is_secure": false, "language": "en-us", "ip": "127.0.0.1", "method": "GET", "referer": "http://localhost:8000/en/ogf/people/?edit_off=true", "user": 3, "is_ajax": false, "time": "2016-03-23T19:27:21.703Z", "path": "/media/regular_images/lorempixel-3_zhFqaId.jpg", "response": 200, "user_agent": "Mozilla/5.0 (Macintosh; Intel Mac OS X 10_11_4) AppleWebKit/601.5.17 (KHTML, like Gecko) Version/9.1 Safari/601.5.17"}, "model": "request.request", "pk": 133}, {"fields": {"is_secure": false, "language": "en-us", "ip": "127.0.0.1", "method": "GET", "referer": "http://localhost:8000/en/ogf/people/?edit_off=true", "user": 3, "is_ajax": false, "time": "2016-03-23T19:27:21.702Z", "path": "/media/covers/v5n1_cover_rMFE4z7.png", "response": 200, "user_agent": "Mozilla/5.0 (Macintosh; Intel Mac OS X 10_11_4) AppleWebKit/601.5.17 (KHTML, like Gecko) Version/9.1 Safari/601.5.17"}, "model": "request.request", "pk": 134}, {"fields": {"is_secure": false, "language": "en-us", "ip": "127.0.0.1", "method": "GET", "referer": "http://localhost:8000/en/ogf/people/?edit_off=true", "user": 3, "is_ajax": false, "time": "2016-03-23T19:27:21.704Z", "path": "/media/regular_images/lorempixel-2_lWimL5Q.jpg", "response": 200, "user_agent": "Mozilla/5.0 (Macintosh; Intel Mac OS X 10_11_4) AppleWebKit/601.5.17 (KHTML, like Gecko) Version/9.1 Safari/601.5.17"}, "model": "request.request", "pk": 135}, {"fields": {"is_secure": false, "language": "en-us", "ip": "127.0.0.1", "method": "GET", "referer": "http://localhost:8000/en/ogf/people/?edit_off=true", "user": 3, "is_ajax": false, "time": "2016-03-23T19:27:25.915Z", "path": "/en/admin/cms/page/", "response": 200, "user_agent": "Mozilla/5.0 (Macintosh; Intel Mac OS X 10_11_4) AppleWebKit/601.5.17 (KHTML, like Gecko) Version/9.1 Safari/601.5.17"}, "model": "request.request", "pk": 136}, {"fields": {"is_secure": false, "language": "en-us", "ip": "127.0.0.1", "method": "GET", "referer": "http://localhost:8000/en/admin/cms/page/?page_id=5&language=en", "user": 3, "is_ajax": true, "time": "2016-03-23T19:27:26.121Z", "path": "/en/admin/cms/page/get-tree/", "response": 200, "user_agent": "Mozilla/5.0 (Macintosh; Intel Mac OS X 10_11_4) AppleWebKit/601.5.17 (KHTML, like Gecko) Version/9.1 Safari/601.5.17"}, "model": "request.request", "pk": 137}, {"fields": {"is_secure": false, "language": "en-us", "ip": "127.0.0.1", "method": "POST", "referer": "http://localhost:8000/en/admin/cms/page/?page_id=5&language=en", "user": 3, "is_ajax": true, "time": "2016-03-23T19:27:30.847Z", "path": "/en/admin/cms/page/17/en/publish/", "response": 302, "user_agent": "Mozilla/5.0 (Macintosh; Intel Mac OS X 10_11_4) AppleWebKit/601.5.17 (KHTML, like Gecko) Version/9.1 Safari/601.5.17"}, "model": "request.request", "pk": 138}, {"fields": {"is_secure": false, "language": "en-us", "ip": "127.0.0.1", "method": "GET", "referer": "http://localhost:8000/en/admin/cms/page/?page_id=5&language=en", "user": 3, "is_ajax": true, "time": "2016-03-23T19:27:30.924Z", "path": "/en/admin/cms/page/", "response": 200, "user_agent": "Mozilla/5.0 (Macintosh; Intel Mac OS X 10_11_4) AppleWebKit/601.5.17 (KHTML, like Gecko) Version/9.1 Safari/601.5.17"}, "model": "request.request", "pk": 139}, {"fields": {"is_secure": false, "language": "en-us", "ip": "127.0.0.1", "method": "GET", "referer": "http://localhost:8000/en/admin/cms/page/?page_id=5&language=en", "user": 3, "is_ajax": true, "time": "2016-03-23T19:27:30.949Z", "path": "/en/admin/cms/page/resolve/", "response": 200, "user_agent": "Mozilla/5.0 (Macintosh; Intel Mac OS X 10_11_4) AppleWebKit/601.5.17 (KHTML, like Gecko) Version/9.1 Safari/601.5.17"}, "model": "request.request", "pk": 140}, {"fields": {"is_secure": false, "language": "en-us", "ip": "127.0.0.1", "method": "GET", "referer": "http://localhost:8000/en/admin/cms/page/?page_id=5&language=en", "user": 3, "is_ajax": false, "time": "2016-03-23T19:27:31.578Z", "path": "/en/ogf/ogf-article-detail/", "response": 200, "user_agent": "Mozilla/5.0 (Macintosh; Intel Mac OS X 10_11_4) AppleWebKit/601.5.17 (KHTML, like Gecko) Version/9.1 Safari/601.5.17"}, "model": "request.request", "pk": 141}, {"fields": {"is_secure": false, "language": "en-us", "ip": "127.0.0.1", "method": "GET", "referer": "http://localhost:8000/en/ogf/ogf-article-detail/", "user": 3, "is_ajax": false, "time": "2016-03-23T19:27:32.046Z", "path": "/en/admin/cms/page/", "response": 200, "user_agent": "Mozilla/5.0 (Macintosh; Intel Mac OS X 10_11_4) AppleWebKit/601.5.17 (KHTML, like Gecko) Version/9.1 Safari/601.5.17"}, "model": "request.request", "pk": 142}, {"fields": {"is_secure": false, "language": "en-us", "ip": "127.0.0.1", "method": "GET", "referer": "http://localhost:8000/en/admin/cms/page/?page_id=17&language=en", "user": 3, "is_ajax": true, "time": "2016-03-23T19:27:32.248Z", "path": "/en/admin/cms/page/get-tree/", "response": 200, "user_agent": "Mozilla/5.0 (Macintosh; Intel Mac OS X 10_11_4) AppleWebKit/601.5.17 (KHTML, like Gecko) Version/9.1 Safari/601.5.17"}, "model": "request.request", "pk": 143}, {"fields": {"is_secure": false, "language": "en-us", "ip": "127.0.0.1", "method": "POST", "referer": "http://localhost:8000/en/admin/cms/page/?page_id=17&language=en", "user": 3, "is_ajax": true, "time": "2016-03-23T19:27:38.269Z", "path": "/en/admin/cms/page/12/en/publish/", "response": 302, "user_agent": "Mozilla/5.0 (Macintosh; Intel Mac OS X 10_11_4) AppleWebKit/601.5.17 (KHTML, like Gecko) Version/9.1 Safari/601.5.17"}, "model": "request.request", "pk": 144}, {"fields": {"is_secure": false, "language": "en-us", "ip": "127.0.0.1", "method": "GET", "referer": "http://localhost:8000/en/admin/cms/page/?page_id=17&language=en", "user": 3, "is_ajax": true, "time": "2016-03-23T19:27:38.344Z", "path": "/en/admin/cms/page/", "response": 200, "user_agent": "Mozilla/5.0 (Macintosh; Intel Mac OS X 10_11_4) AppleWebKit/601.5.17 (KHTML, like Gecko) Version/9.1 Safari/601.5.17"}, "model": "request.request", "pk": 145}, {"fields": {"is_secure": false, "language": "en-us", "ip": "127.0.0.1", "method": "GET", "referer": "http://localhost:8000/en/admin/cms/page/?page_id=17&language=en", "user": 3, "is_ajax": true, "time": "2016-03-23T19:27:38.369Z", "path": "/en/admin/cms/page/resolve/", "response": 200, "user_agent": "Mozilla/5.0 (Macintosh; Intel Mac OS X 10_11_4) AppleWebKit/601.5.17 (KHTML, like Gecko) Version/9.1 Safari/601.5.17"}, "model": "request.request", "pk": 146}, {"fields": {"is_secure": false, "language": "en-us", "ip": "127.0.0.1", "method": "GET", "referer": "http://localhost:8000/en/admin/cms/page/?page_id=17&language=en", "user": 3, "is_ajax": false, "time": "2016-03-23T19:27:38.511Z", "path": "/en/ogf/issues/", "response": 200, "user_agent": "Mozilla/5.0 (Macintosh; Intel Mac OS X 10_11_4) AppleWebKit/601.5.17 (KHTML, like Gecko) Version/9.1 Safari/601.5.17"}, "model": "request.request", "pk": 147}, {"fields": {"is_secure": false, "language": "en-us", "ip": "127.0.0.1", "method": "GET", "referer": "http://localhost:8000/en/ogf/issues/", "user": 3, "is_ajax": false, "time": "2016-03-23T19:27:38.732Z", "path": "/media/covers/v4n6_cover_2VBB3Yv.png", "response": 200, "user_agent": "Mozilla/5.0 (Macintosh; Intel Mac OS X 10_11_4) AppleWebKit/601.5.17 (KHTML, like Gecko) Version/9.1 Safari/601.5.17"}, "model": "request.request", "pk": 148}, {"fields": {"is_secure": false, "language": "en-us", "ip": "127.0.0.1", "method": "GET", "referer": "http://localhost:8000/en/ogf/issues/", "user": 3, "is_ajax": false, "time": "2016-03-23T19:27:38.740Z", "path": "/media/covers/v4n3_cover_lryThqQ.png", "response": 200, "user_agent": "Mozilla/5.0 (Macintosh; Intel Mac OS X 10_11_4) AppleWebKit/601.5.17 (KHTML, like Gecko) Version/9.1 Safari/601.5.17"}, "model": "request.request", "pk": 149}, {"fields": {"is_secure": false, "language": "en-us", "ip": "127.0.0.1", "method": "GET", "referer": "http://localhost:8000/en/ogf/issues/", "user": 3, "is_ajax": false, "time": "2016-03-23T19:27:38.748Z", "path": "/media/covers/v4n4_cover_oo9sZCG.png", "response": 200, "user_agent": "Mozilla/5.0 (Macintosh; Intel Mac OS X 10_11_4) AppleWebKit/601.5.17 (KHTML, like Gecko) Version/9.1 Safari/601.5.17"}, "model": "request.request", "pk": 150}, {"fields": {"is_secure": false, "language": "en-us", "ip": "127.0.0.1", "method": "GET", "referer": "http://localhost:8000/en/ogf/issues/", "user": 3, "is_ajax": false, "time": "2016-03-23T19:27:38.753Z", "path": "/media/covers/v4n2_cover_sHadclQ.png", "response": 200, "user_agent": "Mozilla/5.0 (Macintosh; Intel Mac OS X 10_11_4) AppleWebKit/601.5.17 (KHTML, like Gecko) Version/9.1 Safari/601.5.17"}, "model": "request.request", "pk": 151}, {"fields": {"is_secure": false, "language": "en-us", "ip": "127.0.0.1", "method": "GET", "referer": "http://localhost:8000/en/ogf/issues/", "user": 3, "is_ajax": false, "time": "2016-03-23T19:27:38.760Z", "path": "/media/covers/v4n1_cover_dwqoXwg.png", "response": 200, "user_agent": "Mozilla/5.0 (Macintosh; Intel Mac OS X 10_11_4) AppleWebKit/601.5.17 (KHTML, like Gecko) Version/9.1 Safari/601.5.17"}, "model": "request.request", "pk": 152}, {"fields": {"is_secure": false, "language": "en-us", "ip": "127.0.0.1", "method": "GET", "referer": "http://localhost:8000/en/ogf/issues/", "user": 3, "is_ajax": false, "time": "2016-03-23T19:27:38.733Z", "path": "/media/covers/v4n5_cover_XpyWYhP.png", "response": 200, "user_agent": "Mozilla/5.0 (Macintosh; Intel Mac OS X 10_11_4) AppleWebKit/601.5.17 (KHTML, like Gecko) Version/9.1 Safari/601.5.17"}, "model": "request.request", "pk": 153}, {"fields": {"is_secure": false, "language": "en-us", "ip": "127.0.0.1", "method": "GET", "referer": "http://localhost:8000/en/ogf/issues/", "user": 3, "is_ajax": false, "time": "2016-03-23T19:27:38.783Z", "path": "/media/covers/v3n5_cover_FiwGLny.png", "response": 200, "user_agent": "Mozilla/5.0 (Macintosh; Intel Mac OS X 10_11_4) AppleWebKit/601.5.17 (KHTML, like Gecko) Version/9.1 Safari/601.5.17"}, "model": "request.request", "pk": 154}, {"fields": {"is_secure": false, "language": "en-us", "ip": "127.0.0.1", "method": "GET", "referer": "http://localhost:8000/en/ogf/issues/", "user": 3, "is_ajax": false, "time": "2016-03-23T19:27:38.839Z", "path": "/media/covers/v2n4_cover_DB4rLsx.png", "response": 200, "user_agent": "Mozilla/5.0 (Macintosh; Intel Mac OS X 10_11_4) AppleWebKit/601.5.17 (KHTML, like Gecko) Version/9.1 Safari/601.5.17"}, "model": "request.request", "pk": 155}, {"fields": {"is_secure": false, "language": "en-us", "ip": "127.0.0.1", "method": "GET", "referer": "http://localhost:8000/en/ogf/issues/", "user": 3, "is_ajax": false, "time": "2016-03-23T19:27:38.844Z", "path": "/media/covers/v3n4_cover_KQTRLT9.png", "response": 200, "user_agent": "Mozilla/5.0 (Macintosh; Intel Mac OS X 10_11_4) AppleWebKit/601.5.17 (KHTML, like Gecko) Version/9.1 Safari/601.5.17"}, "model": "request.request", "pk": 156}, {"fields": {"is_secure": false, "language": "en-us", "ip": "127.0.0.1", "method": "GET", "referer": "http://localhost:8000/en/ogf/issues/", "user": 3, "is_ajax": false, "time": "2016-03-23T19:27:38.846Z", "path": "/media/covers/v3n1_cover_D9hShXw.png", "response": 200, "user_agent": "Mozilla/5.0 (Macintosh; Intel Mac OS X 10_11_4) AppleWebKit/601.5.17 (KHTML, like Gecko) Version/9.1 Safari/601.5.17"}, "model": "request.request", "pk": 157}, {"fields": {"is_secure": false, "language": "en-us", "ip": "127.0.0.1", "method": "GET", "referer": "http://localhost:8000/en/ogf/issues/", "user": 3, "is_ajax": false, "time": "2016-03-23T19:27:38.841Z", "path": "/media/covers/v3n2_cover_5THXtkU.png", "response": 200, "user_agent": "Mozilla/5.0 (Macintosh; Intel Mac OS X 10_11_4) AppleWebKit/601.5.17 (KHTML, like Gecko) Version/9.1 Safari/601.5.17"}, "model": "request.request", "pk": 158}, {"fields": {"is_secure": false, "language": "en-us", "ip": "127.0.0.1", "method": "GET", "referer": "http://localhost:8000/en/ogf/issues/", "user": 3, "is_ajax": false, "time": "2016-03-23T19:27:38.870Z", "path": "/media/covers/v2n2_cover_iwF7caF.png", "response": 200, "user_agent": "Mozilla/5.0 (Macintosh; Intel Mac OS X 10_11_4) AppleWebKit/601.5.17 (KHTML, like Gecko) Version/9.1 Safari/601.5.17"}, "model": "request.request", "pk": 159}, {"fields": {"is_secure": false, "language": "en-us", "ip": "127.0.0.1", "method": "GET", "referer": "http://localhost:8000/en/ogf/issues/", "user": 3, "is_ajax": false, "time": "2016-03-23T19:27:38.870Z", "path": "/media/covers/v1n5_cover_abhBIZu.png", "response": 200, "user_agent": "Mozilla/5.0 (Macintosh; Intel Mac OS X 10_11_4) AppleWebKit/601.5.17 (KHTML, like Gecko) Version/9.1 Safari/601.5.17"}, "model": "request.request", "pk": 160}, {"fields": {"is_secure": false, "language": "en-us", "ip": "127.0.0.1", "method": "GET", "referer": "http://localhost:8000/en/ogf/issues/", "user": 3, "is_ajax": false, "time": "2016-03-23T19:27:38.913Z", "path": "/media/covers/v1n6_cover_Iuabafc.png", "response": 200, "user_agent": "Mozilla/5.0 (Macintosh; Intel Mac OS X 10_11_4) AppleWebKit/601.5.17 (KHTML, like Gecko) Version/9.1 Safari/601.5.17"}, "model": "request.request", "pk": 161}, {"fields": {"is_secure": false, "language": "en-us", "ip": "127.0.0.1", "method": "GET", "referer": "http://localhost:8000/en/ogf/issues/", "user": 3, "is_ajax": false, "time": "2016-03-23T19:27:38.915Z", "path": "/media/covers/v1n2_cover_jZA6r8g.png", "response": 200, "user_agent": "Mozilla/5.0 (Macintosh; Intel Mac OS X 10_11_4) AppleWebKit/601.5.17 (KHTML, like Gecko) Version/9.1 Safari/601.5.17"}, "model": "request.request", "pk": 162}, {"fields": {"is_secure": false, "language": "en-us", "ip": "127.0.0.1", "method": "GET", "referer": "http://localhost:8000/en/ogf/issues/", "user": 3, "is_ajax": false, "time": "2016-03-23T19:27:38.928Z", "path": "/media/covers/v2n5_cover_elCnGOh.png", "response": 200, "user_agent": "Mozilla/5.0 (Macintosh; Intel Mac OS X 10_11_4) AppleWebKit/601.5.17 (KHTML, like Gecko) Version/9.1 Safari/601.5.17"}, "model": "request.request", "pk": 163}, {"fields": {"is_secure": false, "language": "en-us", "ip": "127.0.0.1", "method": "GET", "referer": "http://localhost:8000/en/ogf/issues/", "user": 3, "is_ajax": false, "time": "2016-03-23T19:27:38.941Z", "path": "/media/covers/v3n6_cover_JcVJQOF.png", "response": 200, "user_agent": "Mozilla/5.0 (Macintosh; Intel Mac OS X 10_11_4) AppleWebKit/601.5.17 (KHTML, like Gecko) Version/9.1 Safari/601.5.17"}, "model": "request.request", "pk": 164}, {"fields": {"is_secure": false, "language": "en-us", "ip": "127.0.0.1", "method": "GET", "referer": "http://localhost:8000/en/ogf/issues/", "user": 3, "is_ajax": false, "time": "2016-03-23T19:27:38.948Z", "path": "/media/covers/v2n3_cover_5AnDWYr.png", "response": 200, "user_agent": "Mozilla/5.0 (Macintosh; Intel Mac OS X 10_11_4) AppleWebKit/601.5.17 (KHTML, like Gecko) Version/9.1 Safari/601.5.17"}, "model": "request.request", "pk": 165}, {"fields": {"is_secure": false, "language": "en-us", "ip": "127.0.0.1", "method": "GET", "referer": "http://localhost:8000/en/ogf/issues/", "user": 3, "is_ajax": false, "time": "2016-03-23T19:27:38.987Z", "path": "/media/covers/v1n4_cover_ZYtIeSI.png", "response": 200, "user_agent": "Mozilla/5.0 (Macintosh; Intel Mac OS X 10_11_4) AppleWebKit/601.5.17 (KHTML, like Gecko) Version/9.1 Safari/601.5.17"}, "model": "request.request", "pk": 166}, {"fields": {"is_secure": false, "language": "en-us", "ip": "127.0.0.1", "method": "GET", "referer": "http://localhost:8000/en/ogf/issues/", "user": 3, "is_ajax": false, "time": "2016-03-23T19:27:39.050Z", "path": "/media/covers/v1n1_cover_74saUYH.png", "response": 200, "user_agent": "Mozilla/5.0 (Macintosh; Intel Mac OS X 10_11_4) AppleWebKit/601.5.17 (KHTML, like Gecko) Version/9.1 Safari/601.5.17"}, "model": "request.request", "pk": 167}, {"fields": {"is_secure": false, "language": "en-us", "ip": "127.0.0.1", "method": "GET", "referer": "http://localhost:8000/en/ogf/issues/", "user": 3, "is_ajax": false, "time": "2016-03-23T19:27:39.079Z", "path": "/media/covers/v3n3_cover_VLsMIYl.png", "response": 200, "user_agent": "Mozilla/5.0 (Macintosh; Intel Mac OS X 10_11_4) AppleWebKit/601.5.17 (KHTML, like Gecko) Version/9.1 Safari/601.5.17"}, "model": "request.request", "pk": 168}, {"fields": {"is_secure": false, "language": "en-us", "ip": "127.0.0.1", "method": "GET", "referer": "http://localhost:8000/en/ogf/issues/", "user": 3, "is_ajax": false, "time": "2016-03-23T19:27:39.102Z", "path": "/media/covers/v1n3_cover_bLBEtRA.png", "response": 200, "user_agent": "Mozilla/5.0 (Macintosh; Intel Mac OS X 10_11_4) AppleWebKit/601.5.17 (KHTML, like Gecko) Version/9.1 Safari/601.5.17"}, "model": "request.request", "pk": 169}, {"fields": {"is_secure": false, "language": "en-us", "ip": "127.0.0.1", "method": "GET", "referer": "http://localhost:8000/en/ogf/issues/", "user": 3, "is_ajax": false, "time": "2016-03-23T19:27:39.110Z", "path": "/media/covers/v2n1_cover_26i6swX.png", "response": 200, "user_agent": "Mozilla/5.0 (Macintosh; Intel Mac OS X 10_11_4) AppleWebKit/601.5.17 (KHTML, like Gecko) Version/9.1 Safari/601.5.17"}, "model": "request.request", "pk": 170}, {"fields": {"is_secure": false, "language": "en-us", "ip": "127.0.0.1", "method": "GET", "referer": "http://localhost:8000/en/ogf/issues/", "user": 3, "is_ajax": false, "time": "2016-03-23T19:27:39.115Z", "path": "/media/covers/v2n6_cover_cGEprma.png", "response": 200, "user_agent": "Mozilla/5.0 (Macintosh; Intel Mac OS X 10_11_4) AppleWebKit/601.5.17 (KHTML, like Gecko) Version/9.1 Safari/601.5.17"}, "model": "request.request", "pk": 171}, {"fields": {"is_secure": false, "language": "en-us", "ip": "127.0.0.1", "method": "GET", "referer": "http://localhost:8000/en/ogf/issues/", "user": 3, "is_ajax": false, "time": "2016-03-23T19:27:39.174Z", "path": "/en/admin/cms/page/", "response": 200, "user_agent": "Mozilla/5.0 (Macintosh; Intel Mac OS X 10_11_4) AppleWebKit/601.5.17 (KHTML, like Gecko) Version/9.1 Safari/601.5.17"}, "model": "request.request", "pk": 172}, {"fields": {"is_secure": false, "language": "en-us", "ip": "127.0.0.1", "method": "GET", "referer": "http://localhost:8000/en/admin/cms/page/?page_id=12&language=en", "user": 3, "is_ajax": true, "time": "2016-03-23T19:27:39.376Z", "path": "/en/admin/cms/page/get-tree/", "response": 200, "user_agent": "Mozilla/5.0 (Macintosh; Intel Mac OS X 10_11_4) AppleWebKit/601.5.17 (KHTML, like Gecko) Version/9.1 Safari/601.5.17"}, "model": "request.request", "pk": 173}, {"fields": {"is_secure": false, "language": "en-us", "ip": "127.0.0.1", "method": "GET", "referer": "http://localhost:8000/en/admin/cms/page/?page_id=12&language=en", "user": 3, "is_ajax": false, "time": "2016-03-23T19:27:41.310Z", "path": "/en/admin/cms/page/15/delete/", "response": 200, "user_agent": "Mozilla/5.0 (Macintosh; Intel Mac OS X 10_11_4) AppleWebKit/601.5.17 (KHTML, like Gecko) Version/9.1 Safari/601.5.17"}, "model": "request.request", "pk": 174}, {"fields": {"is_secure": false, "language": "en-us", "ip": "127.0.0.1", "method": "POST", "referer": "http://localhost:8000/en/admin/cms/page/15/delete/?language=en", "user": 3, "is_ajax": false, "time": "2016-03-23T19:27:42.642Z", "path": "/en/admin/cms/page/15/delete/", "response": 302, "user_agent": "Mozilla/5.0 (Macintosh; Intel Mac OS X 10_11_4) AppleWebKit/601.5.17 (KHTML, like Gecko) Version/9.1 Safari/601.5.17"}, "model": "request.request", "pk": 175}, {"fields": {"is_secure": false, "language": "en-us", "ip": "127.0.0.1", "method": "GET", "referer": "http://localhost:8000/en/admin/cms/page/15/delete/?language=en", "user": 3, "is_ajax": false, "time": "2016-03-23T19:27:42.706Z", "path": "/en/admin/cms/page/", "response": 200, "user_agent": "Mozilla/5.0 (Macintosh; Intel Mac OS X 10_11_4) AppleWebKit/601.5.17 (KHTML, like Gecko) Version/9.1 Safari/601.5.17"}, "model": "request.request", "pk": 176}, {"fields": {"is_secure": false, "language": "en-us", "ip": "127.0.0.1", "method": "GET", "referer": "http://localhost:8000/en/admin/cms/page/", "user": 3, "is_ajax": true, "time": "2016-03-23T19:27:42.896Z", "path": "/en/admin/cms/page/get-tree/", "response": 200, "user_agent": "Mozilla/5.0 (Macintosh; Intel Mac OS X 10_11_4) AppleWebKit/601.5.17 (KHTML, like Gecko) Version/9.1 Safari/601.5.17"}, "model": "request.request", "pk": 177}, {"fields": {"is_secure": false, "language": "en-us", "ip": "127.0.0.1", "method": "GET", "referer": "http://localhost:8000/en/ogf/issues/", "user": 3, "is_ajax": true, "time": "2016-03-23T19:27:55.260Z", "path": "/en/admin/cms/page/resolve/", "response": 200, "user_agent": "Mozilla/5.0 (Macintosh; Intel Mac OS X 10_11_4) AppleWebKit/601.5.17 (KHTML, like Gecko) Version/9.1 Safari/601.5.17"}, "model": "request.request", "pk": 178}, {"fields": {"is_secure": false, "language": "en-us", "ip": "127.0.0.1", "method": "GET", "referer": "http://localhost:8000/en/ogf/issues/", "user": 3, "is_ajax": false, "time": "2016-03-23T19:27:55.431Z", "path": "/en/ogf/issues/", "response": 200, "user_agent": "Mozilla/5.0 (Macintosh; Intel Mac OS X 10_11_4) AppleWebKit/601.5.17 (KHTML, like Gecko) Version/9.1 Safari/601.5.17"}, "model": "request.request", "pk": 179}, {"fields": {"is_secure": false, "language": "en-us", "ip": "127.0.0.1", "method": "GET", "referer": "http://localhost:8000/en/ogf/issues/", "user": 3, "is_ajax": false, "time": "2016-03-23T19:27:55.604Z", "path": "/media/covers/v4n6_cover_2VBB3Yv.png", "response": 304, "user_agent": "Mozilla/5.0 (Macintosh; Intel Mac OS X 10_11_4) AppleWebKit/601.5.17 (KHTML, like Gecko) Version/9.1 Safari/601.5.17"}, "model": "request.request", "pk": 180}, {"fields": {"is_secure": false, "language": "en-us", "ip": "127.0.0.1", "method": "GET", "referer": "http://localhost:8000/en/ogf/issues/", "user": 3, "is_ajax": false, "time": "2016-03-23T19:27:55.682Z", "path": "/media/covers/v4n3_cover_lryThqQ.png", "response": 304, "user_agent": "Mozilla/5.0 (Macintosh; Intel Mac OS X 10_11_4) AppleWebKit/601.5.17 (KHTML, like Gecko) Version/9.1 Safari/601.5.17"}, "model": "request.request", "pk": 181}, {"fields": {"is_secure": false, "language": "en-us", "ip": "127.0.0.1", "method": "GET", "referer": "http://localhost:8000/en/ogf/issues/", "user": 3, "is_ajax": false, "time": "2016-03-23T19:27:55.710Z", "path": "/media/covers/v4n4_cover_oo9sZCG.png", "response": 304, "user_agent": "Mozilla/5.0 (Macintosh; Intel Mac OS X 10_11_4) AppleWebKit/601.5.17 (KHTML, like Gecko) Version/9.1 Safari/601.5.17"}, "model": "request.request", "pk": 182}, {"fields": {"is_secure": false, "language": "en-us", "ip": "127.0.0.1", "method": "GET", "referer": "http://localhost:8000/en/ogf/people/?edit_off=true", "user": 3, "is_ajax": false, "time": "2016-03-23T19:27:55.717Z", "path": "/media/covers/v5n1_cover_rMFE4z7.png", "response": 304, "user_agent": "Mozilla/5.0 (Macintosh; Intel Mac OS X 10_11_4) AppleWebKit/601.5.17 (KHTML, like Gecko) Version/9.1 Safari/601.5.17"}, "model": "request.request", "pk": 183}, {"fields": {"is_secure": false, "language": "en-us", "ip": "127.0.0.1", "method": "GET", "referer": "http://localhost:8000/en/ogf/issues/", "user": 3, "is_ajax": false, "time": "2016-03-23T19:27:55.721Z", "path": "/media/covers/v4n5_cover_XpyWYhP.png", "response": 304, "user_agent": "Mozilla/5.0 (Macintosh; Intel Mac OS X 10_11_4) AppleWebKit/601.5.17 (KHTML, like Gecko) Version/9.1 Safari/601.5.17"}, "model": "request.request", "pk": 184}, {"fields": {"is_secure": false, "language": "en-us", "ip": "127.0.0.1", "method": "GET", "referer": "http://localhost:8000/en/ogf/issues/", "user": 3, "is_ajax": false, "time": "2016-03-23T19:27:55.730Z", "path": "/media/covers/v3n5_cover_FiwGLny.png", "response": 304, "user_agent": "Mozilla/5.0 (Macintosh; Intel Mac OS X 10_11_4) AppleWebKit/601.5.17 (KHTML, like Gecko) Version/9.1 Safari/601.5.17"}, "model": "request.request", "pk": 185}, {"fields": {"is_secure": false, "language": "en-us", "ip": "127.0.0.1", "method": "GET", "referer": "http://localhost:8000/en/ogf/issues/", "user": 3, "is_ajax": false, "time": "2016-03-23T19:27:55.770Z", "path": "/media/covers/v3n3_cover_VLsMIYl.png", "response": 304, "user_agent": "Mozilla/5.0 (Macintosh; Intel Mac OS X 10_11_4) AppleWebKit/601.5.17 (KHTML, like Gecko) Version/9.1 Safari/601.5.17"}, "model": "request.request", "pk": 186}, {"fields": {"is_secure": false, "language": "en-us", "ip": "127.0.0.1", "method": "GET", "referer": "http://localhost:8000/en/ogf/issues/", "user": 3, "is_ajax": false, "time": "2016-03-23T19:27:55.830Z", "path": "/media/covers/v2n5_cover_elCnGOh.png", "response": 304, "user_agent": "Mozilla/5.0 (Macintosh; Intel Mac OS X 10_11_4) AppleWebKit/601.5.17 (KHTML, like Gecko) Version/9.1 Safari/601.5.17"}, "model": "request.request", "pk": 187}, {"fields": {"is_secure": false, "language": "en-us", "ip": "127.0.0.1", "method": "GET", "referer": "http://localhost:8000/en/ogf/issues/", "user": 3, "is_ajax": false, "time": "2016-03-23T19:27:55.934Z", "path": "/media/covers/v1n3_cover_bLBEtRA.png", "response": 304, "user_agent": "Mozilla/5.0 (Macintosh; Intel Mac OS X 10_11_4) AppleWebKit/601.5.17 (KHTML, like Gecko) Version/9.1 Safari/601.5.17"}, "model": "request.request", "pk": 188}, {"fields": {"is_secure": false, "language": "en-us", "ip": "127.0.0.1", "method": "GET", "referer": "http://localhost:8000/en/ogf/issues/", "user": 3, "is_ajax": false, "time": "2016-03-23T19:27:55.950Z", "path": "/media/covers/v2n1_cover_26i6swX.png", "response": 304, "user_agent": "Mozilla/5.0 (Macintosh; Intel Mac OS X 10_11_4) AppleWebKit/601.5.17 (KHTML, like Gecko) Version/9.1 Safari/601.5.17"}, "model": "request.request", "pk": 189}, {"fields": {"is_secure": false, "language": "en-us", "ip": "127.0.0.1", "method": "GET", "referer": "http://localhost:8000/en/ogf/issues/", "user": 3, "is_ajax": false, "time": "2016-03-23T19:27:55.949Z", "path": "/media/covers/v2n3_cover_5AnDWYr.png", "response": 304, "user_agent": "Mozilla/5.0 (Macintosh; Intel Mac OS X 10_11_4) AppleWebKit/601.5.17 (KHTML, like Gecko) Version/9.1 Safari/601.5.17"}, "model": "request.request", "pk": 190}, {"fields": {"is_secure": false, "language": "en-us", "ip": "127.0.0.1", "method": "GET", "referer": "http://localhost:8000/en/ogf/issues/", "user": 3, "is_ajax": false, "time": "2016-03-23T19:27:55.955Z", "path": "/media/covers/v1n5_cover_abhBIZu.png", "response": 304, "user_agent": "Mozilla/5.0 (Macintosh; Intel Mac OS X 10_11_4) AppleWebKit/601.5.17 (KHTML, like Gecko) Version/9.1 Safari/601.5.17"}, "model": "request.request", "pk": 191}, {"fields": {"is_secure": false, "language": "en-us", "ip": "127.0.0.1", "method": "GET", "referer": "http://localhost:8000/en/ogf/issues/", "user": 3, "is_ajax": false, "time": "2016-03-23T19:27:55.983Z", "path": "/media/covers/v1n1_cover_74saUYH.png", "response": 304, "user_agent": "Mozilla/5.0 (Macintosh; Intel Mac OS X 10_11_4) AppleWebKit/601.5.17 (KHTML, like Gecko) Version/9.1 Safari/601.5.17"}, "model": "request.request", "pk": 192}, {"fields": {"is_secure": false, "language": "en-us", "ip": "127.0.0.1", "method": "GET", "referer": "http://localhost:8000/en/ogf/issues/", "user": 3, "is_ajax": false, "time": "2016-03-23T19:27:55.985Z", "path": "/media/covers/v3n1_cover_D9hShXw.png", "response": 304, "user_agent": "Mozilla/5.0 (Macintosh; Intel Mac OS X 10_11_4) AppleWebKit/601.5.17 (KHTML, like Gecko) Version/9.1 Safari/601.5.17"}, "model": "request.request", "pk": 193}, {"fields": {"is_secure": false, "language": "en-us", "ip": "127.0.0.1", "method": "GET", "referer": "http://localhost:8000/en/ogf/issues/", "user": 3, "is_ajax": false, "time": "2016-03-23T19:27:56.002Z", "path": "/media/covers/v4n1_cover_dwqoXwg.png", "response": 304, "user_agent": "Mozilla/5.0 (Macintosh; Intel Mac OS X 10_11_4) AppleWebKit/601.5.17 (KHTML, like Gecko) Version/9.1 Safari/601.5.17"}, "model": "request.request", "pk": 194}, {"fields": {"is_secure": false, "language": "en-us", "ip": "127.0.0.1", "method": "GET", "referer": "http://localhost:8000/en/ogf/issues/", "user": 3, "is_ajax": false, "time": "2016-03-23T19:27:56.085Z", "path": "/media/covers/v2n6_cover_cGEprma.png", "response": 304, "user_agent": "Mozilla/5.0 (Macintosh; Intel Mac OS X 10_11_4) AppleWebKit/601.5.17 (KHTML, like Gecko) Version/9.1 Safari/601.5.17"}, "model": "request.request", "pk": 195}, {"fields": {"is_secure": false, "language": "en-us", "ip": "127.0.0.1", "method": "GET", "referer": "http://localhost:8000/en/ogf/issues/", "user": 3, "is_ajax": false, "time": "2016-03-23T19:27:56.090Z", "path": "/media/covers/v2n2_cover_iwF7caF.png", "response": 304, "user_agent": "Mozilla/5.0 (Macintosh; Intel Mac OS X 10_11_4) AppleWebKit/601.5.17 (KHTML, like Gecko) Version/9.1 Safari/601.5.17"}, "model": "request.request", "pk": 196}, {"fields": {"is_secure": false, "language": "en-us", "ip": "127.0.0.1", "method": "GET", "referer": "http://localhost:8000/en/ogf/issues/", "user": 3, "is_ajax": false, "time": "2016-03-23T19:27:56.006Z", "path": "/media/covers/v3n4_cover_KQTRLT9.png", "response": 304, "user_agent": "Mozilla/5.0 (Macintosh; Intel Mac OS X 10_11_4) AppleWebKit/601.5.17 (KHTML, like Gecko) Version/9.1 Safari/601.5.17"}, "model": "request.request", "pk": 197}, {"fields": {"is_secure": false, "language": "en-us", "ip": "127.0.0.1", "method": "GET", "referer": "http://localhost:8000/en/ogf/issues/", "user": 3, "is_ajax": false, "time": "2016-03-23T19:27:56.124Z", "path": "/media/covers/v3n2_cover_5THXtkU.png", "response": 304, "user_agent": "Mozilla/5.0 (Macintosh; Intel Mac OS X 10_11_4) AppleWebKit/601.5.17 (KHTML, like Gecko) Version/9.1 Safari/601.5.17"}, "model": "request.request", "pk": 198}, {"fields": {"is_secure": false, "language": "en-us", "ip": "127.0.0.1", "method": "GET", "referer": "http://localhost:8000/en/ogf/issues/", "user": 3, "is_ajax": false, "time": "2016-03-23T19:27:56.211Z", "path": "/media/covers/v1n6_cover_Iuabafc.png", "response": 304, "user_agent": "Mozilla/5.0 (Macintosh; Intel Mac OS X 10_11_4) AppleWebKit/601.5.17 (KHTML, like Gecko) Version/9.1 Safari/601.5.17"}, "model": "request.request", "pk": 199}, {"fields": {"is_secure": false, "language": "en-us", "ip": "127.0.0.1", "method": "GET", "referer": "http://localhost:8000/en/ogf/issues/", "user": 3, "is_ajax": false, "time": "2016-03-23T19:27:55.716Z", "path": "/media/covers/v4n2_cover_sHadclQ.png", "response": 304, "user_agent": "Mozilla/5.0 (Macintosh; Intel Mac OS X 10_11_4) AppleWebKit/601.5.17 (KHTML, like Gecko) Version/9.1 Safari/601.5.17"}, "model": "request.request", "pk": 200}, {"fields": {"is_secure": false, "language": "en-us", "ip": "127.0.0.1", "method": "GET", "referer": "http://localhost:8000/en/ogf/issues/", "user": 3, "is_ajax": false, "time": "2016-03-23T19:27:56.278Z", "path": "/media/covers/v1n2_cover_jZA6r8g.png", "response": 304, "user_agent": "Mozilla/5.0 (Macintosh; Intel Mac OS X 10_11_4) AppleWebKit/601.5.17 (KHTML, like Gecko) Version/9.1 Safari/601.5.17"}, "model": "request.request", "pk": 201}, {"fields": {"is_secure": false, "language": "en-us", "ip": "127.0.0.1", "method": "GET", "referer": "http://localhost:8000/en/ogf/issues/", "user": 3, "is_ajax": false, "time": "2016-03-23T19:27:56.283Z", "path": "/media/covers/v2n4_cover_DB4rLsx.png", "response": 304, "user_agent": "Mozilla/5.0 (Macintosh; Intel Mac OS X 10_11_4) AppleWebKit/601.5.17 (KHTML, like Gecko) Version/9.1 Safari/601.5.17"}, "model": "request.request", "pk": 202}, {"fields": {"is_secure": false, "language": "en-us", "ip": "127.0.0.1", "method": "GET", "referer": "http://localhost:8000/en/ogf/issues/", "user": 3, "is_ajax": false, "time": "2016-03-23T19:27:56.289Z", "path": "/media/covers/v1n4_cover_ZYtIeSI.png", "response": 304, "user_agent": "Mozilla/5.0 (Macintosh; Intel Mac OS X 10_11_4) AppleWebKit/601.5.17 (KHTML, like Gecko) Version/9.1 Safari/601.5.17"}, "model": "request.request", "pk": 203}, {"fields": {"is_secure": false, "language": "en-us", "ip": "127.0.0.1", "method": "GET", "referer": "http://localhost:8000/en/ogf/issues/", "user": 3, "is_ajax": false, "time": "2016-03-23T19:27:56.309Z", "path": "/media/covers/v3n6_cover_JcVJQOF.png", "response": 304, "user_agent": "Mozilla/5.0 (Macintosh; Intel Mac OS X 10_11_4) AppleWebKit/601.5.17 (KHTML, like Gecko) Version/9.1 Safari/601.5.17"}, "model": "request.request", "pk": 204}, {"fields": {"is_secure": false, "language": "en-us", "ip": "127.0.0.1", "method": "GET", "referer": "http://localhost:8000/en/ogf/issues/", "user": 3, "is_ajax": false, "time": "2016-03-23T19:28:06.794Z", "path": "/en/ogf/issues/", "response": 200, "user_agent": "Mozilla/5.0 (Macintosh; Intel Mac OS X 10_11_4) AppleWebKit/601.5.17 (KHTML, like Gecko) Version/9.1 Safari/601.5.17"}, "model": "request.request", "pk": 205}, {"fields": {"is_secure": false, "language": "en-us", "ip": "127.0.0.1", "method": "GET", "referer": "http://localhost:8000/en/ogf/issues/", "user": 3, "is_ajax": false, "time": "2016-03-23T19:28:12.806Z", "path": "/en/ogf/issues/", "response": 200, "user_agent": "Mozilla/5.0 (Macintosh; Intel Mac OS X 10_11_4) AppleWebKit/601.5.17 (KHTML, like Gecko) Version/9.1 Safari/601.5.17"}, "model": "request.request", "pk": 206}, {"fields": {"is_secure": false, "language": "en-us", "ip": "127.0.0.1", "method": "POST", "referer": "http://localhost:8000/en/ogf/issues/?edit", "user": 3, "is_ajax": true, "time": "2016-03-23T19:28:18.674Z", "path": "/en/admin/cms/page/add-plugin/", "response": 200, "user_agent": "Mozilla/5.0 (Macintosh; Intel Mac OS X 10_11_4) AppleWebKit/601.5.17 (KHTML, like Gecko) Version/9.1 Safari/601.5.17"}, "model": "request.request", "pk": 207}, {"fields": {"is_secure": false, "language": "en-us", "ip": "127.0.0.1", "method": "GET", "referer": "http://localhost:8000/en/ogf/issues/?edit", "user": 3, "is_ajax": false, "time": "2016-03-23T19:28:18.726Z", "path": "/en/admin/cms/page/edit-plugin/309/", "response": 200, "user_agent": "Mozilla/5.0 (Macintosh; Intel Mac OS X 10_11_4) AppleWebKit/601.5.17 (KHTML, like Gecko) Version/9.1 Safari/601.5.17"}, "model": "request.request", "pk": 208}, {"fields": {"is_secure": false, "language": "en-us", "ip": "127.0.0.1", "method": "GET", "referer": "http://localhost:8000/en/admin/cms/page/edit-plugin/309/", "user": 3, "is_ajax": false, "time": "2016-03-23T19:28:18.773Z", "path": "/en/admin/jsi18n/", "response": 200, "user_agent": "Mozilla/5.0 (Macintosh; Intel Mac OS X 10_11_4) AppleWebKit/601.5.17 (KHTML, like Gecko) Version/9.1 Safari/601.5.17"}, "model": "request.request", "pk": 209}, {"fields": {"is_secure": false, "language": "en-us", "ip": "127.0.0.1", "method": "POST", "referer": "http://localhost:8000/en/admin/cms/page/edit-plugin/309/", "user": 3, "is_ajax": false, "time": "2016-03-23T19:28:28.612Z", "path": "/en/admin/cms/page/edit-plugin/309/", "response": 200, "user_agent": "Mozilla/5.0 (Macintosh; Intel Mac OS X 10_11_4) AppleWebKit/601.5.17 (KHTML, like Gecko) Version/9.1 Safari/601.5.17"}, "model": "request.request", "pk": 210}, {"fields": {"is_secure": false, "language": "en-us", "ip": "127.0.0.1", "method": "GET", "referer": "http://localhost:8000/en/admin/cms/page/edit-plugin/309/", "user": 3, "is_ajax": false, "time": "2016-03-23T19:28:28.637Z", "path": "/en/admin/jsi18n/", "response": 200, "user_agent": "Mozilla/5.0 (Macintosh; Intel Mac OS X 10_11_4) AppleWebKit/601.5.17 (KHTML, like Gecko) Version/9.1 Safari/601.5.17"}, "model": "request.request", "pk": 211}, {"fields": {"is_secure": false, "language": "en-us", "ip": "127.0.0.1", "method": "GET", "referer": "http://localhost:8000/en/ogf/issues/?edit", "user": 3, "is_ajax": true, "time": "2016-03-23T19:28:28.659Z", "path": "/en/admin/cms/page/resolve/", "response": 200, "user_agent": "Mozilla/5.0 (Macintosh; Intel Mac OS X 10_11_4) AppleWebKit/601.5.17 (KHTML, like Gecko) Version/9.1 Safari/601.5.17"}, "model": "request.request", "pk": 212}, {"fields": {"is_secure": false, "language": "en-us", "ip": "127.0.0.1", "method": "GET", "referer": "http://localhost:8000/en/ogf/issues/?edit", "user": 3, "is_ajax": false, "time": "2016-03-23T19:28:29.009Z", "path": "/en/ogf/issues/", "response": 200, "user_agent": "Mozilla/5.0 (Macintosh; Intel Mac OS X 10_11_4) AppleWebKit/601.5.17 (KHTML, like Gecko) Version/9.1 Safari/601.5.17"}, "model": "request.request", "pk": 213}, {"fields": {"is_secure": false, "language": "en-us", "ip": "127.0.0.1", "method": "GET", "referer": "http://localhost:8000/en/ogf/issues/", "user": 3, "is_ajax": false, "time": "2016-03-23T19:28:29.308Z", "path": "/media/covers/v4n4_cover_oo9sZCG.png", "response": 304, "user_agent": "Mozilla/5.0 (Macintosh; Intel Mac OS X 10_11_4) AppleWebKit/601.5.17 (KHTML, like Gecko) Version/9.1 Safari/601.5.17"}, "model": "request.request", "pk": 214}, {"fields": {"is_secure": false, "language": "en-us", "ip": "127.0.0.1", "method": "GET", "referer": "http://localhost:8000/en/ogf/people/?edit_off=true", "user": 3, "is_ajax": false, "time": "2016-03-23T19:28:29.314Z", "path": "/media/covers/v5n1_cover_rMFE4z7.png", "response": 304, "user_agent": "Mozilla/5.0 (Macintosh; Intel Mac OS X 10_11_4) AppleWebKit/601.5.17 (KHTML, like Gecko) Version/9.1 Safari/601.5.17"}, "model": "request.request", "pk": 215}, {"fields": {"is_secure": false, "language": "en-us", "ip": "127.0.0.1", "method": "GET", "referer": "http://localhost:8000/en/ogf/issues/", "user": 3, "is_ajax": false, "time": "2016-03-23T19:28:29.325Z", "path": "/media/covers/v4n5_cover_XpyWYhP.png", "response": 304, "user_agent": "Mozilla/5.0 (Macintosh; Intel Mac OS X 10_11_4) AppleWebKit/601.5.17 (KHTML, like Gecko) Version/9.1 Safari/601.5.17"}, "model": "request.request", "pk": 216}, {"fields": {"is_secure": false, "language": "en-us", "ip": "127.0.0.1", "method": "GET", "referer": "http://localhost:8000/en/ogf/issues/", "user": 3, "is_ajax": false, "time": "2016-03-23T19:28:29.334Z", "path": "/media/covers/v4n2_cover_sHadclQ.png", "response": 304, "user_agent": "Mozilla/5.0 (Macintosh; Intel Mac OS X 10_11_4) AppleWebKit/601.5.17 (KHTML, like Gecko) Version/9.1 Safari/601.5.17"}, "model": "request.request", "pk": 217}, {"fields": {"is_secure": false, "language": "en-us", "ip": "127.0.0.1", "method": "GET", "referer": "http://localhost:8000/en/ogf/issues/", "user": 3, "is_ajax": false, "time": "2016-03-23T19:28:29.331Z", "path": "/media/covers/v4n3_cover_lryThqQ.png", "response": 304, "user_agent": "Mozilla/5.0 (Macintosh; Intel Mac OS X 10_11_4) AppleWebKit/601.5.17 (KHTML, like Gecko) Version/9.1 Safari/601.5.17"}, "model": "request.request", "pk": 218}, {"fields": {"is_secure": false, "language": "en-us", "ip": "127.0.0.1", "method": "GET", "referer": "http://localhost:8000/en/ogf/issues/", "user": 3, "is_ajax": false, "time": "2016-03-23T19:28:29.310Z", "path": "/media/covers/v4n6_cover_2VBB3Yv.png", "response": 304, "user_agent": "Mozilla/5.0 (Macintosh; Intel Mac OS X 10_11_4) AppleWebKit/601.5.17 (KHTML, like Gecko) Version/9.1 Safari/601.5.17"}, "model": "request.request", "pk": 219}, {"fields": {"is_secure": false, "language": "en-us", "ip": "127.0.0.1", "method": "GET", "referer": "http://localhost:8000/en/ogf/issues/", "user": 3, "is_ajax": false, "time": "2016-03-23T19:28:29.400Z", "path": "/media/covers/v3n5_cover_FiwGLny.png", "response": 304, "user_agent": "Mozilla/5.0 (Macintosh; Intel Mac OS X 10_11_4) AppleWebKit/601.5.17 (KHTML, like Gecko) Version/9.1 Safari/601.5.17"}, "model": "request.request", "pk": 220}, {"fields": {"is_secure": false, "language": "en-us", "ip": "127.0.0.1", "method": "GET", "referer": "http://localhost:8000/en/ogf/issues/", "user": 3, "is_ajax": false, "time": "2016-03-23T19:28:29.519Z", "path": "/media/covers/v3n1_cover_D9hShXw.png", "response": 304, "user_agent": "Mozilla/5.0 (Macintosh; Intel Mac OS X 10_11_4) AppleWebKit/601.5.17 (KHTML, like Gecko) Version/9.1 Safari/601.5.17"}, "model": "request.request", "pk": 221}, {"fields": {"is_secure": false, "language": "en-us", "ip": "127.0.0.1", "method": "GET", "referer": "http://localhost:8000/en/ogf/issues/", "user": 3, "is_ajax": false, "time": "2016-03-23T19:28:29.526Z", "path": "/media/covers/v2n1_cover_26i6swX.png", "response": 304, "user_agent": "Mozilla/5.0 (Macintosh; Intel Mac OS X 10_11_4) AppleWebKit/601.5.17 (KHTML, like Gecko) Version/9.1 Safari/601.5.17"}, "model": "request.request", "pk": 222}, {"fields": {"is_secure": false, "language": "en-us", "ip": "127.0.0.1", "method": "GET", "referer": "http://localhost:8000/en/ogf/issues/", "user": 3, "is_ajax": false, "time": "2016-03-23T19:28:29.535Z", "path": "/media/covers/v2n5_cover_elCnGOh.png", "response": 304, "user_agent": "Mozilla/5.0 (Macintosh; Intel Mac OS X 10_11_4) AppleWebKit/601.5.17 (KHTML, like Gecko) Version/9.1 Safari/601.5.17"}, "model": "request.request", "pk": 223}, {"fields": {"is_secure": false, "language": "en-us", "ip": "127.0.0.1", "method": "GET", "referer": "http://localhost:8000/en/ogf/issues/", "user": 3, "is_ajax": false, "time": "2016-03-23T19:28:29.528Z", "path": "/media/covers/v2n3_cover_5AnDWYr.png", "response": 304, "user_agent": "Mozilla/5.0 (Macintosh; Intel Mac OS X 10_11_4) AppleWebKit/601.5.17 (KHTML, like Gecko) Version/9.1 Safari/601.5.17"}, "model": "request.request", "pk": 224}, {"fields": {"is_secure": false, "language": "en-us", "ip": "127.0.0.1", "method": "GET", "referer": "http://localhost:8000/en/ogf/issues/", "user": 3, "is_ajax": false, "time": "2016-03-23T19:28:29.689Z", "path": "/media/covers/v3n4_cover_KQTRLT9.png", "response": 304, "user_agent": "Mozilla/5.0 (Macintosh; Intel Mac OS X 10_11_4) AppleWebKit/601.5.17 (KHTML, like Gecko) Version/9.1 Safari/601.5.17"}, "model": "request.request", "pk": 225}, {"fields": {"is_secure": false, "language": "en-us", "ip": "127.0.0.1", "method": "GET", "referer": "http://localhost:8000/en/ogf/issues/", "user": 3, "is_ajax": false, "time": "2016-03-23T19:28:29.590Z", "path": "/media/covers/v1n5_cover_abhBIZu.png", "response": 304, "user_agent": "Mozilla/5.0 (Macintosh; Intel Mac OS X 10_11_4) AppleWebKit/601.5.17 (KHTML, like Gecko) Version/9.1 Safari/601.5.17"}, "model": "request.request", "pk": 226}, {"fields": {"is_secure": false, "language": "en-us", "ip": "127.0.0.1", "method": "GET", "referer": "http://localhost:8000/en/ogf/issues/", "user": 3, "is_ajax": false, "time": "2016-03-23T19:28:29.786Z", "path": "/media/covers/v1n1_cover_74saUYH.png", "response": 304, "user_agent": "Mozilla/5.0 (Macintosh; Intel Mac OS X 10_11_4) AppleWebKit/601.5.17 (KHTML, like Gecko) Version/9.1 Safari/601.5.17"}, "model": "request.request", "pk": 227}, {"fields": {"is_secure": false, "language": "en-us", "ip": "127.0.0.1", "method": "GET", "referer": "http://localhost:8000/en/ogf/issues/", "user": 3, "is_ajax": false, "time": "2016-03-23T19:28:29.794Z", "path": "/media/covers/v2n6_cover_cGEprma.png", "response": 304, "user_agent": "Mozilla/5.0 (Macintosh; Intel Mac OS X 10_11_4) AppleWebKit/601.5.17 (KHTML, like Gecko) Version/9.1 Safari/601.5.17"}, "model": "request.request", "pk": 228}, {"fields": {"is_secure": false, "language": "en-us", "ip": "127.0.0.1", "method": "GET", "referer": "http://localhost:8000/en/ogf/issues/", "user": 3, "is_ajax": false, "time": "2016-03-23T19:28:29.799Z", "path": "/media/covers/v1n3_cover_bLBEtRA.png", "response": 304, "user_agent": "Mozilla/5.0 (Macintosh; Intel Mac OS X 10_11_4) AppleWebKit/601.5.17 (KHTML, like Gecko) Version/9.1 Safari/601.5.17"}, "model": "request.request", "pk": 229}, {"fields": {"is_secure": false, "language": "en-us", "ip": "127.0.0.1", "method": "GET", "referer": "http://localhost:8000/en/ogf/issues/", "user": 3, "is_ajax": false, "time": "2016-03-23T19:28:29.794Z", "path": "/media/covers/v3n3_cover_VLsMIYl.png", "response": 304, "user_agent": "Mozilla/5.0 (Macintosh; Intel Mac OS X 10_11_4) AppleWebKit/601.5.17 (KHTML, like Gecko) Version/9.1 Safari/601.5.17"}, "model": "request.request", "pk": 230}, {"fields": {"is_secure": false, "language": "en-us", "ip": "127.0.0.1", "method": "GET", "referer": "http://localhost:8000/en/ogf/issues/", "user": 3, "is_ajax": false, "time": "2016-03-23T19:28:29.823Z", "path": "/media/covers/v2n2_cover_iwF7caF.png", "response": 304, "user_agent": "Mozilla/5.0 (Macintosh; Intel Mac OS X 10_11_4) AppleWebKit/601.5.17 (KHTML, like Gecko) Version/9.1 Safari/601.5.17"}, "model": "request.request", "pk": 231}, {"fields": {"is_secure": false, "language": "en-us", "ip": "127.0.0.1", "method": "GET", "referer": "http://localhost:8000/en/ogf/issues/", "user": 3, "is_ajax": false, "time": "2016-03-23T19:28:29.816Z", "path": "/media/covers/v4n1_cover_dwqoXwg.png", "response": 304, "user_agent": "Mozilla/5.0 (Macintosh; Intel Mac OS X 10_11_4) AppleWebKit/601.5.17 (KHTML, like Gecko) Version/9.1 Safari/601.5.17"}, "model": "request.request", "pk": 232}, {"fields": {"is_secure": false, "language": "en-us", "ip": "127.0.0.1", "method": "GET", "referer": "http://localhost:8000/en/ogf/issues/", "user": 3, "is_ajax": false, "time": "2016-03-23T19:28:29.886Z", "path": "/media/covers/v1n6_cover_Iuabafc.png", "response": 304, "user_agent": "Mozilla/5.0 (Macintosh; Intel Mac OS X 10_11_4) AppleWebKit/601.5.17 (KHTML, like Gecko) Version/9.1 Safari/601.5.17"}, "model": "request.request", "pk": 233}, {"fields": {"is_secure": false, "language": "en-us", "ip": "127.0.0.1", "method": "GET", "referer": "http://localhost:8000/en/ogf/issues/", "user": 3, "is_ajax": false, "time": "2016-03-23T19:28:29.966Z", "path": "/media/covers/v3n2_cover_5THXtkU.png", "response": 304, "user_agent": "Mozilla/5.0 (Macintosh; Intel Mac OS X 10_11_4) AppleWebKit/601.5.17 (KHTML, like Gecko) Version/9.1 Safari/601.5.17"}, "model": "request.request", "pk": 234}, {"fields": {"is_secure": false, "language": "en-us", "ip": "127.0.0.1", "method": "GET", "referer": "http://localhost:8000/en/ogf/issues/", "user": 3, "is_ajax": false, "time": "2016-03-23T19:28:29.970Z", "path": "/media/covers/v1n2_cover_jZA6r8g.png", "response": 304, "user_agent": "Mozilla/5.0 (Macintosh; Intel Mac OS X 10_11_4) AppleWebKit/601.5.17 (KHTML, like Gecko) Version/9.1 Safari/601.5.17"}, "model": "request.request", "pk": 235}, {"fields": {"is_secure": false, "language": "en-us", "ip": "127.0.0.1", "method": "GET", "referer": "http://localhost:8000/en/ogf/issues/", "user": 3, "is_ajax": false, "time": "2016-03-23T19:28:29.975Z", "path": "/media/covers/v2n4_cover_DB4rLsx.png", "response": 304, "user_agent": "Mozilla/5.0 (Macintosh; Intel Mac OS X 10_11_4) AppleWebKit/601.5.17 (KHTML, like Gecko) Version/9.1 Safari/601.5.17"}, "model": "request.request", "pk": 236}, {"fields": {"is_secure": false, "language": "en-us", "ip": "127.0.0.1", "method": "GET", "referer": "http://localhost:8000/en/ogf/issues/", "user": 3, "is_ajax": false, "time": "2016-03-23T19:28:29.897Z", "path": "/media/covers/v1n4_cover_ZYtIeSI.png", "response": 304, "user_agent": "Mozilla/5.0 (Macintosh; Intel Mac OS X 10_11_4) AppleWebKit/601.5.17 (KHTML, like Gecko) Version/9.1 Safari/601.5.17"}, "model": "request.request", "pk": 237}, {"fields": {"is_secure": false, "language": "en-us", "ip": "127.0.0.1", "method": "GET", "referer": "http://localhost:8000/en/ogf/issues/", "user": 3, "is_ajax": false, "time": "2016-03-23T19:28:29.896Z", "path": "/media/covers/v3n6_cover_JcVJQOF.png", "response": 304, "user_agent": "Mozilla/5.0 (Macintosh; Intel Mac OS X 10_11_4) AppleWebKit/601.5.17 (KHTML, like Gecko) Version/9.1 Safari/601.5.17"}, "model": "request.request", "pk": 238}, {"fields": {"is_secure": false, "language": "en-us", "ip": "127.0.0.1", "method": "POST", "referer": "http://localhost:8000/en/ogf/issues/?edit", "user": 3, "is_ajax": true, "time": "2016-03-23T19:28:42.592Z", "path": "/en/admin/cms/page/add-plugin/", "response": 200, "user_agent": "Mozilla/5.0 (Macintosh; Intel Mac OS X 10_11_4) AppleWebKit/601.5.17 (KHTML, like Gecko) Version/9.1 Safari/601.5.17"}, "model": "request.request", "pk": 239}, {"fields": {"is_secure": false, "language": "en-us", "ip": "127.0.0.1", "method": "GET", "referer": "http://localhost:8000/en/ogf/issues/?edit", "user": 3, "is_ajax": false, "time": "2016-03-23T19:28:42.647Z", "path": "/en/admin/cms/page/edit-plugin/310/", "response": 200, "user_agent": "Mozilla/5.0 (Macintosh; Intel Mac OS X 10_11_4) AppleWebKit/601.5.17 (KHTML, like Gecko) Version/9.1 Safari/601.5.17"}, "model": "request.request", "pk": 240}, {"fields": {"is_secure": false, "language": "en-us", "ip": "127.0.0.1", "method": "GET", "referer": "http://localhost:8000/en/admin/cms/page/edit-plugin/310/", "user": 3, "is_ajax": false, "time": "2016-03-23T19:28:42.669Z", "path": "/en/admin/jsi18n/", "response": 200, "user_agent": "Mozilla/5.0 (Macintosh; Intel Mac OS X 10_11_4) AppleWebKit/601.5.17 (KHTML, like Gecko) Version/9.1 Safari/601.5.17"}, "model": "request.request", "pk": 241}, {"fields": {"is_secure": false, "language": "en-us", "ip": "127.0.0.1", "method": "POST", "referer": "http://localhost:8000/en/admin/cms/page/edit-plugin/310/", "user": 3, "is_ajax": false, "time": "2016-03-23T19:28:55.692Z", "path": "/en/admin/cms/page/edit-plugin/310/", "response": 200, "user_agent": "Mozilla/5.0 (Macintosh; Intel Mac OS X 10_11_4) AppleWebKit/601.5.17 (KHTML, like Gecko) Version/9.1 Safari/601.5.17"}, "model": "request.request", "pk": 242}, {"fields": {"is_secure": false, "language": "en-us", "ip": "127.0.0.1", "method": "GET", "referer": "http://localhost:8000/en/admin/cms/page/edit-plugin/310/", "user": 3, "is_ajax": false, "time": "2016-03-23T19:28:55.718Z", "path": "/en/admin/jsi18n/", "response": 200, "user_agent": "Mozilla/5.0 (Macintosh; Intel Mac OS X 10_11_4) AppleWebKit/601.5.17 (KHTML, like Gecko) Version/9.1 Safari/601.5.17"}, "model": "request.request", "pk": 243}, {"fields": {"is_secure": false, "language": "en-us", "ip": "127.0.0.1", "method": "GET", "referer": "http://localhost:8000/en/ogf/issues/?edit", "user": 3, "is_ajax": true, "time": "2016-03-23T19:28:55.741Z", "path": "/en/admin/cms/page/resolve/", "response": 200, "user_agent": "Mozilla/5.0 (Macintosh; Intel Mac OS X 10_11_4) AppleWebKit/601.5.17 (KHTML, like Gecko) Version/9.1 Safari/601.5.17"}, "model": "request.request", "pk": 244}, {"fields": {"is_secure": false, "language": "en-us", "ip": "127.0.0.1", "method": "GET", "referer": "http://localhost:8000/en/ogf/issues/?edit", "user": 3, "is_ajax": false, "time": "2016-03-23T19:28:56.110Z", "path": "/en/ogf/issues/", "response": 200, "user_agent": "Mozilla/5.0 (Macintosh; Intel Mac OS X 10_11_4) AppleWebKit/601.5.17 (KHTML, like Gecko) Version/9.1 Safari/601.5.17"}, "model": "request.request", "pk": 245}, {"fields": {"is_secure": false, "language": "en-us", "ip": "127.0.0.1", "method": "GET", "referer": "http://localhost:8000/en/ogf/issues/?edit", "user": 3, "is_ajax": false, "time": "2016-03-23T19:28:56.623Z", "path": "/media/covers/v4n6_cover_2VBB3Yv.png", "response": 200, "user_agent": "Mozilla/5.0 (Macintosh; Intel Mac OS X 10_11_4) AppleWebKit/601.5.17 (KHTML, like Gecko) Version/9.1 Safari/601.5.17"}, "model": "request.request", "pk": 246}, {"fields": {"is_secure": false, "language": "en-us", "ip": "127.0.0.1", "method": "GET", "referer": "http://localhost:8000/en/ogf/issues/?edit", "user": 3, "is_ajax": false, "time": "2016-03-23T19:28:56.742Z", "path": "/media/covers/v4n5_cover_XpyWYhP.png", "response": 200, "user_agent": "Mozilla/5.0 (Macintosh; Intel Mac OS X 10_11_4) AppleWebKit/601.5.17 (KHTML, like Gecko) Version/9.1 Safari/601.5.17"}, "model": "request.request", "pk": 247}, {"fields": {"is_secure": false, "language": "en-us", "ip": "127.0.0.1", "method": "GET", "referer": "http://localhost:8000/en/ogf/issues/?edit", "user": 3, "is_ajax": false, "time": "2016-03-23T19:28:56.744Z", "path": "/media/covers/v5n1_cover_rMFE4z7.png", "response": 200, "user_agent": "Mozilla/5.0 (Macintosh; Intel Mac OS X 10_11_4) AppleWebKit/601.5.17 (KHTML, like Gecko) Version/9.1 Safari/601.5.17"}, "model": "request.request", "pk": 248}, {"fields": {"is_secure": false, "language": "en-us", "ip": "127.0.0.1", "method": "GET", "referer": "http://localhost:8000/en/ogf/issues/?edit", "user": 3, "is_ajax": false, "time": "2016-03-23T19:28:56.766Z", "path": "/media/covers/v4n2_cover_sHadclQ.png", "response": 200, "user_agent": "Mozilla/5.0 (Macintosh; Intel Mac OS X 10_11_4) AppleWebKit/601.5.17 (KHTML, like Gecko) Version/9.1 Safari/601.5.17"}, "model": "request.request", "pk": 249}, {"fields": {"is_secure": false, "language": "en-us", "ip": "127.0.0.1", "method": "GET", "referer": "http://localhost:8000/en/ogf/issues/?edit", "user": 3, "is_ajax": false, "time": "2016-03-23T19:28:56.767Z", "path": "/media/covers/v4n3_cover_lryThqQ.png", "response": 200, "user_agent": "Mozilla/5.0 (Macintosh; Intel Mac OS X 10_11_4) AppleWebKit/601.5.17 (KHTML, like Gecko) Version/9.1 Safari/601.5.17"}, "model": "request.request", "pk": 250}, {"fields": {"is_secure": false, "language": "en-us", "ip": "127.0.0.1", "method": "GET", "referer": "http://localhost:8000/en/ogf/issues/?edit", "user": 3, "is_ajax": false, "time": "2016-03-23T19:28:56.766Z", "path": "/media/covers/v4n4_cover_oo9sZCG.png", "response": 200, "user_agent": "Mozilla/5.0 (Macintosh; Intel Mac OS X 10_11_4) AppleWebKit/601.5.17 (KHTML, like Gecko) Version/9.1 Safari/601.5.17"}, "model": "request.request", "pk": 251}, {"fields": {"is_secure": false, "language": "en-us", "ip": "127.0.0.1", "method": "GET", "referer": "http://localhost:8000/en/ogf/issues/?edit", "user": 3, "is_ajax": false, "time": "2016-03-23T19:28:56.767Z", "path": "/media/covers/v3n5_cover_FiwGLny.png", "response": 200, "user_agent": "Mozilla/5.0 (Macintosh; Intel Mac OS X 10_11_4) AppleWebKit/601.5.17 (KHTML, like Gecko) Version/9.1 Safari/601.5.17"}, "model": "request.request", "pk": 252}, {"fields": {"is_secure": false, "language": "en-us", "ip": "127.0.0.1", "method": "GET", "referer": "http://localhost:8000/en/ogf/issues/?edit", "user": 3, "is_ajax": false, "time": "2016-03-23T19:28:56.829Z", "path": "/media/covers/v3n3_cover_VLsMIYl.png", "response": 200, "user_agent": "Mozilla/5.0 (Macintosh; Intel Mac OS X 10_11_4) AppleWebKit/601.5.17 (KHTML, like Gecko) Version/9.1 Safari/601.5.17"}, "model": "request.request", "pk": 253}, {"fields": {"is_secure": false, "language": "en-us", "ip": "127.0.0.1", "method": "GET", "referer": "http://localhost:8000/en/ogf/issues/?edit", "user": 3, "is_ajax": false, "time": "2016-03-23T19:28:56.829Z", "path": "/media/covers/v2n5_cover_elCnGOh.png", "response": 200, "user_agent": "Mozilla/5.0 (Macintosh; Intel Mac OS X 10_11_4) AppleWebKit/601.5.17 (KHTML, like Gecko) Version/9.1 Safari/601.5.17"}, "model": "request.request", "pk": 254}, {"fields": {"is_secure": false, "language": "en-us", "ip": "127.0.0.1", "method": "GET", "referer": "http://localhost:8000/en/ogf/issues/?edit", "user": 3, "is_ajax": false, "time": "2016-03-23T19:28:56.921Z", "path": "/media/covers/v3n1_cover_D9hShXw.png", "response": 200, "user_agent": "Mozilla/5.0 (Macintosh; Intel Mac OS X 10_11_4) AppleWebKit/601.5.17 (KHTML, like Gecko) Version/9.1 Safari/601.5.17"}, "model": "request.request", "pk": 255}, {"fields": {"is_secure": false, "language": "en-us", "ip": "127.0.0.1", "method": "GET", "referer": "http://localhost:8000/en/ogf/issues/?edit", "user": 3, "is_ajax": false, "time": "2016-03-23T19:28:56.919Z", "path": "/media/covers/v2n3_cover_5AnDWYr.png", "response": 200, "user_agent": "Mozilla/5.0 (Macintosh; Intel Mac OS X 10_11_4) AppleWebKit/601.5.17 (KHTML, like Gecko) Version/9.1 Safari/601.5.17"}, "model": "request.request", "pk": 256}, {"fields": {"is_secure": false, "language": "en-us", "ip": "127.0.0.1", "method": "GET", "referer": "http://localhost:8000/en/ogf/issues/?edit", "user": 3, "is_ajax": false, "time": "2016-03-23T19:28:56.933Z", "path": "/media/covers/v1n5_cover_abhBIZu.png", "response": 200, "user_agent": "Mozilla/5.0 (Macintosh; Intel Mac OS X 10_11_4) AppleWebKit/601.5.17 (KHTML, like Gecko) Version/9.1 Safari/601.5.17"}, "model": "request.request", "pk": 257}, {"fields": {"is_secure": false, "language": "en-us", "ip": "127.0.0.1", "method": "GET", "referer": "http://localhost:8000/en/ogf/issues/?edit", "user": 3, "is_ajax": false, "time": "2016-03-23T19:28:56.936Z", "path": "/media/covers/v1n3_cover_bLBEtRA.png", "response": 200, "user_agent": "Mozilla/5.0 (Macintosh; Intel Mac OS X 10_11_4) AppleWebKit/601.5.17 (KHTML, like Gecko) Version/9.1 Safari/601.5.17"}, "model": "request.request", "pk": 258}, {"fields": {"is_secure": false, "language": "en-us", "ip": "127.0.0.1", "method": "GET", "referer": "http://localhost:8000/en/ogf/issues/?edit", "user": 3, "is_ajax": false, "time": "2016-03-23T19:28:57.026Z", "path": "/media/covers/v4n1_cover_dwqoXwg.png", "response": 200, "user_agent": "Mozilla/5.0 (Macintosh; Intel Mac OS X 10_11_4) AppleWebKit/601.5.17 (KHTML, like Gecko) Version/9.1 Safari/601.5.17"}, "model": "request.request", "pk": 259}, {"fields": {"is_secure": false, "language": "en-us", "ip": "127.0.0.1", "method": "GET", "referer": "http://localhost:8000/en/ogf/issues/?edit", "user": 3, "is_ajax": false, "time": "2016-03-23T19:28:57.144Z", "path": "/media/covers/v2n2_cover_iwF7caF.png", "response": 200, "user_agent": "Mozilla/5.0 (Macintosh; Intel Mac OS X 10_11_4) AppleWebKit/601.5.17 (KHTML, like Gecko) Version/9.1 Safari/601.5.17"}, "model": "request.request", "pk": 260}, {"fields": {"is_secure": false, "language": "en-us", "ip": "127.0.0.1", "method": "GET", "referer": "http://localhost:8000/en/ogf/issues/?edit", "user": 3, "is_ajax": false, "time": "2016-03-23T19:28:57.146Z", "path": "/media/covers/v3n4_cover_KQTRLT9.png", "response": 200, "user_agent": "Mozilla/5.0 (Macintosh; Intel Mac OS X 10_11_4) AppleWebKit/601.5.17 (KHTML, like Gecko) Version/9.1 Safari/601.5.17"}, "model": "request.request", "pk": 261}, {"fields": {"is_secure": false, "language": "en-us", "ip": "127.0.0.1", "method": "GET", "referer": "http://localhost:8000/en/ogf/issues/?edit", "user": 3, "is_ajax": false, "time": "2016-03-23T19:28:57.151Z", "path": "/media/covers/v1n1_cover_74saUYH.png", "response": 200, "user_agent": "Mozilla/5.0 (Macintosh; Intel Mac OS X 10_11_4) AppleWebKit/601.5.17 (KHTML, like Gecko) Version/9.1 Safari/601.5.17"}, "model": "request.request", "pk": 262}, {"fields": {"is_secure": false, "language": "en-us", "ip": "127.0.0.1", "method": "GET", "referer": "http://localhost:8000/en/ogf/issues/?edit", "user": 3, "is_ajax": false, "time": "2016-03-23T19:28:57.159Z", "path": "/media/covers/v1n4_cover_ZYtIeSI.png", "response": 200, "user_agent": "Mozilla/5.0 (Macintosh; Intel Mac OS X 10_11_4) AppleWebKit/601.5.17 (KHTML, like Gecko) Version/9.1 Safari/601.5.17"}, "model": "request.request", "pk": 263}, {"fields": {"is_secure": false, "language": "en-us", "ip": "127.0.0.1", "method": "GET", "referer": "http://localhost:8000/en/ogf/issues/?edit", "user": 3, "is_ajax": false, "time": "2016-03-23T19:28:57.144Z", "path": "/media/covers/v2n6_cover_cGEprma.png", "response": 200, "user_agent": "Mozilla/5.0 (Macintosh; Intel Mac OS X 10_11_4) AppleWebKit/601.5.17 (KHTML, like Gecko) Version/9.1 Safari/601.5.17"}, "model": "request.request", "pk": 264}, {"fields": {"is_secure": false, "language": "en-us", "ip": "127.0.0.1", "method": "GET", "referer": "http://localhost:8000/en/ogf/issues/?edit", "user": 3, "is_ajax": false, "time": "2016-03-23T19:28:57.190Z", "path": "/media/covers/v3n2_cover_5THXtkU.png", "response": 200, "user_agent": "Mozilla/5.0 (Macintosh; Intel Mac OS X 10_11_4) AppleWebKit/601.5.17 (KHTML, like Gecko) Version/9.1 Safari/601.5.17"}, "model": "request.request", "pk": 265}, {"fields": {"is_secure": false, "language": "en-us", "ip": "127.0.0.1", "method": "GET", "referer": "http://localhost:8000/en/ogf/issues/?edit", "user": 3, "is_ajax": false, "time": "2016-03-23T19:28:57.313Z", "path": "/media/covers/v3n6_cover_JcVJQOF.png", "response": 200, "user_agent": "Mozilla/5.0 (Macintosh; Intel Mac OS X 10_11_4) AppleWebKit/601.5.17 (KHTML, like Gecko) Version/9.1 Safari/601.5.17"}, "model": "request.request", "pk": 266}, {"fields": {"is_secure": false, "language": "en-us", "ip": "127.0.0.1", "method": "GET", "referer": "http://localhost:8000/en/ogf/issues/?edit", "user": 3, "is_ajax": false, "time": "2016-03-23T19:28:56.970Z", "path": "/media/covers/v2n1_cover_26i6swX.png", "response": 200, "user_agent": "Mozilla/5.0 (Macintosh; Intel Mac OS X 10_11_4) AppleWebKit/601.5.17 (KHTML, like Gecko) Version/9.1 Safari/601.5.17"}, "model": "request.request", "pk": 267}, {"fields": {"is_secure": false, "language": "en-us", "ip": "127.0.0.1", "method": "GET", "referer": "http://localhost:8000/en/ogf/issues/?edit", "user": 3, "is_ajax": false, "time": "2016-03-23T19:28:57.315Z", "path": "/media/covers/v1n6_cover_Iuabafc.png", "response": 200, "user_agent": "Mozilla/5.0 (Macintosh; Intel Mac OS X 10_11_4) AppleWebKit/601.5.17 (KHTML, like Gecko) Version/9.1 Safari/601.5.17"}, "model": "request.request", "pk": 268}, {"fields": {"is_secure": false, "language": "en-us", "ip": "127.0.0.1", "method": "GET", "referer": "http://localhost:8000/en/ogf/issues/?edit", "user": 3, "is_ajax": false, "time": "2016-03-23T19:28:57.321Z", "path": "/media/covers/v1n2_cover_jZA6r8g.png", "response": 200, "user_agent": "Mozilla/5.0 (Macintosh; Intel Mac OS X 10_11_4) AppleWebKit/601.5.17 (KHTML, like Gecko) Version/9.1 Safari/601.5.17"}, "model": "request.request", "pk": 269}, {"fields": {"is_secure": false, "language": "en-us", "ip": "127.0.0.1", "method": "GET", "referer": "http://localhost:8000/en/ogf/issues/?edit", "user": 3, "is_ajax": false, "time": "2016-03-23T19:28:57.315Z", "path": "/media/covers/v2n4_cover_DB4rLsx.png", "response": 200, "user_agent": "Mozilla/5.0 (Macintosh; Intel Mac OS X 10_11_4) AppleWebKit/601.5.17 (KHTML, like Gecko) Version/9.1 Safari/601.5.17"}, "model": "request.request", "pk": 270}, {"fields": {"is_secure": false, "language": "en-us", "ip": "127.0.0.1", "method": "POST", "referer": "http://localhost:8000/en/ogf/issues/?edit", "user": 3, "is_ajax": true, "time": "2016-03-23T19:29:08.357Z", "path": "/en/admin/cms/page/12/en/publish/", "response": 302, "user_agent": "Mozilla/5.0 (Macintosh; Intel Mac OS X 10_11_4) AppleWebKit/601.5.17 (KHTML, like Gecko) Version/9.1 Safari/601.5.17"}, "model": "request.request", "pk": 271}, {"fields": {"is_secure": false, "language": "en-us", "ip": "127.0.0.1", "method": "GET", "referer": "http://localhost:8000/en/ogf/issues/?edit", "user": 3, "is_ajax": true, "time": "2016-03-23T19:29:08.535Z", "path": "/en/ogf/issues/", "response": 200, "user_agent": "Mozilla/5.0 (Macintosh; Intel Mac OS X 10_11_4) AppleWebKit/601.5.17 (KHTML, like Gecko) Version/9.1 Safari/601.5.17"}, "model": "request.request", "pk": 272}, {"fields": {"is_secure": false, "language": "en-us", "ip": "127.0.0.1", "method": "GET", "referer": "http://localhost:8000/en/ogf/issues/?edit", "user": 3, "is_ajax": false, "time": "2016-03-23T19:29:08.705Z", "path": "/en/ogf/issues/", "response": 200, "user_agent": "Mozilla/5.0 (Macintosh; Intel Mac OS X 10_11_4) AppleWebKit/601.5.17 (KHTML, like Gecko) Version/9.1 Safari/601.5.17"}, "model": "request.request", "pk": 273}, {"fields": {"is_secure": false, "language": "en-us", "ip": "127.0.0.1", "method": "GET", "referer": "http://localhost:8000/en/ogf/issues/?edit_off=true", "user": 3, "is_ajax": false, "time": "2016-03-23T19:29:08.822Z", "path": "/media/covers/v4n6_cover_2VBB3Yv.png", "response": 200, "user_agent": "Mozilla/5.0 (Macintosh; Intel Mac OS X 10_11_4) AppleWebKit/601.5.17 (KHTML, like Gecko) Version/9.1 Safari/601.5.17"}, "model": "request.request", "pk": 274}, {"fields": {"is_secure": false, "language": "en-us", "ip": "127.0.0.1", "method": "GET", "referer": "http://localhost:8000/en/ogf/issues/?edit_off=true", "user": 3, "is_ajax": false, "time": "2016-03-23T19:29:08.925Z", "path": "/media/covers/v5n1_cover_rMFE4z7.png", "response": 200, "user_agent": "Mozilla/5.0 (Macintosh; Intel Mac OS X 10_11_4) AppleWebKit/601.5.17 (KHTML, like Gecko) Version/9.1 Safari/601.5.17"}, "model": "request.request", "pk": 275}, {"fields": {"is_secure": false, "language": "en-us", "ip": "127.0.0.1", "method": "GET", "referer": "http://localhost:8000/en/ogf/issues/?edit_off=true", "user": 3, "is_ajax": false, "time": "2016-03-23T19:29:08.931Z", "path": "/media/covers/v4n5_cover_XpyWYhP.png", "response": 200, "user_agent": "Mozilla/5.0 (Macintosh; Intel Mac OS X 10_11_4) AppleWebKit/601.5.17 (KHTML, like Gecko) Version/9.1 Safari/601.5.17"}, "model": "request.request", "pk": 276}, {"fields": {"is_secure": false, "language": "en-us", "ip": "127.0.0.1", "method": "GET", "referer": "http://localhost:8000/en/ogf/issues/?edit_off=true", "user": 3, "is_ajax": false, "time": "2016-03-23T19:29:08.937Z", "path": "/media/covers/v4n4_cover_oo9sZCG.png", "response": 200, "user_agent": "Mozilla/5.0 (Macintosh; Intel Mac OS X 10_11_4) AppleWebKit/601.5.17 (KHTML, like Gecko) Version/9.1 Safari/601.5.17"}, "model": "request.request", "pk": 277}, {"fields": {"is_secure": false, "language": "en-us", "ip": "127.0.0.1", "method": "GET", "referer": "http://localhost:8000/en/ogf/issues/?edit_off=true", "user": 3, "is_ajax": false, "time": "2016-03-23T19:29:08.933Z", "path": "/media/covers/v4n3_cover_lryThqQ.png", "response": 200, "user_agent": "Mozilla/5.0 (Macintosh; Intel Mac OS X 10_11_4) AppleWebKit/601.5.17 (KHTML, like Gecko) Version/9.1 Safari/601.5.17"}, "model": "request.request", "pk": 278}, {"fields": {"is_secure": false, "language": "en-us", "ip": "127.0.0.1", "method": "GET", "referer": "http://localhost:8000/en/ogf/issues/?edit_off=true", "user": 3, "is_ajax": false, "time": "2016-03-23T19:29:08.945Z", "path": "/media/covers/v4n1_cover_dwqoXwg.png", "response": 200, "user_agent": "Mozilla/5.0 (Macintosh; Intel Mac OS X 10_11_4) AppleWebKit/601.5.17 (KHTML, like Gecko) Version/9.1 Safari/601.5.17"}, "model": "request.request", "pk": 279}, {"fields": {"is_secure": false, "language": "en-us", "ip": "127.0.0.1", "method": "GET", "referer": "http://localhost:8000/en/ogf/issues/?edit_off=true", "user": 3, "is_ajax": false, "time": "2016-03-23T19:29:08.937Z", "path": "/media/covers/v4n2_cover_sHadclQ.png", "response": 200, "user_agent": "Mozilla/5.0 (Macintosh; Intel Mac OS X 10_11_4) AppleWebKit/601.5.17 (KHTML, like Gecko) Version/9.1 Safari/601.5.17"}, "model": "request.request", "pk": 280}, {"fields": {"is_secure": false, "language": "en-us", "ip": "127.0.0.1", "method": "GET", "referer": "http://localhost:8000/en/ogf/issues/?edit_off=true", "user": 3, "is_ajax": false, "time": "2016-03-23T19:29:09.066Z", "path": "/media/covers/v2n5_cover_elCnGOh.png", "response": 200, "user_agent": "Mozilla/5.0 (Macintosh; Intel Mac OS X 10_11_4) AppleWebKit/601.5.17 (KHTML, like Gecko) Version/9.1 Safari/601.5.17"}, "model": "request.request", "pk": 281}, {"fields": {"is_secure": false, "language": "en-us", "ip": "127.0.0.1", "method": "GET", "referer": "http://localhost:8000/en/ogf/issues/?edit_off=true", "user": 3, "is_ajax": false, "time": "2016-03-23T19:29:09.084Z", "path": "/media/covers/v3n1_cover_D9hShXw.png", "response": 200, "user_agent": "Mozilla/5.0 (Macintosh; Intel Mac OS X 10_11_4) AppleWebKit/601.5.17 (KHTML, like Gecko) Version/9.1 Safari/601.5.17"}, "model": "request.request", "pk": 282}, {"fields": {"is_secure": false, "language": "en-us", "ip": "127.0.0.1", "method": "GET", "referer": "http://localhost:8000/en/ogf/issues/?edit_off=true", "user": 3, "is_ajax": false, "time": "2016-03-23T19:29:09.096Z", "path": "/media/covers/v3n5_cover_FiwGLny.png", "response": 200, "user_agent": "Mozilla/5.0 (Macintosh; Intel Mac OS X 10_11_4) AppleWebKit/601.5.17 (KHTML, like Gecko) Version/9.1 Safari/601.5.17"}, "model": "request.request", "pk": 283}, {"fields": {"is_secure": false, "language": "en-us", "ip": "127.0.0.1", "method": "GET", "referer": "http://localhost:8000/en/ogf/issues/?edit_off=true", "user": 3, "is_ajax": false, "time": "2016-03-23T19:29:09.098Z", "path": "/media/covers/v3n3_cover_VLsMIYl.png", "response": 200, "user_agent": "Mozilla/5.0 (Macintosh; Intel Mac OS X 10_11_4) AppleWebKit/601.5.17 (KHTML, like Gecko) Version/9.1 Safari/601.5.17"}, "model": "request.request", "pk": 284}, {"fields": {"is_secure": false, "language": "en-us", "ip": "127.0.0.1", "method": "GET", "referer": "http://localhost:8000/en/ogf/issues/?edit_off=true", "user": 3, "is_ajax": false, "time": "2016-03-23T19:29:09.100Z", "path": "/media/covers/v2n1_cover_26i6swX.png", "response": 200, "user_agent": "Mozilla/5.0 (Macintosh; Intel Mac OS X 10_11_4) AppleWebKit/601.5.17 (KHTML, like Gecko) Version/9.1 Safari/601.5.17"}, "model": "request.request", "pk": 285}, {"fields": {"is_secure": false, "language": "en-us", "ip": "127.0.0.1", "method": "GET", "referer": "http://localhost:8000/en/ogf/issues/?edit_off=true", "user": 3, "is_ajax": false, "time": "2016-03-23T19:29:09.106Z", "path": "/media/covers/v2n3_cover_5AnDWYr.png", "response": 200, "user_agent": "Mozilla/5.0 (Macintosh; Intel Mac OS X 10_11_4) AppleWebKit/601.5.17 (KHTML, like Gecko) Version/9.1 Safari/601.5.17"}, "model": "request.request", "pk": 286}, {"fields": {"is_secure": false, "language": "en-us", "ip": "127.0.0.1", "method": "GET", "referer": "http://localhost:8000/en/ogf/issues/?edit_off=true", "user": 3, "is_ajax": false, "time": "2016-03-23T19:29:09.123Z", "path": "/media/covers/v1n5_cover_abhBIZu.png", "response": 200, "user_agent": "Mozilla/5.0 (Macintosh; Intel Mac OS X 10_11_4) AppleWebKit/601.5.17 (KHTML, like Gecko) Version/9.1 Safari/601.5.17"}, "model": "request.request", "pk": 287}, {"fields": {"is_secure": false, "language": "en-us", "ip": "127.0.0.1", "method": "GET", "referer": "http://localhost:8000/en/ogf/issues/?edit_off=true", "user": 3, "is_ajax": false, "time": "2016-03-23T19:29:09.212Z", "path": "/media/covers/v2n6_cover_cGEprma.png", "response": 200, "user_agent": "Mozilla/5.0 (Macintosh; Intel Mac OS X 10_11_4) AppleWebKit/601.5.17 (KHTML, like Gecko) Version/9.1 Safari/601.5.17"}, "model": "request.request", "pk": 288}, {"fields": {"is_secure": false, "language": "en-us", "ip": "127.0.0.1", "method": "GET", "referer": "http://localhost:8000/en/ogf/issues/?edit_off=true", "user": 3, "is_ajax": false, "time": "2016-03-23T19:29:09.221Z", "path": "/media/covers/v3n4_cover_KQTRLT9.png", "response": 200, "user_agent": "Mozilla/5.0 (Macintosh; Intel Mac OS X 10_11_4) AppleWebKit/601.5.17 (KHTML, like Gecko) Version/9.1 Safari/601.5.17"}, "model": "request.request", "pk": 289}, {"fields": {"is_secure": false, "language": "en-us", "ip": "127.0.0.1", "method": "GET", "referer": "http://localhost:8000/en/ogf/issues/?edit_off=true", "user": 3, "is_ajax": false, "time": "2016-03-23T19:29:09.222Z", "path": "/media/covers/v1n1_cover_74saUYH.png", "response": 200, "user_agent": "Mozilla/5.0 (Macintosh; Intel Mac OS X 10_11_4) AppleWebKit/601.5.17 (KHTML, like Gecko) Version/9.1 Safari/601.5.17"}, "model": "request.request", "pk": 290}, {"fields": {"is_secure": false, "language": "en-us", "ip": "127.0.0.1", "method": "GET", "referer": "http://localhost:8000/en/ogf/issues/?edit_off=true", "user": 3, "is_ajax": false, "time": "2016-03-23T19:29:09.248Z", "path": "/media/covers/v1n4_cover_ZYtIeSI.png", "response": 200, "user_agent": "Mozilla/5.0 (Macintosh; Intel Mac OS X 10_11_4) AppleWebKit/601.5.17 (KHTML, like Gecko) Version/9.1 Safari/601.5.17"}, "model": "request.request", "pk": 291}, {"fields": {"is_secure": false, "language": "en-us", "ip": "127.0.0.1", "method": "GET", "referer": "http://localhost:8000/en/ogf/issues/?edit_off=true", "user": 3, "is_ajax": false, "time": "2016-03-23T19:29:09.258Z", "path": "/media/covers/v3n6_cover_JcVJQOF.png", "response": 200, "user_agent": "Mozilla/5.0 (Macintosh; Intel Mac OS X 10_11_4) AppleWebKit/601.5.17 (KHTML, like Gecko) Version/9.1 Safari/601.5.17"}, "model": "request.request", "pk": 292}, {"fields": {"is_secure": false, "language": "en-us", "ip": "127.0.0.1", "method": "GET", "referer": "http://localhost:8000/en/ogf/issues/?edit_off=true", "user": 3, "is_ajax": false, "time": "2016-03-23T19:29:09.221Z", "path": "/media/covers/v1n3_cover_bLBEtRA.png", "response": 200, "user_agent": "Mozilla/5.0 (Macintosh; Intel Mac OS X 10_11_4) AppleWebKit/601.5.17 (KHTML, like Gecko) Version/9.1 Safari/601.5.17"}, "model": "request.request", "pk": 293}, {"fields": {"is_secure": false, "language": "en-us", "ip": "127.0.0.1", "method": "GET", "referer": "http://localhost:8000/en/ogf/issues/?edit_off=true", "user": 3, "is_ajax": false, "time": "2016-03-23T19:29:09.286Z", "path": "/media/covers/v2n4_cover_DB4rLsx.png", "response": 200, "user_agent": "Mozilla/5.0 (Macintosh; Intel Mac OS X 10_11_4) AppleWebKit/601.5.17 (KHTML, like Gecko) Version/9.1 Safari/601.5.17"}, "model": "request.request", "pk": 294}, {"fields": {"is_secure": false, "language": "en-us", "ip": "127.0.0.1", "method": "GET", "referer": "http://localhost:8000/en/ogf/issues/?edit_off=true", "user": 3, "is_ajax": false, "time": "2016-03-23T19:29:09.317Z", "path": "/media/covers/v1n2_cover_jZA6r8g.png", "response": 200, "user_agent": "Mozilla/5.0 (Macintosh; Intel Mac OS X 10_11_4) AppleWebKit/601.5.17 (KHTML, like Gecko) Version/9.1 Safari/601.5.17"}, "model": "request.request", "pk": 295}, {"fields": {"is_secure": false, "language": "en-us", "ip": "127.0.0.1", "method": "GET", "referer": "http://localhost:8000/en/ogf/issues/?edit_off=true", "user": 3, "is_ajax": false, "time": "2016-03-23T19:29:09.286Z", "path": "/media/covers/v2n2_cover_iwF7caF.png", "response": 200, "user_agent": "Mozilla/5.0 (Macintosh; Intel Mac OS X 10_11_4) AppleWebKit/601.5.17 (KHTML, like Gecko) Version/9.1 Safari/601.5.17"}, "model": "request.request", "pk": 296}, {"fields": {"is_secure": false, "language": "en-us", "ip": "127.0.0.1", "method": "GET", "referer": "http://localhost:8000/en/ogf/issues/?edit_off=true", "user": 3, "is_ajax": false, "time": "2016-03-23T19:29:09.333Z", "path": "/media/covers/v3n2_cover_5THXtkU.png", "response": 200, "user_agent": "Mozilla/5.0 (Macintosh; Intel Mac OS X 10_11_4) AppleWebKit/601.5.17 (KHTML, like Gecko) Version/9.1 Safari/601.5.17"}, "model": "request.request", "pk": 297}, {"fields": {"is_secure": false, "language": "en-us", "ip": "127.0.0.1", "method": "GET", "referer": "http://localhost:8000/en/ogf/issues/?edit_off=true", "user": 3, "is_ajax": false, "time": "2016-03-23T19:29:09.337Z", "path": "/media/covers/v1n6_cover_Iuabafc.png", "response": 200, "user_agent": "Mozilla/5.0 (Macintosh; Intel Mac OS X 10_11_4) AppleWebKit/601.5.17 (KHTML, like Gecko) Version/9.1 Safari/601.5.17"}, "model": "request.request", "pk": 298}, {"fields": {"is_secure": false, "language": "en-us", "ip": "127.0.0.1", "method": "GET", "referer": "http://localhost:8000/en/ogf/issues/?edit_off=true", "user": 3, "is_ajax": false, "time": "2016-03-23T19:29:13.862Z", "path": "/en/admin/", "response": 200, "user_agent": "Mozilla/5.0 (Macintosh; Intel Mac OS X 10_11_4) AppleWebKit/601.5.17 (KHTML, like Gecko) Version/9.1 Safari/601.5.17"}, "model": "request.request", "pk": 299}, {"fields": {"is_secure": false, "language": "en-us", "ip": "127.0.0.1", "method": "GET", "referer": "", "user": 3, "is_ajax": false, "time": "2016-03-23T23:51:32.599Z", "path": "/", "response": 404, "user_agent": "Mozilla/5.0 (Macintosh; Intel Mac OS X 10_11_4) AppleWebKit/601.5.17 (KHTML, like Gecko) Version/9.1 Safari/601.5.17"}, "model": "request.request", "pk": 300}, {"fields": {"is_secure": false, "language": "en-us", "ip": "127.0.0.1", "method": "GET", "referer": "", "user": 3, "is_ajax": false, "time": "2016-03-23T23:51:32.940Z", "path": "/en/", "response": 200, "user_agent": "Mozilla/5.0 (Macintosh; Intel Mac OS X 10_11_4) AppleWebKit/601.5.17 (KHTML, like Gecko) Version/9.1 Safari/601.5.17"}, "model": "request.request", "pk": 301}, {"fields": {"is_secure": false, "language": "en-us", "ip": "127.0.0.1", "method": "GET", "referer": "http://localhost:8000/en/", "user": 3, "is_ajax": false, "time": "2016-03-23T23:51:34.559Z", "path": "/en/admin/", "response": 200, "user_agent": "Mozilla/5.0 (Macintosh; Intel Mac OS X 10_11_4) AppleWebKit/601.5.17 (KHTML, like Gecko) Version/9.1 Safari/601.5.17"}, "model": "request.request", "pk": 302}, {"fields": {"is_secure": false, "language": "en-us", "ip": "127.0.0.1", "method": "GET", "referer": "http://localhost:8000/en/admin/", "user": 3, "is_ajax": false, "time": "2016-03-23T23:51:41.135Z", "path": "/en/admin/spe_blog/article/", "response": 200, "user_agent": "Mozilla/5.0 (Macintosh; Intel Mac OS X 10_11_4) AppleWebKit/601.5.17 (KHTML, like Gecko) Version/9.1 Safari/601.5.17"}, "model": "request.request", "pk": 303}, {"fields": {"is_secure": false, "language": "en-us", "ip": "127.0.0.1", "method": "GET", "referer": "http://localhost:8000/en/admin/spe_blog/article/", "user": 3, "is_ajax": false, "time": "2016-03-23T23:51:41.162Z", "path": "/en/admin/jsi18n/", "response": 200, "user_agent": "Mozilla/5.0 (Macintosh; Intel Mac OS X 10_11_4) AppleWebKit/601.5.17 (KHTML, like Gecko) Version/9.1 Safari/601.5.17"}, "model": "request.request", "pk": 304}, {"fields": {"is_secure": false, "language": "en-us", "ip": "127.0.0.1", "method": "GET", "referer": "http://localhost:8000/en/admin/spe_blog/article/", "user": 3, "is_ajax": false, "time": "2016-03-23T23:51:43.484Z", "path": "/en/admin/spe_blog/article/6/", "response": 200, "user_agent": "Mozilla/5.0 (Macintosh; Intel Mac OS X 10_11_4) AppleWebKit/601.5.17 (KHTML, like Gecko) Version/9.1 Safari/601.5.17"}, "model": "request.request", "pk": 305}, {"fields": {"is_secure": false, "language": "en-us", "ip": "127.0.0.1", "method": "GET", "referer": "http://localhost:8000/en/admin/spe_blog/article/6/", "user": 3, "is_ajax": false, "time": "2016-03-23T23:51:43.511Z", "path": "/en/admin/jsi18n/", "response": 200, "user_agent": "Mozilla/5.0 (Macintosh; Intel Mac OS X 10_11_4) AppleWebKit/601.5.17 (KHTML, like Gecko) Version/9.1 Safari/601.5.17"}, "model": "request.request", "pk": 306}, {"fields": {"is_secure": false, "language": "en-us", "ip": "127.0.0.1", "method": "POST", "referer": "http://localhost:8000/en/admin/spe_blog/article/6/", "user": 3, "is_ajax": false, "time": "2016-03-23T23:51:52.034Z", "path": "/en/admin/spe_blog/article/6/", "response": 200, "user_agent": "Mozilla/5.0 (Macintosh; Intel Mac OS X 10_11_4) AppleWebKit/601.5.17 (KHTML, like Gecko) Version/9.1 Safari/601.5.17"}, "model": "request.request", "pk": 307}, {"fields": {"is_secure": false, "language": "en-us", "ip": "127.0.0.1", "method": "GET", "referer": "http://localhost:8000/en/admin/spe_blog/article/6/", "user": 3, "is_ajax": false, "time": "2016-03-23T23:51:52.062Z", "path": "/en/admin/jsi18n/", "response": 200, "user_agent": "Mozilla/5.0 (Macintosh; Intel Mac OS X 10_11_4) AppleWebKit/601.5.17 (KHTML, like Gecko) Version/9.1 Safari/601.5.17"}, "model": "request.request", "pk": 308}, {"fields": {"is_secure": false, "language": "en-us", "ip": "127.0.0.1", "method": "GET", "referer": "http://localhost:8000/en/", "user": 3, "is_ajax": true, "time": "2016-03-23T23:52:28.737Z", "path": "/en/admin/cms/page/resolve/", "response": 200, "user_agent": "Mozilla/5.0 (Macintosh; Intel Mac OS X 10_11_4) AppleWebKit/601.5.17 (KHTML, like Gecko) Version/9.1 Safari/601.5.17"}, "model": "request.request", "pk": 309}, {"fields": {"is_secure": false, "language": "en-us", "ip": "127.0.0.1", "method": "GET", "referer": "http://localhost:8000/en/", "user": 3, "is_ajax": false, "time": "2016-03-23T23:52:28.926Z", "path": "/en/", "response": 200, "user_agent": "Mozilla/5.0 (Macintosh; Intel Mac OS X 10_11_4) AppleWebKit/601.5.17 (KHTML, like Gecko) Version/9.1 Safari/601.5.17"}, "model": "request.request", "pk": 310}, {"fields": {"is_secure": false, "language": "en-us", "ip": "127.0.0.1", "method": "GET", "referer": "http://localhost:8000/en/ogf/ogf-article-detail/?art=1", "user": 3, "is_ajax": false, "time": "2016-03-23T23:52:29.321Z", "path": "/media/regular_images/lorempixel-4_fXZTcrq.jpg", "response": 304, "user_agent": "Mozilla/5.0 (Macintosh; Intel Mac OS X 10_11_4) AppleWebKit/601.5.17 (KHTML, like Gecko) Version/9.1 Safari/601.5.17"}, "model": "request.request", "pk": 311}, {"fields": {"is_secure": false, "language": "en-us", "ip": "127.0.0.1", "method": "GET", "referer": "http://localhost:8000/en/ogf/ogf-article-detail/?art=1", "user": 3, "is_ajax": false, "time": "2016-03-23T23:52:29.368Z", "path": "/media/regular_images/lorempixel-2_lWimL5Q.jpg", "response": 304, "user_agent": "Mozilla/5.0 (Macintosh; Intel Mac OS X 10_11_4) AppleWebKit/601.5.17 (KHTML, like Gecko) Version/9.1 Safari/601.5.17"}, "model": "request.request", "pk": 312}, {"fields": {"is_secure": false, "language": "en-us", "ip": "127.0.0.1", "method": "GET", "referer": "http://localhost:8000/en/", "user": 3, "is_ajax": false, "time": "2016-03-23T23:52:29.368Z", "path": "/media/regular_images/lorempixel-5_zWiIB5Y.jpg", "response": 304, "user_agent": "Mozilla/5.0 (Macintosh; Intel Mac OS X 10_11_4) AppleWebKit/601.5.17 (KHTML, like Gecko) Version/9.1 Safari/601.5.17"}, "model": "request.request", "pk": 313}, {"fields": {"is_secure": false, "language": "en-us", "ip": "127.0.0.1", "method": "GET", "referer": "http://localhost:8000/en/", "user": 3, "is_ajax": false, "time": "2016-03-23T23:52:44.067Z", "path": "/en/admin/", "response": 200, "user_agent": "Mozilla/5.0 (Macintosh; Intel Mac OS X 10_11_4) AppleWebKit/601.5.17 (KHTML, like Gecko) Version/9.1 Safari/601.5.17"}, "model": "request.request", "pk": 314}, {"fields": {"is_secure": false, "language": "en-us", "ip": "127.0.0.1", "method": "GET", "referer": "http://localhost:8000/en/admin/", "user": 3, "is_ajax": false, "time": "2016-03-23T23:53:12.156Z", "path": "/en/admin/mainsite/topics/", "response": 200, "user_agent": "Mozilla/5.0 (Macintosh; Intel Mac OS X 10_11_4) AppleWebKit/601.5.17 (KHTML, like Gecko) Version/9.1 Safari/601.5.17"}, "model": "request.request", "pk": 315}, {"fields": {"is_secure": false, "language": "en-us", "ip": "127.0.0.1", "method": "GET", "referer": "http://localhost:8000/en/admin/mainsite/topics/", "user": 3, "is_ajax": false, "time": "2016-03-23T23:53:12.175Z", "path": "/en/admin/jsi18n/", "response": 200, "user_agent": "Mozilla/5.0 (Macintosh; Intel Mac OS X 10_11_4) AppleWebKit/601.5.17 (KHTML, like Gecko) Version/9.1 Safari/601.5.17"}, "model": "request.request", "pk": 316}, {"fields": {"is_secure": false, "language": "en-us", "ip": "127.0.0.1", "method": "POST", "referer": "http://localhost:8000/en/admin/mainsite/topics/", "user": 3, "is_ajax": false, "time": "2016-03-23T23:53:32.521Z", "path": "/en/admin/mainsite/topics/", "response": 200, "user_agent": "Mozilla/5.0 (Macintosh; Intel Mac OS X 10_11_4) AppleWebKit/601.5.17 (KHTML, like Gecko) Version/9.1 Safari/601.5.17"}, "model": "request.request", "pk": 317}, {"fields": {"is_secure": false, "language": "en-us", "ip": "127.0.0.1", "method": "POST", "referer": "http://localhost:8000/en/admin/mainsite/topics/", "user": 3, "is_ajax": false, "time": "2016-03-23T23:53:43.844Z", "path": "/en/admin/mainsite/topics/", "response": 302, "user_agent": "Mozilla/5.0 (Macintosh; Intel Mac OS X 10_11_4) AppleWebKit/601.5.17 (KHTML, like Gecko) Version/9.1 Safari/601.5.17"}, "model": "request.request", "pk": 318}, {"fields": {"is_secure": false, "language": "en-us", "ip": "127.0.0.1", "method": "GET", "referer": "http://localhost:8000/en/admin/mainsite/topics/", "user": 3, "is_ajax": false, "time": "2016-03-23T23:53:43.921Z", "path": "/en/admin/mainsite/topics/", "response": 200, "user_agent": "Mozilla/5.0 (Macintosh; Intel Mac OS X 10_11_4) AppleWebKit/601.5.17 (KHTML, like Gecko) Version/9.1 Safari/601.5.17"}, "model": "request.request", "pk": 319}, {"fields": {"is_secure": false, "language": "en-us", "ip": "127.0.0.1", "method": "GET", "referer": "http://localhost:8000/en/admin/mainsite/topics/", "user": 3, "is_ajax": false, "time": "2016-03-23T23:53:43.942Z", "path": "/en/admin/jsi18n/", "response": 200, "user_agent": "Mozilla/5.0 (Macintosh; Intel Mac OS X 10_11_4) AppleWebKit/601.5.17 (KHTML, like Gecko) Version/9.1 Safari/601.5.17"}, "model": "request.request", "pk": 320}, {"fields": {"is_secure": false, "language": "en-us", "ip": "127.0.0.1", "method": "GET", "referer": "", "user": 3, "is_ajax": false, "time": "2016-03-24T00:13:29.242Z", "path": "/", "response": 404, "user_agent": "Mozilla/5.0 (Macintosh; Intel Mac OS X 10_11_4) AppleWebKit/601.5.17 (KHTML, like Gecko) Version/9.1 Safari/601.5.17"}, "model": "request.request", "pk": 321}, {"fields": {"is_secure": false, "language": "en-us", "ip": "127.0.0.1", "method": "GET", "referer": "", "user": 3, "is_ajax": false, "time": "2016-03-24T00:13:29.524Z", "path": "/en/", "response": 200, "user_agent": "Mozilla/5.0 (Macintosh; Intel Mac OS X 10_11_4) AppleWebKit/601.5.17 (KHTML, like Gecko) Version/9.1 Safari/601.5.17"}, "model": "request.request", "pk": 322}, {"fields": {"is_secure": false, "language": "en-us", "ip": "127.0.0.1", "method": "GET", "referer": "http://localhost:8000/en/", "user": 3, "is_ajax": false, "time": "2016-03-24T00:13:30.373Z", "path": "/en/admin/mainsite/topics/", "response": 200, "user_agent": "Mozilla/5.0 (Macintosh; Intel Mac OS X 10_11_4) AppleWebKit/601.5.17 (KHTML, like Gecko) Version/9.1 Safari/601.5.17"}, "model": "request.request", "pk": 323}, {"fields": {"is_secure": false, "language": "en-us", "ip": "127.0.0.1", "method": "GET", "referer": "http://localhost:8000/en/admin/mainsite/topics/", "user": 3, "is_ajax": false, "time": "2016-03-24T00:13:30.396Z", "path": "/en/admin/jsi18n/", "response": 200, "user_agent": "Mozilla/5.0 (Macintosh; Intel Mac OS X 10_11_4) AppleWebKit/601.5.17 (KHTML, like Gecko) Version/9.1 Safari/601.5.17"}, "model": "request.request", "pk": 324}, {"fields": {"is_secure": false, "language": "en-us", "ip": "127.0.0.1", "method": "GET", "referer": "", "user": 3, "is_ajax": false, "time": "2016-03-24T00:13:37.965Z", "path": "/en/", "response": 200, "user_agent": "Mozilla/5.0 (Macintosh; Intel Mac OS X 10_11_4) AppleWebKit/601.5.17 (KHTML, like Gecko) Version/9.1 Safari/601.5.17"}, "model": "request.request", "pk": 325}, {"fields": {"is_secure": false, "language": "en-us", "ip": "127.0.0.1", "method": "GET", "referer": "http://localhost:8000/en/ogf/people/?edit_off=true", "user": 3, "is_ajax": false, "time": "2016-03-24T00:13:38.095Z", "path": "/media/regular_images/lorempixel-4_fXZTcrq.jpg", "response": 304, "user_agent": "Mozilla/5.0 (Macintosh; Intel Mac OS X 10_11_4) AppleWebKit/601.5.17 (KHTML, like Gecko) Version/9.1 Safari/601.5.17"}, "model": "request.request", "pk": 326}, {"fields": {"is_secure": false, "language": "en-us", "ip": "127.0.0.1", "method": "GET", "referer": "http://localhost:8000/en/ogf/people/?edit_off=true", "user": 3, "is_ajax": false, "time": "2016-03-24T00:13:38.095Z", "path": "/media/regular_images/lorempixel-5_zWiIB5Y.jpg", "response": 304, "user_agent": "Mozilla/5.0 (Macintosh; Intel Mac OS X 10_11_4) AppleWebKit/601.5.17 (KHTML, like Gecko) Version/9.1 Safari/601.5.17"}, "model": "request.request", "pk": 327}, {"fields": {"is_secure": false, "language": "en-us", "ip": "127.0.0.1", "method": "GET", "referer": "http://localhost:8000/en/ogf/people/?edit_off=true", "user": 3, "is_ajax": false, "time": "2016-03-24T00:13:38.098Z", "path": "/media/regular_images/lorempixel-2_lWimL5Q.jpg", "response": 304, "user_agent": "Mozilla/5.0 (Macintosh; Intel Mac OS X 10_11_4) AppleWebKit/601.5.17 (KHTML, like Gecko) Version/9.1 Safari/601.5.17"}, "model": "request.request", "pk": 328}, {"fields": {"is_secure": false, "language": "en-us", "ip": "127.0.0.1", "method": "GET", "referer": "http://localhost:8000/en/", "user": 3, "is_ajax": false, "time": "2016-03-24T00:13:38.445Z", "path": "/en/admin/mainsite/topics/", "response": 200, "user_agent": "Mozilla/5.0 (Macintosh; Intel Mac OS X 10_11_4) AppleWebKit/601.5.17 (KHTML, like Gecko) Version/9.1 Safari/601.5.17"}, "model": "request.request", "pk": 329}, {"fields": {"is_secure": false, "language": "en-us", "ip": "127.0.0.1", "method": "GET", "referer": "http://localhost:8000/en/admin/mainsite/topics/", "user": 3, "is_ajax": false, "time": "2016-03-24T00:13:38.479Z", "path": "/en/admin/jsi18n/", "response": 200, "user_agent": "Mozilla/5.0 (Macintosh; Intel Mac OS X 10_11_4) AppleWebKit/601.5.17 (KHTML, like Gecko) Version/9.1 Safari/601.5.17"}, "model": "request.request", "pk": 330}, {"fields": {"is_secure": false, "language": "en-us", "ip": "127.0.0.1", "method": "POST", "referer": "http://localhost:8000/en/admin/mainsite/topics/", "user": 3, "is_ajax": false, "time": "2016-03-24T00:15:05.552Z", "path": "/en/admin/mainsite/topics/", "response": 200, "user_agent": "Mozilla/5.0 (Macintosh; Intel Mac OS X 10_11_4) AppleWebKit/601.5.17 (KHTML, like Gecko) Version/9.1 Safari/601.5.17"}, "model": "request.request", "pk": 331}, {"fields": {"is_secure": false, "language": "en-us", "ip": "127.0.0.1", "method": "POST", "referer": "http://localhost:8000/en/admin/mainsite/topics/", "user": 3, "is_ajax": false, "time": "2016-03-24T00:15:08.584Z", "path": "/en/admin/mainsite/topics/", "response": 302, "user_agent": "Mozilla/5.0 (Macintosh; Intel Mac OS X 10_11_4) AppleWebKit/601.5.17 (KHTML, like Gecko) Version/9.1 Safari/601.5.17"}, "model": "request.request", "pk": 332}, {"fields": {"is_secure": false, "language": "en-us", "ip": "127.0.0.1", "method": "GET", "referer": "http://localhost:8000/en/admin/mainsite/topics/", "user": 3, "is_ajax": false, "time": "2016-03-24T00:15:08.632Z", "path": "/en/admin/mainsite/topics/", "response": 200, "user_agent": "Mozilla/5.0 (Macintosh; Intel Mac OS X 10_11_4) AppleWebKit/601.5.17 (KHTML, like Gecko) Version/9.1 Safari/601.5.17"}, "model": "request.request", "pk": 333}, {"fields": {"is_secure": false, "language": "en-us", "ip": "127.0.0.1", "method": "GET", "referer": "http://localhost:8000/en/admin/mainsite/topics/", "user": 3, "is_ajax": false, "time": "2016-03-24T00:15:08.651Z", "path": "/en/admin/jsi18n/", "response": 200, "user_agent": "Mozilla/5.0 (Macintosh; Intel Mac OS X 10_11_4) AppleWebKit/601.5.17 (KHTML, like Gecko) Version/9.1 Safari/601.5.17"}, "model": "request.request", "pk": 334}, {"fields": {"is_secure": false, "language": "en-us", "ip": "127.0.0.1", "method": "GET", "referer": "", "user": 3, "is_ajax": false, "time": "2016-03-24T00:20:49.529Z", "path": "/en/", "response": 200, "user_agent": "Mozilla/5.0 (Macintosh; Intel Mac OS X 10_11_4) AppleWebKit/601.5.17 (KHTML, like Gecko) Version/9.1 Safari/601.5.17"}, "model": "request.request", "pk": 335}, {"fields": {"is_secure": false, "language": "en-us", "ip": "127.0.0.1", "method": "GET", "referer": "http://localhost:8000/en/ogf/people/?edit_off=true", "user": 3, "is_ajax": false, "time": "2016-03-24T00:20:50.353Z", "path": "/media/regular_images/lorempixel-2_lWimL5Q.jpg", "response": 304, "user_agent": "Mozilla/5.0 (Macintosh; Intel Mac OS X 10_11_4) AppleWebKit/601.5.17 (KHTML, like Gecko) Version/9.1 Safari/601.5.17"}, "model": "request.request", "pk": 336}, {"fields": {"is_secure": false, "language": "en-us", "ip": "127.0.0.1", "method": "GET", "referer": "http://localhost:8000/en/ogf/people/?edit_off=true", "user": 3, "is_ajax": false, "time": "2016-03-24T00:20:50.404Z", "path": "/media/regular_images/lorempixel-5_zWiIB5Y.jpg", "response": 304, "user_agent": "Mozilla/5.0 (Macintosh; Intel Mac OS X 10_11_4) AppleWebKit/601.5.17 (KHTML, like Gecko) Version/9.1 Safari/601.5.17"}, "model": "request.request", "pk": 337}, {"fields": {"is_secure": false, "language": "en-us", "ip": "127.0.0.1", "method": "GET", "referer": "http://localhost:8000/en/ogf/people/?edit_off=true", "user": 3, "is_ajax": false, "time": "2016-03-24T00:20:50.404Z", "path": "/media/regular_images/lorempixel-4_fXZTcrq.jpg", "response": 304, "user_agent": "Mozilla/5.0 (Macintosh; Intel Mac OS X 10_11_4) AppleWebKit/601.5.17 (KHTML, like Gecko) Version/9.1 Safari/601.5.17"}, "model": "request.request", "pk": 338}, {"fields": {"is_secure": false, "language": "en-us", "ip": "127.0.0.1", "method": "GET", "referer": "http://localhost:8000/en/", "user": 3, "is_ajax": false, "time": "2016-03-24T00:20:50.895Z", "path": "/en/admin/mainsite/topics/", "response": 200, "user_agent": "Mozilla/5.0 (Macintosh; Intel Mac OS X 10_11_4) AppleWebKit/601.5.17 (KHTML, like Gecko) Version/9.1 Safari/601.5.17"}, "model": "request.request", "pk": 339}, {"fields": {"is_secure": false, "language": "en-us", "ip": "127.0.0.1", "method": "GET", "referer": "http://localhost:8000/en/admin/mainsite/topics/", "user": 3, "is_ajax": false, "time": "2016-03-24T00:20:50.930Z", "path": "/en/admin/jsi18n/", "response": 200, "user_agent": "Mozilla/5.0 (Macintosh; Intel Mac OS X 10_11_4) AppleWebKit/601.5.17 (KHTML, like Gecko) Version/9.1 Safari/601.5.17"}, "model": "request.request", "pk": 340}, {"fields": {"is_secure": false, "language": "en-us", "ip": "127.0.0.1", "method": "POST", "referer": "http://localhost:8000/en/admin/mainsite/topics/", "user": 3, "is_ajax": false, "time": "2016-03-24T00:25:04.477Z", "path": "/en/admin/mainsite/topics/", "response": 200, "user_agent": "Mozilla/5.0 (Macintosh; Intel Mac OS X 10_11_4) AppleWebKit/601.5.17 (KHTML, like Gecko) Version/9.1 Safari/601.5.17"}, "model": "request.request", "pk": 341}, {"fields": {"is_secure": false, "language": "en-us", "ip": "127.0.0.1", "method": "POST", "referer": "http://localhost:8000/en/admin/mainsite/topics/", "user": 3, "is_ajax": false, "time": "2016-03-24T00:25:07.943Z", "path": "/en/admin/mainsite/topics/", "response": 302, "user_agent": "Mozilla/5.0 (Macintosh; Intel Mac OS X 10_11_4) AppleWebKit/601.5.17 (KHTML, like Gecko) Version/9.1 Safari/601.5.17"}, "model": "request.request", "pk": 342}, {"fields": {"is_secure": false, "language": "en-us", "ip": "127.0.0.1", "method": "GET", "referer": "http://localhost:8000/en/admin/mainsite/topics/", "user": 3, "is_ajax": false, "time": "2016-03-24T00:25:07.982Z", "path": "/en/admin/mainsite/topics/", "response": 200, "user_agent": "Mozilla/5.0 (Macintosh; Intel Mac OS X 10_11_4) AppleWebKit/601.5.17 (KHTML, like Gecko) Version/9.1 Safari/601.5.17"}, "model": "request.request", "pk": 343}, {"fields": {"is_secure": false, "language": "en-us", "ip": "127.0.0.1", "method": "GET", "referer": "http://localhost:8000/en/admin/mainsite/topics/", "user": 3, "is_ajax": false, "time": "2016-03-24T00:25:08.005Z", "path": "/en/admin/jsi18n/", "response": 200, "user_agent": "Mozilla/5.0 (Macintosh; Intel Mac OS X 10_11_4) AppleWebKit/601.5.17 (KHTML, like Gecko) Version/9.1 Safari/601.5.17"}, "model": "request.request", "pk": 344}, {"fields": {"is_secure": false, "language": "en-us", "ip": "127.0.0.1", "method": "GET", "referer": "", "user": 3, "is_ajax": false, "time": "2016-03-24T00:30:58.334Z", "path": "/en/", "response": 200, "user_agent": "Mozilla/5.0 (Macintosh; Intel Mac OS X 10_11_4) AppleWebKit/601.5.17 (KHTML, like Gecko) Version/9.1 Safari/601.5.17"}, "model": "request.request", "pk": 345}, {"fields": {"is_secure": false, "language": "en-us", "ip": "127.0.0.1", "method": "GET", "referer": "http://localhost:8000/en/ogf/people/?edit_off=true", "user": 3, "is_ajax": false, "time": "2016-03-24T00:30:58.720Z", "path": "/media/regular_images/lorempixel-4_fXZTcrq.jpg", "response": 304, "user_agent": "Mozilla/5.0 (Macintosh; Intel Mac OS X 10_11_4) AppleWebKit/601.5.17 (KHTML, like Gecko) Version/9.1 Safari/601.5.17"}, "model": "request.request", "pk": 346}, {"fields": {"is_secure": false, "language": "en-us", "ip": "127.0.0.1", "method": "GET", "referer": "http://localhost:8000/en/ogf/people/?edit_off=true", "user": 3, "is_ajax": false, "time": "2016-03-24T00:30:58.720Z", "path": "/media/regular_images/lorempixel-5_zWiIB5Y.jpg", "response": 304, "user_agent": "Mozilla/5.0 (Macintosh; Intel Mac OS X 10_11_4) AppleWebKit/601.5.17 (KHTML, like Gecko) Version/9.1 Safari/601.5.17"}, "model": "request.request", "pk": 347}, {"fields": {"is_secure": false, "language": "en-us", "ip": "127.0.0.1", "method": "GET", "referer": "http://localhost:8000/en/ogf/people/?edit_off=true", "user": 3, "is_ajax": false, "time": "2016-03-24T00:30:58.721Z", "path": "/media/regular_images/lorempixel-2_lWimL5Q.jpg", "response": 304, "user_agent": "Mozilla/5.0 (Macintosh; Intel Mac OS X 10_11_4) AppleWebKit/601.5.17 (KHTML, like Gecko) Version/9.1 Safari/601.5.17"}, "model": "request.request", "pk": 348}, {"fields": {"is_secure": false, "language": "en-us", "ip": "127.0.0.1", "method": "GET", "referer": "http://localhost:8000/en/", "user": 3, "is_ajax": false, "time": "2016-03-24T00:30:59.218Z", "path": "/en/admin/mainsite/topics/", "response": 200, "user_agent": "Mozilla/5.0 (Macintosh; Intel Mac OS X 10_11_4) AppleWebKit/601.5.17 (KHTML, like Gecko) Version/9.1 Safari/601.5.17"}, "model": "request.request", "pk": 349}, {"fields": {"is_secure": false, "language": "en-us", "ip": "127.0.0.1", "method": "GET", "referer": "http://localhost:8000/en/admin/mainsite/topics/", "user": 3, "is_ajax": false, "time": "2016-03-24T00:30:59.252Z", "path": "/en/admin/jsi18n/", "response": 200, "user_agent": "Mozilla/5.0 (Macintosh; Intel Mac OS X 10_11_4) AppleWebKit/601.5.17 (KHTML, like Gecko) Version/9.1 Safari/601.5.17"}, "model": "request.request", "pk": 350}, {"fields": {"is_secure": false, "language": "en-us", "ip": "127.0.0.1", "method": "POST", "referer": "http://localhost:8000/en/admin/mainsite/topics/", "user": 3, "is_ajax": false, "time": "2016-03-24T00:31:09.683Z", "path": "/en/admin/mainsite/topics/", "response": 200, "user_agent": "Mozilla/5.0 (Macintosh; Intel Mac OS X 10_11_4) AppleWebKit/601.5.17 (KHTML, like Gecko) Version/9.1 Safari/601.5.17"}, "model": "request.request", "pk": 351}, {"fields": {"is_secure": false, "language": "en-us", "ip": "127.0.0.1", "method": "POST", "referer": "http://localhost:8000/en/admin/mainsite/topics/", "user": 3, "is_ajax": false, "time": "2016-03-24T00:31:11.870Z", "path": "/en/admin/mainsite/topics/", "response": 302, "user_agent": "Mozilla/5.0 (Macintosh; Intel Mac OS X 10_11_4) AppleWebKit/601.5.17 (KHTML, like Gecko) Version/9.1 Safari/601.5.17"}, "model": "request.request", "pk": 352}, {"fields": {"is_secure": false, "language": "en-us", "ip": "127.0.0.1", "method": "GET", "referer": "http://localhost:8000/en/admin/mainsite/topics/", "user": 3, "is_ajax": false, "time": "2016-03-24T00:31:11.913Z", "path": "/en/admin/mainsite/topics/", "response": 200, "user_agent": "Mozilla/5.0 (Macintosh; Intel Mac OS X 10_11_4) AppleWebKit/601.5.17 (KHTML, like Gecko) Version/9.1 Safari/601.5.17"}, "model": "request.request", "pk": 353}, {"fields": {"is_secure": false, "language": "en-us", "ip": "127.0.0.1", "method": "GET", "referer": "http://localhost:8000/en/admin/mainsite/topics/", "user": 3, "is_ajax": false, "time": "2016-03-24T00:31:11.935Z", "path": "/en/admin/jsi18n/", "response": 200, "user_agent": "Mozilla/5.0 (Macintosh; Intel Mac OS X 10_11_4) AppleWebKit/601.5.17 (KHTML, like Gecko) Version/9.1 Safari/601.5.17"}, "model": "request.request", "pk": 354}, {"fields": {"is_secure": false, "language": "en-us", "ip": "127.0.0.1", "method": "GET", "referer": "", "user": 3, "is_ajax": false, "time": "2016-03-24T00:35:26.969Z", "path": "/en/", "response": 200, "user_agent": "Mozilla/5.0 (Macintosh; Intel Mac OS X 10_11_4) AppleWebKit/601.5.17 (KHTML, like Gecko) Version/9.1 Safari/601.5.17"}, "model": "request.request", "pk": 355}, {"fields": {"is_secure": false, "language": "en-us", "ip": "127.0.0.1", "method": "GET", "referer": "http://localhost:8000/en/ogf/people/?edit_off=true", "user": 3, "is_ajax": false, "time": "2016-03-24T00:35:27.402Z", "path": "/media/regular_images/lorempixel-5_zWiIB5Y.jpg", "response": 304, "user_agent": "Mozilla/5.0 (Macintosh; Intel Mac OS X 10_11_4) AppleWebKit/601.5.17 (KHTML, like Gecko) Version/9.1 Safari/601.5.17"}, "model": "request.request", "pk": 356}, {"fields": {"is_secure": false, "language": "en-us", "ip": "127.0.0.1", "method": "GET", "referer": "http://localhost:8000/en/ogf/people/?edit_off=true", "user": 3, "is_ajax": false, "time": "2016-03-24T00:35:27.403Z", "path": "/media/regular_images/lorempixel-4_fXZTcrq.jpg", "response": 304, "user_agent": "Mozilla/5.0 (Macintosh; Intel Mac OS X 10_11_4) AppleWebKit/601.5.17 (KHTML, like Gecko) Version/9.1 Safari/601.5.17"}, "model": "request.request", "pk": 357}, {"fields": {"is_secure": false, "language": "en-us", "ip": "127.0.0.1", "method": "GET", "referer": "http://localhost:8000/en/ogf/people/?edit_off=true", "user": 3, "is_ajax": false, "time": "2016-03-24T00:35:27.406Z", "path": "/media/regular_images/lorempixel-2_lWimL5Q.jpg", "response": 304, "user_agent": "Mozilla/5.0 (Macintosh; Intel Mac OS X 10_11_4) AppleWebKit/601.5.17 (KHTML, like Gecko) Version/9.1 Safari/601.5.17"}, "model": "request.request", "pk": 358}, {"fields": {"is_secure": false, "language": "en-us", "ip": "127.0.0.1", "method": "GET", "referer": "http://localhost:8000/en/", "user": 3, "is_ajax": false, "time": "2016-03-24T00:35:27.804Z", "path": "/en/admin/mainsite/topics/", "response": 200, "user_agent": "Mozilla/5.0 (Macintosh; Intel Mac OS X 10_11_4) AppleWebKit/601.5.17 (KHTML, like Gecko) Version/9.1 Safari/601.5.17"}, "model": "request.request", "pk": 359}, {"fields": {"is_secure": false, "language": "en-us", "ip": "127.0.0.1", "method": "GET", "referer": "http://localhost:8000/en/admin/mainsite/topics/", "user": 3, "is_ajax": false, "time": "2016-03-24T00:35:27.847Z", "path": "/en/admin/jsi18n/", "response": 200, "user_agent": "Mozilla/5.0 (Macintosh; Intel Mac OS X 10_11_4) AppleWebKit/601.5.17 (KHTML, like Gecko) Version/9.1 Safari/601.5.17"}, "model": "request.request", "pk": 360}, {"fields": {"is_secure": false, "language": "en-us", "ip": "127.0.0.1", "method": "GET", "referer": "http://localhost:8000/en/", "user": 3, "is_ajax": false, "time": "2016-03-24T00:36:05.263Z", "path": "/en/admin/", "response": 200, "user_agent": "Mozilla/5.0 (Macintosh; Intel Mac OS X 10_11_4) AppleWebKit/601.5.17 (KHTML, like Gecko) Version/9.1 Safari/601.5.17"}, "model": "request.request", "pk": 361}, {"fields": {"is_secure": false, "language": "en-us", "ip": "127.0.0.1", "method": "GET", "referer": "http://localhost:8000/en/admin/", "user": 3, "is_ajax": false, "time": "2016-03-24T00:36:08.898Z", "path": "/en/admin/spe_blog/article/", "response": 200, "user_agent": "Mozilla/5.0 (Macintosh; Intel Mac OS X 10_11_4) AppleWebKit/601.5.17 (KHTML, like Gecko) Version/9.1 Safari/601.5.17"}, "model": "request.request", "pk": 362}, {"fields": {"is_secure": false, "language": "en-us", "ip": "127.0.0.1", "method": "GET", "referer": "http://localhost:8000/en/admin/spe_blog/article/", "user": 3, "is_ajax": false, "time": "2016-03-24T00:36:08.921Z", "path": "/en/admin/jsi18n/", "response": 200, "user_agent": "Mozilla/5.0 (Macintosh; Intel Mac OS X 10_11_4) AppleWebKit/601.5.17 (KHTML, like Gecko) Version/9.1 Safari/601.5.17"}, "model": "request.request", "pk": 363}, {"fields": {"is_secure": false, "language": "en-us", "ip": "127.0.0.1", "method": "GET", "referer": "http://localhost:8000/en/admin/spe_blog/article/", "user": 3, "is_ajax": false, "time": "2016-03-24T00:36:11.040Z", "path": "/en/admin/spe_blog/article/6/", "response": 200, "user_agent": "Mozilla/5.0 (Macintosh; Intel Mac OS X 10_11_4) AppleWebKit/601.5.17 (KHTML, like Gecko) Version/9.1 Safari/601.5.17"}, "model": "request.request", "pk": 364}, {"fields": {"is_secure": false, "language": "en-us", "ip": "127.0.0.1", "method": "GET", "referer": "http://localhost:8000/en/admin/spe_blog/article/6/", "user": 3, "is_ajax": false, "time": "2016-03-24T00:36:11.069Z", "path": "/en/admin/jsi18n/", "response": 200, "user_agent": "Mozilla/5.0 (Macintosh; Intel Mac OS X 10_11_4) AppleWebKit/601.5.17 (KHTML, like Gecko) Version/9.1 Safari/601.5.17"}, "model": "request.request", "pk": 365}, {"fields": {"is_secure": false, "language": "en-us", "ip": "127.0.0.1", "method": "POST", "referer": "http://localhost:8000/en/admin/spe_blog/article/6/", "user": 3, "is_ajax": false, "time": "2016-03-24T00:36:19.212Z", "path": "/en/admin/spe_blog/article/6/", "response": 302, "user_agent": "Mozilla/5.0 (Macintosh; Intel Mac OS X 10_11_4) AppleWebKit/601.5.17 (KHTML, like Gecko) Version/9.1 Safari/601.5.17"}, "model": "request.request", "pk": 366}, {"fields": {"is_secure": false, "language": "en-us", "ip": "127.0.0.1", "method": "GET", "referer": "http://localhost:8000/en/admin/spe_blog/article/6/", "user": 3, "is_ajax": false, "time": "2016-03-24T00:36:19.266Z", "path": "/en/admin/spe_blog/article/", "response": 200, "user_agent": "Mozilla/5.0 (Macintosh; Intel Mac OS X 10_11_4) AppleWebKit/601.5.17 (KHTML, like Gecko) Version/9.1 Safari/601.5.17"}, "model": "request.request", "pk": 367}, {"fields": {"is_secure": false, "language": "en-us", "ip": "127.0.0.1", "method": "GET", "referer": "http://localhost:8000/en/admin/spe_blog/article/", "user": 3, "is_ajax": false, "time": "2016-03-24T00:36:19.291Z", "path": "/en/admin/jsi18n/", "response": 200, "user_agent": "Mozilla/5.0 (Macintosh; Intel Mac OS X 10_11_4) AppleWebKit/601.5.17 (KHTML, like Gecko) Version/9.1 Safari/601.5.17"}, "model": "request.request", "pk": 368}, {"fields": {"is_secure": false, "language": "en-us", "ip": "127.0.0.1", "method": "GET", "referer": "http://localhost:8000/en/admin/spe_blog/article/", "user": 3, "is_ajax": false, "time": "2016-03-24T00:53:06.836Z", "path": "/en/admin/spe_blog/article/6/", "response": 200, "user_agent": "Mozilla/5.0 (Macintosh; Intel Mac OS X 10_11_4) AppleWebKit/601.5.17 (KHTML, like Gecko) Version/9.1 Safari/601.5.17"}, "model": "request.request", "pk": 369}, {"fields": {"is_secure": false, "language": "en-us", "ip": "127.0.0.1", "method": "GET", "referer": "http://localhost:8000/en/admin/spe_blog/article/6/", "user": 3, "is_ajax": false, "time": "2016-03-24T00:53:06.861Z", "path": "/en/admin/jsi18n/", "response": 200, "user_agent": "Mozilla/5.0 (Macintosh; Intel Mac OS X 10_11_4) AppleWebKit/601.5.17 (KHTML, like Gecko) Version/9.1 Safari/601.5.17"}, "model": "request.request", "pk": 370}, {"fields": {"is_secure": false, "language": "en-us", "ip": "127.0.0.1", "method": "GET", "referer": "http://localhost:8000/en/", "user": 3, "is_ajax": true, "time": "2016-03-24T00:53:35.453Z", "path": "/en/admin/cms/page/resolve/", "response": 200, "user_agent": "Mozilla/5.0 (Macintosh; Intel Mac OS X 10_11_4) AppleWebKit/601.5.17 (KHTML, like Gecko) Version/9.1 Safari/601.5.17"}, "model": "request.request", "pk": 371}, {"fields": {"is_secure": false, "language": "en-us", "ip": "127.0.0.1", "method": "GET", "referer": "http://localhost:8000/en/", "user": 3, "is_ajax": false, "time": "2016-03-24T00:53:35.645Z", "path": "/en/", "response": 200, "user_agent": "Mozilla/5.0 (Macintosh; Intel Mac OS X 10_11_4) AppleWebKit/601.5.17 (KHTML, like Gecko) Version/9.1 Safari/601.5.17"}, "model": "request.request", "pk": 372}, {"fields": {"is_secure": false, "language": "en-us", "ip": "127.0.0.1", "method": "GET", "referer": "http://localhost:8000/en/ogf/people/?edit_off=true", "user": 3, "is_ajax": false, "time": "2016-03-24T00:53:36.009Z", "path": "/media/regular_images/lorempixel-2_lWimL5Q.jpg", "response": 304, "user_agent": "Mozilla/5.0 (Macintosh; Intel Mac OS X 10_11_4) AppleWebKit/601.5.17 (KHTML, like Gecko) Version/9.1 Safari/601.5.17"}, "model": "request.request", "pk": 373}, {"fields": {"is_secure": false, "language": "en-us", "ip": "127.0.0.1", "method": "GET", "referer": "http://localhost:8000/en/ogf/people/?edit_off=true", "user": 3, "is_ajax": false, "time": "2016-03-24T00:53:36.058Z", "path": "/media/regular_images/lorempixel-4_fXZTcrq.jpg", "response": 304, "user_agent": "Mozilla/5.0 (Macintosh; Intel Mac OS X 10_11_4) AppleWebKit/601.5.17 (KHTML, like Gecko) Version/9.1 Safari/601.5.17"}, "model": "request.request", "pk": 374}, {"fields": {"is_secure": false, "language": "en-us", "ip": "127.0.0.1", "method": "GET", "referer": "http://localhost:8000/en/ogf/people/?edit_off=true", "user": 3, "is_ajax": false, "time": "2016-03-24T00:53:36.059Z", "path": "/media/regular_images/lorempixel-5_zWiIB5Y.jpg", "response": 304, "user_agent": "Mozilla/5.0 (Macintosh; Intel Mac OS X 10_11_4) AppleWebKit/601.5.17 (KHTML, like Gecko) Version/9.1 Safari/601.5.17"}, "model": "request.request", "pk": 375}]