[{"fields": {"active": true, "name": "Completions", "long_code": "completions"}, "model": "mainsite.tier1discipline", "pk": "cmp"}, {"fields": {"active": true, "name": "Drilling", "long_code": "drilling"}, "model": "mainsite.tier1discipline", "pk": "drl"}, {"fields": {"active": true, "name": "HSSE-SR", "long_code": "hssesr"}, "model": "mainsite.tier1discipline", "pk": "hse"}, {"fields": {"active": true, "name": "Management & Information", "long_code": "managementinfo"}, "model": "mainsite.tier1discipline", "pk": "man"}, {"fields": {"active": true, "name": "Projects, Facilities, & Construction", "long_code": "projfacilconst"}, "model": "mainsite.tier1discipline", "pk": "pfc"}, {"fields": {"active": true, "name": "Production and Well Operations", "long_code": "prodwellops"}, "model": "mainsite.tier1discipline", "pk": "prd"}, {"fields": {"active": true, "name": "Reservoir Description & Dynamics", "long_code": "resdescdyn"}, "model": "mainsite.tier1discipline", "pk": "rdd"}, {"fields": {"discipline": "cmp", "active": true, "name": "Acidizing"}, "model": "mainsite.topics", "pk": "c01"}, {"fields": {"discipline": "cmp", "active": true, "name": "Completion Fluids"}, "model": "mainsite.topics", "pk": "c02"}, {"fields": {"discipline": "cmp", "active": true, "name": "Hydraulic Fracturing"}, "model": "mainsite.topics", "pk": "c03"}, {"fields": {"discipline": "cmp", "active": true, "name": "Intelligent Fields/Surveillance"}, "model": "mainsite.topics", "pk": "c04"}, {"fields": {"discipline": "cmp", "active": true, "name": "Sand Management/Control"}, "model": "mainsite.topics", "pk": "c05"}, {"fields": {"discipline": "cmp", "active": true, "name": "Water Treatment and Management"}, "model": "mainsite.topics", "pk": "c06"}, {"fields": {"discipline": "cmp", "active": true, "name": "Well Integrity/Control"}, "model": "mainsite.topics", "pk": "c07"}, {"fields": {"discipline": "drl", "active": true, "name": "Casing/Cementing/Zonal Isolation"}, "model": "mainsite.topics", "pk": "d01"}, {"fields": {"discipline": "drl", "active": true, "name": "Drilling Automation"}, "model": "mainsite.topics", "pk": "d02"}, {"fields": {"discipline": "drl", "active": true, "name": "Drilling Fluids"}, "model": "mainsite.topics", "pk": "d03"}, {"fields": {"discipline": "drl", "active": true, "name": "Formation damage"}, "model": "mainsite.topics", "pk": "d04"}, {"fields": {"discipline": "drl", "active": true, "name": "Horizontal/Directional/Extended Reach Wells"}, "model": "mainsite.topics", "pk": "d05"}, {"fields": {"discipline": "drl", "active": true, "name": "HP/HT"}, "model": "mainsite.topics", "pk": "d06"}, {"fields": {"discipline": "drl", "active": true, "name": "Pressure Management"}, "model": "mainsite.topics", "pk": "d07"}, {"fields": {"discipline": "pfc", "active": true, "name": "Corrosion & H2S"}, "model": "mainsite.topics", "pk": "f01"}, {"fields": {"discipline": "pfc", "active": true, "name": "Decommisioning/Site Remediation"}, "model": "mainsite.topics", "pk": "f02"}, {"fields": {"discipline": "pfc", "active": true, "name": "Facilities Planning and Maintenance"}, "model": "mainsite.topics", "pk": "f03"}, {"fields": {"discipline": "pfc", "active": true, "name": "Field Life Extension"}, "model": "mainsite.topics", "pk": "f04"}, {"fields": {"discipline": "pfc", "active": true, "name": "Field Start-Up/Commissioning"}, "model": "mainsite.topics", "pk": "f05"}, {"fields": {"discipline": "prd", "active": true, "name": "Flow Assurance/Scale Management"}, "model": "mainsite.topics", "pk": "f06"}, {"fields": {"discipline": "pfc", "active": true, "name": "Gas Conversion (LNG/GTL)"}, "model": "mainsite.topics", "pk": "f07"}, {"fields": {"discipline": "pfc", "active": true, "name": "Intelligent Fields/Surveillance"}, "model": "mainsite.topics", "pk": "f08"}, {"fields": {"discipline": "pfc", "active": true, "name": "HP/HT"}, "model": "mainsite.topics", "pk": "f09"}, {"fields": {"discipline": "pfc", "active": true, "name": "Marginal/Aging Fields"}, "model": "mainsite.topics", "pk": "f10"}, {"fields": {"discipline": "pfc", "active": true, "name": "Offshore Facilities/Subsea Systems"}, "model": "mainsite.topics", "pk": "f11"}, {"fields": {"discipline": "pfc", "active": true, "name": "Processing Systems/Design"}, "model": "mainsite.topics", "pk": "f12"}, {"fields": {"discipline": "pfc", "active": true, "name": "Project Management"}, "model": "mainsite.topics", "pk": "f13"}, {"fields": {"discipline": "pfc", "active": true, "name": "Sand Management/Control"}, "model": "mainsite.topics", "pk": "f14"}, {"fields": {"discipline": "pfc", "active": true, "name": "Transportation/Pipelines"}, "model": "mainsite.topics", "pk": "f15"}, {"fields": {"discipline": "pfc", "active": true, "name": "Water Treatment and Management"}, "model": "mainsite.topics", "pk": "f16"}, {"fields": {"discipline": "hse", "active": true, "name": "Carbon Capture and Storage"}, "model": "mainsite.topics", "pk": "h01"}, {"fields": {"discipline": "hse", "active": true, "name": "Decommisioning/Site Remediation"}, "model": "mainsite.topics", "pk": "h02"}, {"fields": {"discipline": "hse", "active": true, "name": "Environment"}, "model": "mainsite.topics", "pk": "h03"}, {"fields": {"discipline": "hse", "active": true, "name": "Safety/Health"}, "model": "mainsite.topics", "pk": "h04"}, {"fields": {"discipline": "hse", "active": true, "name": "Social Responsibility/Sustainability"}, "model": "mainsite.topics", "pk": "h05"}, {"fields": {"discipline": "hse", "active": true, "name": "Water Treatment and Management"}, "model": "mainsite.topics", "pk": "h06"}, {"fields": {"discipline": "man", "active": true, "name": "Asset/Portfolio Management"}, "model": "mainsite.topics", "pk": "m01"}, {"fields": {"discipline": "man", "active": true, "name": "Petroleum Economics/Production Forecasting"}, "model": "mainsite.topics", "pk": "m02"}, {"fields": {"discipline": "man", "active": true, "name": "Risk Management/Decision-Making"}, "model": "mainsite.topics", "pk": "m03"}, {"fields": {"discipline": "man", "active": true, "name": "Data & Information Management"}, "model": "mainsite.topics", "pk": "m04"}, {"fields": {"discipline": "man", "active": true, "name": "Project Management"}, "model": "mainsite.topics", "pk": "m05"}, {"fields": {"discipline": "man", "active": true, "name": "R&D"}, "model": "mainsite.topics", "pk": "m06"}, {"fields": {"discipline": "man", "active": true, "name": "Faculty/Engineering Education"}, "model": "mainsite.topics", "pk": "m07"}, {"fields": {"discipline": "man", "active": true, "name": "HR/People Management"}, "model": "mainsite.topics", "pk": "m08"}, {"fields": {"discipline": "prd", "active": true, "name": "Artificial Lift"}, "model": "mainsite.topics", "pk": "p01"}, {"fields": {"discipline": "prd", "active": true, "name": "Coiled Tubing"}, "model": "mainsite.topics", "pk": "p02"}, {"fields": {"discipline": "prd", "active": true, "name": "Decommisioning/Site Remediation"}, "model": "mainsite.topics", "pk": "p03"}, {"fields": {"discipline": "prd", "active": true, "name": "Field Life Extension"}, "model": "mainsite.topics", "pk": "p04"}, {"fields": {"discipline": "prd", "active": true, "name": "Intelligent Fields/Surveillance"}, "model": "mainsite.topics", "pk": "p05"}, {"fields": {"discipline": "prd", "active": true, "name": "Marginal/Aging Fields"}, "model": "mainsite.topics", "pk": "p06"}, {"fields": {"discipline": "prd", "active": true, "name": "Production Chemistry"}, "model": "mainsite.topics", "pk": "p07"}, {"fields": {"discipline": "prd", "active": true, "name": "Sand Management/Control"}, "model": "mainsite.topics", "pk": "p08"}, {"fields": {"discipline": "prd", "active": true, "name": "Water Treatment and Management"}, "model": "mainsite.topics", "pk": "p09"}, {"fields": {"discipline": "prd", "active": true, "name": "Well Intervention"}, "model": "mainsite.topics", "pk": "p10"}, {"fields": {"discipline": "rdd", "active": true, "name": "Carbon Capture & Storage"}, "model": "mainsite.topics", "pk": "r01"}, {"fields": {"discipline": "rdd", "active": true, "name": "Enhanced Recovery"}, "model": "mainsite.topics", "pk": "r02"}, {"fields": {"discipline": "rdd", "active": true, "name": "HP/HT"}, "model": "mainsite.topics", "pk": "r03"}, {"fields": {"discipline": "rdd", "active": true, "name": "Intelligent Fields/Surveillance"}, "model": "mainsite.topics", "pk": "r04"}, {"fields": {"discipline": "rdd", "active": true, "name": "Marginal/Aging Fields"}, "model": "mainsite.topics", "pk": "r05"}, {"fields": {"discipline": "rdd", "active": true, "name": "Petroleum Reserves"}, "model": "mainsite.topics", "pk": "r06"}, {"fields": {"discipline": "rdd", "active": true, "name": "Petrophysics/Geophysics"}, "model": "mainsite.topics", "pk": "r07"}, {"fields": {"discipline": "rdd", "active": true, "name": "Reservoir Characterization"}, "model": "mainsite.topics", "pk": "r08"}, {"fields": {"discipline": "rdd", "active": true, "name": "Reservoir Management"}, "model": "mainsite.topics", "pk": "r09"}, {"fields": {"discipline": "rdd", "active": true, "name": "Reservoir Simulation"}, "model": "mainsite.topics", "pk": "r10"}, {"fields": {"sort_order": 0, "type": "MEMBERSHIP", "description": "Century Club Membership"}, "model": "mainsite.customerclassification", "pk": "10YR"}, {"fields": {"sort_order": 0, "type": "MEMBERSHIP", "description": "25 Year Membership"}, "model": "mainsite.customerclassification", "pk": "25YR"}, {"fields": {"sort_order": 0, "type": "MEMBERSHIP", "description": "Board of Director"}, "model": "mainsite.customerclassification", "pk": "BOD"}, {"fields": {"sort_order": 0, "type": "MEMBERSHIP", "description": "Committee Officer"}, "model": "mainsite.customerclassification", "pk": "COMMITTEE"}, {"fields": {"sort_order": 0, "type": "MEMBERSHIP", "description": "Grad Student"}, "model": "mainsite.customerclassification", "pk": "GRAD"}, {"fields": {"sort_order": 0, "type": "MEMBERSHIP", "description": "Lifetime Member"}, "model": "mainsite.customerclassification", "pk": "LIFETIME"}, {"fields": {"sort_order": 0, "type": "MEMBERSHIP", "description": "Legion of Honor"}, "model": "mainsite.customerclassification", "pk": "LOH"}, {"fields": {"sort_order": 0, "type": "MEMBERSHIP", "description": "1st Year Graduate"}, "model": "mainsite.customerclassification", "pk": "NEW_GRAD_Y1"}, {"fields": {"sort_order": 0, "type": "MEMBERSHIP", "description": "2nd Year Graduate"}, "model": "mainsite.customerclassification", "pk": "NEW_GRAD_Y2"}, {"fields": {"sort_order": 0, "type": "MEMBERSHIP", "description": "Professional"}, "model": "mainsite.customerclassification", "pk": "PROFESSIONAL"}, {"fields": {"sort_order": 0, "type": "MEMBERSHIP", "description": "Staff"}, "model": "mainsite.customerclassification", "pk": "STAFF"}, {"fields": {"sort_order": 0, "type": "MEMBERSHIP", "description": "Student"}, "model": "mainsite.customerclassification", "pk": "STUDENT"}, {"fields": {"sort_order": 0, "type": "MEMBERSHIP", "description": "Young Professional"}, "model": "mainsite.customerclassification", "pk": "YP"}, {"fields": {"txt": "<h3><strong>THIS IS AN ALERT!</strong></h3>\r\n\r\n<p>So, be a lert, we need all the lerts we can get.</p>\r\n", "cls": "tile-alert"}, "model": "mainsite.textwithclass", "pk": 1}, {"fields": {"txt": "<h3>Who We Are</h3>\r\n\r\n<p>SPE is the largest individual member organization serving managers, engineers, scientists and other professionals worldwide in the upstream segment of the oil and gas industry.</p>\r\n\r\n<p><a href=\"/about/\">More about SPE</a></p>\r\n", "cls": "tile-blue"}, "model": "mainsite.textwithclass", "pk": 6}, {"fields": {"txt": "<h3><strong>THIS IS AN ALERT!</strong></h3>\r\n\r\n<p>So, be a lert, we need all the lerts we can get.</p>\r\n", "cls": "tile-alert"}, "model": "mainsite.textwithclass", "pk": 8}, {"fields": {"txt": "<h3>Who We Are</h3>\r\n\r\n<p>SPE is the largest individual member organization serving managers, engineers, scientists and other professionals worldwide in the upstream segment of the oil and gas industry.</p>\r\n\r\n<p><a href=\"/about/\">More about SPE</a></p>\r\n", "cls": "tile-blue"}, "model": "mainsite.textwithclass", "pk": 13}]