[{"fields": {"clipboard": 1, "user": 2, "language": "en"}, "model": "cms.usersettings", "pk": 1}, {"fields": {"clipboard": 88, "user": 3, "language": "en"}, "model": "cms.usersettings", "pk": 2}, {"fields": {"navigation_extenders": null, "site": 1, "application_namespace": null, "path": "0001", "in_navigation": false, "reverse_id": null, "login_required": false, "created_by": "script", "languages": "en", "publication_end_date": null, "template": "www_3col.html", "placeholders": [2, 3, 4, 5, 23, 24], "changed_date": "2016-03-23T19:27:42.628Z", "limit_visibility_in_menu": null, "parent": null, "numchild": 0, "soft_root": false, "is_home": true, "publication_date": "2016-03-14T18:59:15.185Z", "creation_date": "2016-03-14T18:33:03.871Z", "publisher_public": 2, "application_urls": null, "changed_by": "jboden", "publisher_is_draft": true, "xframe_options": 0, "depth": 1, "revision_id": 0}, "model": "cms.page", "pk": 1}, {"fields": {"navigation_extenders": null, "site": 1, "application_namespace": null, "path": "0002", "in_navigation": false, "reverse_id": null, "login_required": false, "created_by": "jtoony", "languages": "en", "publication_end_date": null, "template": "www_3col.html", "placeholders": [6, 7, 8, 9, 20, 22], "changed_date": "2016-03-23T19:27:07.340Z", "limit_visibility_in_menu": null, "parent": null, "numchild": 0, "soft_root": false, "is_home": true, "publication_date": "2016-03-14T18:59:15.185Z", "creation_date": "2016-03-14T18:59:15.192Z", "publisher_public": 1, "application_urls": null, "changed_by": "jboden", "publisher_is_draft": false, "xframe_options": 0, "depth": 1, "revision_id": 0}, "model": "cms.page", "pk": 2}, {"fields": {"navigation_extenders": null, "site": 1, "application_namespace": null, "path": "00030001", "in_navigation": true, "reverse_id": null, "login_required": false, "created_by": "jtoony", "languages": "en", "publication_end_date": null, "template": "ogf_home.html", "placeholders": [10, 11, 12, 13, 18, 21], "changed_date": "2016-03-23T19:26:52.062Z", "limit_visibility_in_menu": null, "parent": 18, "numchild": 0, "soft_root": false, "is_home": false, "publication_date": "2016-03-14T20:07:24.226Z", "creation_date": "2016-03-14T20:04:06.846Z", "publisher_public": 4, "application_urls": null, "changed_by": "jboden", "publisher_is_draft": true, "xframe_options": 0, "depth": 2, "revision_id": 0}, "model": "cms.page", "pk": 3}, {"fields": {"navigation_extenders": null, "site": 1, "application_namespace": null, "path": "00040001", "in_navigation": true, "reverse_id": null, "login_required": false, "created_by": "jtoony", "languages": "en", "publication_end_date": null, "template": "ogf_home.html", "placeholders": [14, 15, 16, 17, 19, 25], "changed_date": "2016-03-23T19:27:07.208Z", "limit_visibility_in_menu": null, "parent": 19, "numchild": 0, "soft_root": false, "is_home": false, "publication_date": "2016-03-14T20:07:24.226Z", "creation_date": "2016-03-14T20:07:24.234Z", "publisher_public": 3, "application_urls": null, "changed_by": "jboden", "publisher_is_draft": false, "xframe_options": 0, "depth": 2, "revision_id": 0}, "model": "cms.page", "pk": 4}, {"fields": {"navigation_extenders": null, "site": 1, "application_namespace": null, "path": "00030002", "in_navigation": true, "reverse_id": null, "login_required": false, "created_by": "jtoony", "languages": "en", "publication_end_date": null, "template": "ogf_subpage.html", "placeholders": [26, 27, 28, 29, 30, 31], "changed_date": "2016-03-23T19:27:21.048Z", "limit_visibility_in_menu": null, "parent": 18, "numchild": 0, "soft_root": false, "is_home": false, "publication_date": "2016-03-14T20:07:24.226Z", "creation_date": "2016-03-16T15:51:35.554Z", "publisher_public": 6, "application_urls": null, "changed_by": "jboden", "publisher_is_draft": true, "xframe_options": 0, "depth": 2, "revision_id": 0}, "model": "cms.page", "pk": 5}, {"fields": {"navigation_extenders": null, "site": 1, "application_namespace": null, "path": "00040002", "in_navigation": true, "reverse_id": null, "login_required": false, "created_by": "jtoony", "languages": "en", "publication_end_date": null, "template": "ogf_subpage.html", "placeholders": [32, 33, 34, 35, 36, 37], "changed_date": "2016-03-23T19:27:20.984Z", "limit_visibility_in_menu": null, "parent": 19, "numchild": 0, "soft_root": false, "is_home": false, "publication_date": "2016-03-14T20:07:24.226Z", "creation_date": "2016-03-16T17:12:03.526Z", "publisher_public": 5, "application_urls": null, "changed_by": "jboden", "publisher_is_draft": false, "xframe_options": 0, "depth": 2, "revision_id": 0}, "model": "cms.page", "pk": 6}, {"fields": {"navigation_extenders": null, "site": 1, "application_namespace": null, "path": "00030004", "in_navigation": true, "reverse_id": null, "login_required": false, "created_by": "jtoony", "languages": "en", "publication_end_date": null, "template": "ogf_subpage.html", "placeholders": [60, 61, 62, 63], "changed_date": "2016-03-23T19:29:08.346Z", "limit_visibility_in_menu": null, "parent": 18, "numchild": 0, "soft_root": false, "is_home": false, "publication_date": "2016-03-21T18:06:30.707Z", "creation_date": "2016-03-21T16:23:40.855Z", "publisher_public": 13, "application_urls": null, "changed_by": "jboden", "publisher_is_draft": true, "xframe_options": 0, "depth": 2, "revision_id": 0}, "model": "cms.page", "pk": 12}, {"fields": {"navigation_extenders": null, "site": 1, "application_namespace": null, "path": "00040004", "in_navigation": true, "reverse_id": null, "login_required": false, "created_by": "jtoony", "languages": "en", "publication_end_date": null, "template": "ogf_subpage.html", "placeholders": [64, 65, 66, 67], "changed_date": "2016-03-23T19:29:08.303Z", "limit_visibility_in_menu": null, "parent": 19, "numchild": 0, "soft_root": false, "is_home": false, "publication_date": "2016-03-21T18:06:30.707Z", "creation_date": "2016-03-21T18:06:30.716Z", "publisher_public": 12, "application_urls": null, "changed_by": "jboden", "publisher_is_draft": false, "xframe_options": 0, "depth": 2, "revision_id": 0}, "model": "cms.page", "pk": 13}, {"fields": {"navigation_extenders": "", "site": 1, "application_namespace": null, "path": "00030003", "in_navigation": false, "reverse_id": null, "login_required": false, "created_by": "jtoony", "languages": "en", "publication_end_date": null, "template": "ogf_subpage.html", "placeholders": [80, 81, 82, 83], "changed_date": "2016-03-23T19:27:30.831Z", "limit_visibility_in_menu": null, "parent": 18, "numchild": 0, "soft_root": false, "is_home": false, "publication_date": "2016-03-22T19:15:09.125Z", "creation_date": "2016-03-21T23:26:17.732Z", "publisher_public": 20, "application_urls": "", "changed_by": "jboden", "publisher_is_draft": true, "xframe_options": 0, "depth": 2, "revision_id": 0}, "model": "cms.page", "pk": 17}, {"fields": {"navigation_extenders": null, "site": 1, "application_namespace": null, "path": "0003", "in_navigation": false, "reverse_id": null, "login_required": false, "created_by": "jtoony", "languages": "en", "publication_end_date": null, "template": "www_3col.html", "placeholders": [84, 85, 86, 87], "changed_date": "2016-03-23T19:27:07.381Z", "limit_visibility_in_menu": null, "parent": null, "numchild": 4, "soft_root": false, "is_home": false, "publication_date": "2016-03-23T19:27:07.057Z", "creation_date": "2016-03-22T13:54:07.399Z", "publisher_public": 19, "application_urls": null, "changed_by": "jboden", "publisher_is_draft": true, "xframe_options": 0, "depth": 1, "revision_id": 0}, "model": "cms.page", "pk": 18}, {"fields": {"navigation_extenders": null, "site": 1, "application_namespace": null, "path": "0004", "in_navigation": false, "reverse_id": null, "login_required": false, "created_by": "jboden", "languages": "en", "publication_end_date": null, "template": "www_3col.html", "placeholders": [89, 90, 91, 92], "changed_date": "2016-03-23T19:27:07.140Z", "limit_visibility_in_menu": null, "parent": null, "numchild": 4, "soft_root": false, "is_home": false, "publication_date": "2016-03-23T19:27:07.057Z", "creation_date": "2016-03-23T19:27:07.063Z", "publisher_public": 18, "application_urls": null, "changed_by": "jboden", "publisher_is_draft": false, "xframe_options": 0, "depth": 1, "revision_id": 0}, "model": "cms.page", "pk": 19}, {"fields": {"navigation_extenders": "", "site": 1, "application_namespace": null, "path": "00040003", "in_navigation": false, "reverse_id": null, "login_required": false, "created_by": "jboden", "languages": "en", "publication_end_date": null, "template": "ogf_subpage.html", "placeholders": [93, 94, 95, 96], "changed_date": "2016-03-23T19:27:30.751Z", "limit_visibility_in_menu": null, "parent": 19, "numchild": 0, "soft_root": false, "is_home": false, "publication_date": "2016-03-22T19:15:09.125Z", "creation_date": "2016-03-23T19:27:30.612Z", "publisher_public": 17, "application_urls": "", "changed_by": "jboden", "publisher_is_draft": false, "xframe_options": 0, "depth": 2, "revision_id": 0}, "model": "cms.page", "pk": 20}, {"fields": {"slot": "clipboard", "default_width": null}, "model": "cms.placeholder", "pk": 1}, {"fields": {"slot": "notice", "default_width": null}, "model": "cms.placeholder", "pk": 2}, {"fields": {"slot": "content", "default_width": null}, "model": "cms.placeholder", "pk": 3}, {"fields": {"slot": "aside", "default_width": null}, "model": "cms.placeholder", "pk": 4}, {"fields": {"slot": "additional-content", "default_width": null}, "model": "cms.placeholder", "pk": 5}, {"fields": {"slot": "notice", "default_width": null}, "model": "cms.placeholder", "pk": 6}, {"fields": {"slot": "content", "default_width": null}, "model": "cms.placeholder", "pk": 7}, {"fields": {"slot": "aside", "default_width": null}, "model": "cms.placeholder", "pk": 8}, {"fields": {"slot": "additional-content", "default_width": null}, "model": "cms.placeholder", "pk": 9}, {"fields": {"slot": "notice", "default_width": null}, "model": "cms.placeholder", "pk": 10}, {"fields": {"slot": "content", "default_width": null}, "model": "cms.placeholder", "pk": 11}, {"fields": {"slot": "aside", "default_width": null}, "model": "cms.placeholder", "pk": 12}, {"fields": {"slot": "additional-content", "default_width": null}, "model": "cms.placeholder", "pk": 13}, {"fields": {"slot": "notice", "default_width": null}, "model": "cms.placeholder", "pk": 14}, {"fields": {"slot": "content", "default_width": null}, "model": "cms.placeholder", "pk": 15}, {"fields": {"slot": "aside", "default_width": null}, "model": "cms.placeholder", "pk": 16}, {"fields": {"slot": "additional-content", "default_width": null}, "model": "cms.placeholder", "pk": 17}, {"fields": {"slot": "feature", "default_width": null}, "model": "cms.placeholder", "pk": 18}, {"fields": {"slot": "feature", "default_width": null}, "model": "cms.placeholder", "pk": 19}, {"fields": {"slot": "feature", "default_width": null}, "model": "cms.placeholder", "pk": 20}, {"fields": {"slot": "editorial", "default_width": null}, "model": "cms.placeholder", "pk": 21}, {"fields": {"slot": "editorial", "default_width": null}, "model": "cms.placeholder", "pk": 22}, {"fields": {"slot": "feature", "default_width": null}, "model": "cms.placeholder", "pk": 23}, {"fields": {"slot": "editorial", "default_width": null}, "model": "cms.placeholder", "pk": 24}, {"fields": {"slot": "editorial", "default_width": null}, "model": "cms.placeholder", "pk": 25}, {"fields": {"slot": "feature", "default_width": null}, "model": "cms.placeholder", "pk": 26}, {"fields": {"slot": "editorial", "default_width": null}, "model": "cms.placeholder", "pk": 27}, {"fields": {"slot": "notice", "default_width": null}, "model": "cms.placeholder", "pk": 28}, {"fields": {"slot": "content", "default_width": null}, "model": "cms.placeholder", "pk": 29}, {"fields": {"slot": "aside", "default_width": null}, "model": "cms.placeholder", "pk": 30}, {"fields": {"slot": "additional-content", "default_width": null}, "model": "cms.placeholder", "pk": 31}, {"fields": {"slot": "notice", "default_width": null}, "model": "cms.placeholder", "pk": 32}, {"fields": {"slot": "content", "default_width": null}, "model": "cms.placeholder", "pk": 33}, {"fields": {"slot": "aside", "default_width": null}, "model": "cms.placeholder", "pk": 34}, {"fields": {"slot": "additional-content", "default_width": null}, "model": "cms.placeholder", "pk": 35}, {"fields": {"slot": "feature", "default_width": null}, "model": "cms.placeholder", "pk": 36}, {"fields": {"slot": "editorial", "default_width": null}, "model": "cms.placeholder", "pk": 37}, {"fields": {"slot": "notice", "default_width": null}, "model": "cms.placeholder", "pk": 60}, {"fields": {"slot": "content", "default_width": null}, "model": "cms.placeholder", "pk": 61}, {"fields": {"slot": "aside", "default_width": null}, "model": "cms.placeholder", "pk": 62}, {"fields": {"slot": "additional-content", "default_width": null}, "model": "cms.placeholder", "pk": 63}, {"fields": {"slot": "notice", "default_width": null}, "model": "cms.placeholder", "pk": 64}, {"fields": {"slot": "content", "default_width": null}, "model": "cms.placeholder", "pk": 65}, {"fields": {"slot": "aside", "default_width": null}, "model": "cms.placeholder", "pk": 66}, {"fields": {"slot": "additional-content", "default_width": null}, "model": "cms.placeholder", "pk": 67}, {"fields": {"slot": "notice", "default_width": null}, "model": "cms.placeholder", "pk": 80}, {"fields": {"slot": "content", "default_width": null}, "model": "cms.placeholder", "pk": 81}, {"fields": {"slot": "aside", "default_width": null}, "model": "cms.placeholder", "pk": 82}, {"fields": {"slot": "additional-content", "default_width": null}, "model": "cms.placeholder", "pk": 83}, {"fields": {"slot": "notice", "default_width": null}, "model": "cms.placeholder", "pk": 84}, {"fields": {"slot": "content", "default_width": null}, "model": "cms.placeholder", "pk": 85}, {"fields": {"slot": "aside", "default_width": null}, "model": "cms.placeholder", "pk": 86}, {"fields": {"slot": "additional-content", "default_width": null}, "model": "cms.placeholder", "pk": 87}, {"fields": {"slot": "clipboard", "default_width": null}, "model": "cms.placeholder", "pk": 88}, {"fields": {"slot": "notice", "default_width": null}, "model": "cms.placeholder", "pk": 89}, {"fields": {"slot": "content", "default_width": null}, "model": "cms.placeholder", "pk": 90}, {"fields": {"slot": "aside", "default_width": null}, "model": "cms.placeholder", "pk": 91}, {"fields": {"slot": "additional-content", "default_width": null}, "model": "cms.placeholder", "pk": 92}, {"fields": {"slot": "notice", "default_width": null}, "model": "cms.placeholder", "pk": 93}, {"fields": {"slot": "content", "default_width": null}, "model": "cms.placeholder", "pk": 94}, {"fields": {"slot": "aside", "default_width": null}, "model": "cms.placeholder", "pk": 95}, {"fields": {"slot": "additional-content", "default_width": null}, "model": "cms.placeholder", "pk": 96}, {"fields": {"changed_date": "2016-03-16T12:58:59.449Z", "language": "en", "parent": null, "numchild": 0, "creation_date": "2016-03-14T18:51:45.314Z", "depth": 1, "position": 0, "path": "0001", "placeholder": 2, "plugin_type": "ShowTextWithClassPlugin"}, "model": "cms.cmsplugin", "pk": 1}, {"fields": {"changed_date": "2016-03-14T18:55:13.137Z", "language": "en", "parent": null, "numchild": 0, "creation_date": "2016-03-14T18:54:51.859Z", "depth": 1, "position": 0, "path": "0002", "placeholder": 3, "plugin_type": "ShowArticlesListingPlugin"}, "model": "cms.cmsplugin", "pk": 2}, {"fields": {"changed_date": "2016-03-14T18:56:16.531Z", "language": "en", "parent": null, "numchild": 0, "creation_date": "2016-03-14T18:56:05.580Z", "depth": 1, "position": 1, "path": "0003", "placeholder": 3, "plugin_type": "ShowArticlesListingPlugin"}, "model": "cms.cmsplugin", "pk": 3}, {"fields": {"changed_date": "2016-03-14T18:57:18.041Z", "language": "en", "parent": null, "numchild": 0, "creation_date": "2016-03-14T18:57:13.678Z", "depth": 1, "position": 0, "path": "0004", "placeholder": 4, "plugin_type": "SpeLinkPluginPublisher"}, "model": "cms.cmsplugin", "pk": 4}, {"fields": {"changed_date": "2016-03-14T18:57:30.128Z", "language": "en", "parent": null, "numchild": 0, "creation_date": "2016-03-14T18:57:25.581Z", "depth": 1, "position": 1, "path": "0005", "placeholder": 4, "plugin_type": "SpeLinkPluginPublisher"}, "model": "cms.cmsplugin", "pk": 5}, {"fields": {"changed_date": "2016-03-14T18:58:33.051Z", "language": "en", "parent": null, "numchild": 0, "creation_date": "2016-03-14T18:57:35.998Z", "depth": 1, "position": 0, "path": "0006", "placeholder": 5, "plugin_type": "ShowTextWithClassPlugin"}, "model": "cms.cmsplugin", "pk": 6}, {"fields": {"changed_date": "2016-03-14T18:59:08.851Z", "language": "en", "parent": null, "numchild": 0, "creation_date": "2016-03-14T18:59:05.058Z", "depth": 1, "position": 1, "path": "0007", "placeholder": 5, "plugin_type": "SpeLinkPluginPublisher"}, "model": "cms.cmsplugin", "pk": 7}, {"fields": {"changed_date": "2016-03-15T18:59:52.652Z", "language": "en", "parent": null, "numchild": 0, "creation_date": "2016-03-14T20:04:43.075Z", "depth": 1, "position": 2, "path": "0027", "placeholder": 12, "plugin_type": "ShowTextWithClassPlugin"}, "model": "cms.cmsplugin", "pk": 15}, {"fields": {"changed_date": "2016-03-15T19:23:10.490Z", "language": "en", "parent": null, "numchild": 0, "creation_date": "2016-03-14T20:06:11.065Z", "depth": 1, "position": 1, "path": "000H", "placeholder": 11, "plugin_type": "ShowArticlesListingPlugin"}, "model": "cms.cmsplugin", "pk": 17}, {"fields": {"changed_date": "2016-03-15T19:23:10.484Z", "language": "en", "parent": null, "numchild": 0, "creation_date": "2016-03-14T20:07:04.998Z", "depth": 1, "position": 0, "path": "000I", "placeholder": 11, "plugin_type": "ShowTitlePlugin"}, "model": "cms.cmsplugin", "pk": 18}, {"fields": {"changed_date": "2016-03-15T18:59:52.628Z", "language": "en", "parent": null, "numchild": 0, "creation_date": "2016-03-14T20:17:33.648Z", "depth": 1, "position": 0, "path": "001K", "placeholder": 12, "plugin_type": "ShowTitlePlugin"}, "model": "cms.cmsplugin", "pk": 23}, {"fields": {"changed_date": "2016-03-15T19:18:32.539Z", "language": "en", "parent": null, "numchild": 0, "creation_date": "2016-03-14T20:18:03.009Z", "depth": 1, "position": 0, "path": "000P", "placeholder": 13, "plugin_type": "ShowTitlePlugin"}, "model": "cms.cmsplugin", "pk": 25}, {"fields": {"changed_date": "2016-03-15T19:23:10.497Z", "language": "en", "parent": null, "numchild": 0, "creation_date": "2016-03-14T20:43:59.758Z", "depth": 1, "position": 2, "path": "000Z", "placeholder": 11, "plugin_type": "ShowTitlePlugin"}, "model": "cms.cmsplugin", "pk": 35}, {"fields": {"changed_date": "2016-03-15T18:59:52.634Z", "language": "en", "parent": null, "numchild": 0, "creation_date": "2016-03-15T13:30:06.533Z", "depth": 1, "position": 1, "path": "001J", "placeholder": 12, "plugin_type": "ShowIssuesByPublicationPlugin"}, "model": "cms.cmsplugin", "pk": 42}, {"fields": {"changed_date": "2016-03-15T17:49:18.638Z", "language": "en", "parent": null, "numchild": 0, "creation_date": "2016-03-15T17:49:09.023Z", "depth": 1, "position": 0, "path": "001N", "placeholder": 21, "plugin_type": "ShowEditorialPlugin"}, "model": "cms.cmsplugin", "pk": 75}, {"fields": {"changed_date": "2016-03-15T18:59:52.640Z", "language": "en", "parent": null, "numchild": 0, "creation_date": "2016-03-15T18:45:14.103Z", "depth": 1, "position": 3, "path": "0022", "placeholder": 12, "plugin_type": "ShowAdSpeedZonePlugin"}, "model": "cms.cmsplugin", "pk": 95}, {"fields": {"changed_date": "2016-03-15T20:53:17.212Z", "language": "en", "parent": null, "numchild": 0, "creation_date": "2016-03-15T18:54:09.285Z", "depth": 1, "position": 3, "path": "0025", "placeholder": 11, "plugin_type": "ShowArticlesListingPlugin"}, "model": "cms.cmsplugin", "pk": 96}, {"fields": {"changed_date": "2016-03-15T20:53:17.216Z", "language": "en", "parent": null, "numchild": 0, "creation_date": "2016-03-15T18:57:12.314Z", "depth": 1, "position": 4, "path": "0026", "placeholder": 11, "plugin_type": "ShowArticlesListingPlugin"}, "model": "cms.cmsplugin", "pk": 97}, {"fields": {"changed_date": "2016-03-15T19:18:32.549Z", "language": "en", "parent": null, "numchild": 0, "creation_date": "2016-03-15T19:00:45.136Z", "depth": 1, "position": 1, "path": "0029", "placeholder": 13, "plugin_type": "ShowArticlesListingPlugin"}, "model": "cms.cmsplugin", "pk": 98}, {"fields": {"changed_date": "2016-03-15T19:18:32.568Z", "language": "en", "parent": null, "numchild": 0, "creation_date": "2016-03-15T19:18:20.762Z", "depth": 1, "position": 2, "path": "002A", "placeholder": 13, "plugin_type": "ShowAdSpeedZonePlugin"}, "model": "cms.cmsplugin", "pk": 99}, {"fields": {"changed_date": "2016-03-15T20:53:17.225Z", "language": "en", "parent": null, "numchild": 0, "creation_date": "2016-03-15T19:19:09.759Z", "depth": 1, "position": 6, "path": "002B", "placeholder": 11, "plugin_type": "ShowTitlePlugin"}, "model": "cms.cmsplugin", "pk": 100}, {"fields": {"changed_date": "2016-03-15T20:53:17.221Z", "language": "en", "parent": null, "numchild": 0, "creation_date": "2016-03-15T19:20:51.737Z", "depth": 1, "position": 5, "path": "002E", "placeholder": 11, "plugin_type": "ShowArticlesListingPlugin"}, "model": "cms.cmsplugin", "pk": 102}, {"fields": {"changed_date": "2016-03-15T20:53:17.230Z", "language": "en", "parent": null, "numchild": 0, "creation_date": "2016-03-15T19:28:23.202Z", "depth": 1, "position": 7, "path": "002F", "placeholder": 11, "plugin_type": "ShowArticlesPlugin"}, "model": "cms.cmsplugin", "pk": 105}, {"fields": {"changed_date": "2016-03-15T20:53:17.234Z", "language": "en", "parent": null, "numchild": 0, "creation_date": "2016-03-15T20:46:15.837Z", "depth": 1, "position": 8, "path": "002G", "placeholder": 11, "plugin_type": "ShowTitlePlugin"}, "model": "cms.cmsplugin", "pk": 106}, {"fields": {"changed_date": "2016-03-15T20:53:17.238Z", "language": "en", "parent": null, "numchild": 0, "creation_date": "2016-03-15T20:46:44.740Z", "depth": 1, "position": 9, "path": "002H", "placeholder": 11, "plugin_type": "ShowArticlesPlugin"}, "model": "cms.cmsplugin", "pk": 107}, {"fields": {"changed_date": "2016-03-16T13:07:44.072Z", "language": "en", "parent": null, "numchild": 0, "creation_date": "2016-03-16T12:47:40.258Z", "depth": 1, "position": 0, "path": "0041", "placeholder": 18, "plugin_type": "ShowArticlesListingPlugin"}, "model": "cms.cmsplugin", "pk": 132}, {"fields": {"changed_date": "2016-03-16T17:11:57.078Z", "language": "en", "parent": null, "numchild": 0, "creation_date": "2016-03-15T19:19:09.759Z", "depth": 1, "position": 0, "path": "0047", "placeholder": 29, "plugin_type": "ShowTitlePlugin"}, "model": "cms.cmsplugin", "pk": 167}, {"fields": {"changed_date": "2016-03-16T17:11:39.967Z", "language": "en", "parent": null, "numchild": 0, "creation_date": "2016-03-15T19:28:23.202Z", "depth": 1, "position": 1, "path": "0049", "placeholder": 29, "plugin_type": "ShowArticlesPlugin"}, "model": "cms.cmsplugin", "pk": 169}, {"fields": {"changed_date": "2016-03-16T15:51:35.707Z", "language": "en", "parent": null, "numchild": 0, "creation_date": "2016-03-15T13:30:06.533Z", "depth": 1, "position": 1, "path": "004C", "placeholder": 30, "plugin_type": "ShowIssuesByPublicationPlugin"}, "model": "cms.cmsplugin", "pk": 172}, {"fields": {"changed_date": "2016-03-16T15:51:35.715Z", "language": "en", "parent": null, "numchild": 0, "creation_date": "2016-03-14T20:17:33.648Z", "depth": 1, "position": 0, "path": "004D", "placeholder": 30, "plugin_type": "ShowTitlePlugin"}, "model": "cms.cmsplugin", "pk": 173}, {"fields": {"changed_date": "2016-03-16T15:51:35.722Z", "language": "en", "parent": null, "numchild": 0, "creation_date": "2016-03-15T18:45:14.103Z", "depth": 1, "position": 3, "path": "004E", "placeholder": 30, "plugin_type": "ShowAdSpeedZonePlugin"}, "model": "cms.cmsplugin", "pk": 174}, {"fields": {"changed_date": "2016-03-16T15:51:35.730Z", "language": "en", "parent": null, "numchild": 0, "creation_date": "2016-03-14T20:04:43.075Z", "depth": 1, "position": 2, "path": "004F", "placeholder": 30, "plugin_type": "ShowTextWithClassPlugin"}, "model": "cms.cmsplugin", "pk": 175}, {"fields": {"changed_date": "2016-03-16T15:51:35.744Z", "language": "en", "parent": null, "numchild": 0, "creation_date": "2016-03-14T20:18:03.009Z", "depth": 1, "position": 0, "path": "004G", "placeholder": 31, "plugin_type": "ShowTitlePlugin"}, "model": "cms.cmsplugin", "pk": 176}, {"fields": {"changed_date": "2016-03-16T15:51:35.752Z", "language": "en", "parent": null, "numchild": 0, "creation_date": "2016-03-14T20:18:26.084Z", "depth": 1, "position": 4, "path": "004H", "placeholder": 31, "plugin_type": "SpeLinkPluginPublisher"}, "model": "cms.cmsplugin", "pk": 177}, {"fields": {"changed_date": "2016-03-16T15:51:35.760Z", "language": "en", "parent": null, "numchild": 0, "creation_date": "2016-03-14T20:17:49.690Z", "depth": 1, "position": 3, "path": "004I", "placeholder": 31, "plugin_type": "SpeLinkPluginPublisher"}, "model": "cms.cmsplugin", "pk": 178}, {"fields": {"changed_date": "2016-03-16T15:51:35.767Z", "language": "en", "parent": null, "numchild": 0, "creation_date": "2016-03-15T19:00:45.136Z", "depth": 1, "position": 1, "path": "004J", "placeholder": 31, "plugin_type": "ShowArticlesListingPlugin"}, "model": "cms.cmsplugin", "pk": 179}, {"fields": {"changed_date": "2016-03-16T15:51:35.774Z", "language": "en", "parent": null, "numchild": 0, "creation_date": "2016-03-15T19:18:20.762Z", "depth": 1, "position": 2, "path": "004K", "placeholder": 31, "plugin_type": "ShowAdSpeedZonePlugin"}, "model": "cms.cmsplugin", "pk": 180}, {"fields": {"changed_date": "2016-03-21T15:11:01.700Z", "language": "en", "parent": null, "numchild": 0, "creation_date": "2016-03-14T20:06:11.065Z", "depth": 1, "position": 1, "path": "005H", "placeholder": 15, "plugin_type": "ShowArticlesListingPlugin"}, "model": "cms.cmsplugin", "pk": 239}, {"fields": {"changed_date": "2016-03-21T15:11:01.706Z", "language": "en", "parent": null, "numchild": 0, "creation_date": "2016-03-14T20:07:04.998Z", "depth": 1, "position": 0, "path": "005I", "placeholder": 15, "plugin_type": "ShowTitlePlugin"}, "model": "cms.cmsplugin", "pk": 240}, {"fields": {"changed_date": "2016-03-21T15:11:01.712Z", "language": "en", "parent": null, "numchild": 0, "creation_date": "2016-03-14T20:43:59.758Z", "depth": 1, "position": 2, "path": "005J", "placeholder": 15, "plugin_type": "ShowTitlePlugin"}, "model": "cms.cmsplugin", "pk": 241}, {"fields": {"changed_date": "2016-03-21T15:11:01.719Z", "language": "en", "parent": null, "numchild": 0, "creation_date": "2016-03-15T18:54:09.285Z", "depth": 1, "position": 3, "path": "005K", "placeholder": 15, "plugin_type": "ShowArticlesListingPlugin"}, "model": "cms.cmsplugin", "pk": 242}, {"fields": {"changed_date": "2016-03-21T15:11:01.726Z", "language": "en", "parent": null, "numchild": 0, "creation_date": "2016-03-15T18:57:12.314Z", "depth": 1, "position": 4, "path": "005L", "placeholder": 15, "plugin_type": "ShowArticlesListingPlugin"}, "model": "cms.cmsplugin", "pk": 243}, {"fields": {"changed_date": "2016-03-21T15:11:01.733Z", "language": "en", "parent": null, "numchild": 0, "creation_date": "2016-03-15T19:19:09.759Z", "depth": 1, "position": 6, "path": "005M", "placeholder": 15, "plugin_type": "ShowTitlePlugin"}, "model": "cms.cmsplugin", "pk": 244}, {"fields": {"changed_date": "2016-03-21T15:11:01.739Z", "language": "en", "parent": null, "numchild": 0, "creation_date": "2016-03-15T19:20:51.737Z", "depth": 1, "position": 5, "path": "005N", "placeholder": 15, "plugin_type": "ShowArticlesListingPlugin"}, "model": "cms.cmsplugin", "pk": 245}, {"fields": {"changed_date": "2016-03-21T15:11:01.746Z", "language": "en", "parent": null, "numchild": 0, "creation_date": "2016-03-15T19:28:23.202Z", "depth": 1, "position": 7, "path": "005O", "placeholder": 15, "plugin_type": "ShowArticlesPlugin"}, "model": "cms.cmsplugin", "pk": 246}, {"fields": {"changed_date": "2016-03-21T15:11:01.757Z", "language": "en", "parent": null, "numchild": 0, "creation_date": "2016-03-15T20:46:15.837Z", "depth": 1, "position": 8, "path": "005P", "placeholder": 15, "plugin_type": "ShowTitlePlugin"}, "model": "cms.cmsplugin", "pk": 247}, {"fields": {"changed_date": "2016-03-21T15:11:01.763Z", "language": "en", "parent": null, "numchild": 0, "creation_date": "2016-03-15T20:46:44.740Z", "depth": 1, "position": 9, "path": "005Q", "placeholder": 15, "plugin_type": "ShowArticlesPlugin"}, "model": "cms.cmsplugin", "pk": 248}, {"fields": {"changed_date": "2016-03-21T15:11:01.786Z", "language": "en", "parent": null, "numchild": 0, "creation_date": "2016-03-15T13:30:06.533Z", "depth": 1, "position": 1, "path": "005R", "placeholder": 16, "plugin_type": "ShowIssuesByPublicationPlugin"}, "model": "cms.cmsplugin", "pk": 249}, {"fields": {"changed_date": "2016-03-21T15:11:01.793Z", "language": "en", "parent": null, "numchild": 0, "creation_date": "2016-03-14T20:17:33.648Z", "depth": 1, "position": 0, "path": "005S", "placeholder": 16, "plugin_type": "ShowTitlePlugin"}, "model": "cms.cmsplugin", "pk": 250}, {"fields": {"changed_date": "2016-03-21T15:11:01.799Z", "language": "en", "parent": null, "numchild": 0, "creation_date": "2016-03-15T18:45:14.103Z", "depth": 1, "position": 3, "path": "005T", "placeholder": 16, "plugin_type": "ShowAdSpeedZonePlugin"}, "model": "cms.cmsplugin", "pk": 251}, {"fields": {"changed_date": "2016-03-21T15:11:01.806Z", "language": "en", "parent": null, "numchild": 0, "creation_date": "2016-03-14T20:04:43.075Z", "depth": 1, "position": 2, "path": "005U", "placeholder": 16, "plugin_type": "ShowTextWithClassPlugin"}, "model": "cms.cmsplugin", "pk": 252}, {"fields": {"changed_date": "2016-03-21T15:11:01.818Z", "language": "en", "parent": null, "numchild": 0, "creation_date": "2016-03-14T20:18:03.009Z", "depth": 1, "position": 0, "path": "005V", "placeholder": 17, "plugin_type": "ShowTitlePlugin"}, "model": "cms.cmsplugin", "pk": 253}, {"fields": {"changed_date": "2016-03-21T15:11:01.825Z", "language": "en", "parent": null, "numchild": 0, "creation_date": "2016-03-15T19:00:45.136Z", "depth": 1, "position": 1, "path": "005W", "placeholder": 17, "plugin_type": "ShowArticlesListingPlugin"}, "model": "cms.cmsplugin", "pk": 254}, {"fields": {"changed_date": "2016-03-21T15:11:01.832Z", "language": "en", "parent": null, "numchild": 0, "creation_date": "2016-03-15T19:18:20.762Z", "depth": 1, "position": 2, "path": "005X", "placeholder": 17, "plugin_type": "ShowAdSpeedZonePlugin"}, "model": "cms.cmsplugin", "pk": 255}, {"fields": {"changed_date": "2016-03-21T15:11:01.843Z", "language": "en", "parent": null, "numchild": 0, "creation_date": "2016-03-16T12:47:40.258Z", "depth": 1, "position": 0, "path": "005Y", "placeholder": 19, "plugin_type": "ShowArticlesListingPlugin"}, "model": "cms.cmsplugin", "pk": 256}, {"fields": {"changed_date": "2016-03-21T15:11:01.852Z", "language": "en", "parent": null, "numchild": 0, "creation_date": "2016-03-15T17:49:09.023Z", "depth": 1, "position": 0, "path": "005Z", "placeholder": 25, "plugin_type": "ShowEditorialPlugin"}, "model": "cms.cmsplugin", "pk": 257}, {"fields": {"changed_date": "2016-03-21T16:24:08.436Z", "language": "en", "parent": null, "numchild": 0, "creation_date": "2016-03-21T16:24:03.689Z", "depth": 1, "position": 0, "path": "0060", "placeholder": 61, "plugin_type": "ShowIssuesByYearPlugin"}, "model": "cms.cmsplugin", "pk": 259}, {"fields": {"changed_date": "2016-03-23T13:40:08.971Z", "language": "en", "parent": null, "numchild": 0, "creation_date": "2016-03-21T23:28:20.091Z", "depth": 1, "position": 1, "path": "0063", "placeholder": 81, "plugin_type": "ShowArticleDetailPlugin"}, "model": "cms.cmsplugin", "pk": 263}, {"fields": {"changed_date": "2016-03-23T13:40:28.777Z", "language": "en", "parent": null, "numchild": 0, "creation_date": "2016-03-22T12:01:21.349Z", "depth": 1, "position": 1, "path": "0065", "placeholder": 82, "plugin_type": "ShowTitlePlugin"}, "model": "cms.cmsplugin", "pk": 265}, {"fields": {"changed_date": "2016-03-23T13:40:28.782Z", "language": "en", "parent": null, "numchild": 0, "creation_date": "2016-03-22T12:01:53.059Z", "depth": 1, "position": 2, "path": "0066", "placeholder": 82, "plugin_type": "ShowIssuesByPublicationPlugin"}, "model": "cms.cmsplugin", "pk": 266}, {"fields": {"changed_date": "2016-03-23T13:40:28.788Z", "language": "en", "parent": null, "numchild": 0, "creation_date": "2016-03-22T12:03:51.424Z", "depth": 1, "position": 3, "path": "0067", "placeholder": 82, "plugin_type": "ShowAdSpeedZonePlugin"}, "model": "cms.cmsplugin", "pk": 267}, {"fields": {"changed_date": "2016-03-23T11:11:55.992Z", "language": "en", "parent": null, "numchild": 0, "creation_date": "2016-03-22T12:04:20.623Z", "depth": 1, "position": 0, "path": "0068", "placeholder": 83, "plugin_type": "ShowTitlePlugin"}, "model": "cms.cmsplugin", "pk": 268}, {"fields": {"changed_date": "2016-03-23T11:11:55.997Z", "language": "en", "parent": null, "numchild": 0, "creation_date": "2016-03-22T12:04:53.733Z", "depth": 1, "position": 1, "path": "0069", "placeholder": 83, "plugin_type": "ShowArticlesPlugin"}, "model": "cms.cmsplugin", "pk": 269}, {"fields": {"changed_date": "2016-03-23T11:11:56.001Z", "language": "en", "parent": null, "numchild": 0, "creation_date": "2016-03-22T12:05:12.822Z", "depth": 1, "position": 2, "path": "006A", "placeholder": 83, "plugin_type": "ShowAdSpeedZonePlugin"}, "model": "cms.cmsplugin", "pk": 270}, {"fields": {"changed_date": "2016-03-23T13:40:08.976Z", "language": "en", "parent": null, "numchild": 0, "creation_date": "2016-03-22T12:49:27.350Z", "depth": 1, "position": 2, "path": "006B", "placeholder": 81, "plugin_type": "ShowTitlePlugin"}, "model": "cms.cmsplugin", "pk": 271}, {"fields": {"changed_date": "2016-03-23T13:40:08.980Z", "language": "en", "parent": null, "numchild": 0, "creation_date": "2016-03-22T12:49:51.867Z", "depth": 1, "position": 3, "path": "006C", "placeholder": 81, "plugin_type": "ShowArticlesListingPlugin"}, "model": "cms.cmsplugin", "pk": 272}, {"fields": {"changed_date": "2016-03-23T11:12:18.092Z", "language": "en", "parent": null, "numchild": 0, "creation_date": "2016-03-22T15:38:11.406Z", "depth": 1, "position": 4, "path": "006D", "placeholder": 83, "plugin_type": "ShowEventsByCurrentLocationPluginPlugin"}, "model": "cms.cmsplugin", "pk": 273}, {"fields": {"changed_date": "2016-03-23T11:11:56.011Z", "language": "en", "parent": null, "numchild": 0, "creation_date": "2016-03-23T11:11:45.423Z", "depth": 1, "position": 3, "path": "006E", "placeholder": 83, "plugin_type": "ShowTitlePlugin"}, "model": "cms.cmsplugin", "pk": 274}, {"fields": {"changed_date": "2016-03-23T12:58:54.158Z", "language": "en", "parent": null, "numchild": 0, "creation_date": "2016-03-14T18:51:45.314Z", "depth": 1, "position": 0, "path": "006F", "placeholder": 6, "plugin_type": "ShowTextWithClassPlugin"}, "model": "cms.cmsplugin", "pk": 275}, {"fields": {"changed_date": "2016-03-23T12:58:54.168Z", "language": "en", "parent": null, "numchild": 0, "creation_date": "2016-03-14T18:54:51.859Z", "depth": 1, "position": 0, "path": "006G", "placeholder": 7, "plugin_type": "ShowArticlesListingPlugin"}, "model": "cms.cmsplugin", "pk": 276}, {"fields": {"changed_date": "2016-03-23T12:58:54.176Z", "language": "en", "parent": null, "numchild": 0, "creation_date": "2016-03-14T18:56:05.580Z", "depth": 1, "position": 1, "path": "006H", "placeholder": 7, "plugin_type": "ShowArticlesListingPlugin"}, "model": "cms.cmsplugin", "pk": 277}, {"fields": {"changed_date": "2016-03-23T12:58:54.186Z", "language": "en", "parent": null, "numchild": 0, "creation_date": "2016-03-14T18:57:13.678Z", "depth": 1, "position": 0, "path": "006I", "placeholder": 8, "plugin_type": "SpeLinkPluginPublisher"}, "model": "cms.cmsplugin", "pk": 278}, {"fields": {"changed_date": "2016-03-23T12:58:54.193Z", "language": "en", "parent": null, "numchild": 0, "creation_date": "2016-03-14T18:57:25.581Z", "depth": 1, "position": 1, "path": "006J", "placeholder": 8, "plugin_type": "SpeLinkPluginPublisher"}, "model": "cms.cmsplugin", "pk": 279}, {"fields": {"changed_date": "2016-03-23T12:58:54.202Z", "language": "en", "parent": null, "numchild": 0, "creation_date": "2016-03-14T18:57:35.998Z", "depth": 1, "position": 0, "path": "006K", "placeholder": 9, "plugin_type": "ShowTextWithClassPlugin"}, "model": "cms.cmsplugin", "pk": 280}, {"fields": {"changed_date": "2016-03-23T12:58:54.209Z", "language": "en", "parent": null, "numchild": 0, "creation_date": "2016-03-14T18:59:05.058Z", "depth": 1, "position": 1, "path": "006L", "placeholder": 9, "plugin_type": "SpeLinkPluginPublisher"}, "model": "cms.cmsplugin", "pk": 281}, {"fields": {"changed_date": "2016-03-23T17:19:01.101Z", "language": "en", "parent": null, "numchild": 0, "creation_date": "2016-03-23T13:38:05.756Z", "depth": 1, "position": 0, "path": "006M", "placeholder": 81, "plugin_type": "PollPlugin"}, "model": "cms.cmsplugin", "pk": 282}, {"fields": {"changed_date": "2016-03-23T17:17:19.677Z", "language": "en", "parent": null, "numchild": 0, "creation_date": "2016-03-23T13:40:18.329Z", "depth": 1, "position": 0, "path": "006N", "placeholder": 82, "plugin_type": "PollPlugin"}, "model": "cms.cmsplugin", "pk": 283}, {"fields": {"changed_date": "2016-03-23T19:27:20.921Z", "language": "en", "parent": null, "numchild": 0, "creation_date": "2016-03-15T19:19:09.759Z", "depth": 1, "position": 0, "path": "006O", "placeholder": 33, "plugin_type": "ShowTitlePlugin"}, "model": "cms.cmsplugin", "pk": 284}, {"fields": {"changed_date": "2016-03-23T19:27:20.926Z", "language": "en", "parent": null, "numchild": 0, "creation_date": "2016-03-15T19:28:23.202Z", "depth": 1, "position": 1, "path": "006P", "placeholder": 33, "plugin_type": "ShowArticlesPlugin"}, "model": "cms.cmsplugin", "pk": 285}, {"fields": {"changed_date": "2016-03-23T19:27:20.936Z", "language": "en", "parent": null, "numchild": 0, "creation_date": "2016-03-15T13:30:06.533Z", "depth": 1, "position": 1, "path": "006Q", "placeholder": 34, "plugin_type": "ShowIssuesByPublicationPlugin"}, "model": "cms.cmsplugin", "pk": 286}, {"fields": {"changed_date": "2016-03-23T19:27:20.941Z", "language": "en", "parent": null, "numchild": 0, "creation_date": "2016-03-14T20:17:33.648Z", "depth": 1, "position": 0, "path": "006R", "placeholder": 34, "plugin_type": "ShowTitlePlugin"}, "model": "cms.cmsplugin", "pk": 287}, {"fields": {"changed_date": "2016-03-23T19:27:20.945Z", "language": "en", "parent": null, "numchild": 0, "creation_date": "2016-03-15T18:45:14.103Z", "depth": 1, "position": 3, "path": "006S", "placeholder": 34, "plugin_type": "ShowAdSpeedZonePlugin"}, "model": "cms.cmsplugin", "pk": 288}, {"fields": {"changed_date": "2016-03-23T19:27:20.950Z", "language": "en", "parent": null, "numchild": 0, "creation_date": "2016-03-14T20:04:43.075Z", "depth": 1, "position": 2, "path": "006T", "placeholder": 34, "plugin_type": "ShowTextWithClassPlugin"}, "model": "cms.cmsplugin", "pk": 289}, {"fields": {"changed_date": "2016-03-23T19:27:20.959Z", "language": "en", "parent": null, "numchild": 0, "creation_date": "2016-03-14T20:18:03.009Z", "depth": 1, "position": 0, "path": "006U", "placeholder": 35, "plugin_type": "ShowTitlePlugin"}, "model": "cms.cmsplugin", "pk": 290}, {"fields": {"changed_date": "2016-03-23T19:27:20.963Z", "language": "en", "parent": null, "numchild": 0, "creation_date": "2016-03-14T20:18:26.084Z", "depth": 1, "position": 4, "path": "006V", "placeholder": 35, "plugin_type": "SpeLinkPluginPublisher"}, "model": "cms.cmsplugin", "pk": 291}, {"fields": {"changed_date": "2016-03-23T19:27:20.968Z", "language": "en", "parent": null, "numchild": 0, "creation_date": "2016-03-14T20:17:49.690Z", "depth": 1, "position": 3, "path": "006W", "placeholder": 35, "plugin_type": "SpeLinkPluginPublisher"}, "model": "cms.cmsplugin", "pk": 292}, {"fields": {"changed_date": "2016-03-23T19:27:20.973Z", "language": "en", "parent": null, "numchild": 0, "creation_date": "2016-03-15T19:00:45.136Z", "depth": 1, "position": 1, "path": "006X", "placeholder": 35, "plugin_type": "ShowArticlesListingPlugin"}, "model": "cms.cmsplugin", "pk": 293}, {"fields": {"changed_date": "2016-03-23T19:27:20.978Z", "language": "en", "parent": null, "numchild": 0, "creation_date": "2016-03-15T19:18:20.762Z", "depth": 1, "position": 2, "path": "006Y", "placeholder": 35, "plugin_type": "ShowAdSpeedZonePlugin"}, "model": "cms.cmsplugin", "pk": 294}, {"fields": {"changed_date": "2016-03-23T19:27:30.666Z", "language": "en", "parent": null, "numchild": 0, "creation_date": "2016-03-21T23:28:20.091Z", "depth": 1, "position": 1, "path": "006Z", "placeholder": 94, "plugin_type": "ShowArticleDetailPlugin"}, "model": "cms.cmsplugin", "pk": 295}, {"fields": {"changed_date": "2016-03-23T19:27:30.671Z", "language": "en", "parent": null, "numchild": 0, "creation_date": "2016-03-22T12:49:27.350Z", "depth": 1, "position": 2, "path": "0070", "placeholder": 94, "plugin_type": "ShowTitlePlugin"}, "model": "cms.cmsplugin", "pk": 296}, {"fields": {"changed_date": "2016-03-23T19:27:30.677Z", "language": "en", "parent": null, "numchild": 0, "creation_date": "2016-03-22T12:49:51.867Z", "depth": 1, "position": 3, "path": "0071", "placeholder": 94, "plugin_type": "ShowArticlesListingPlugin"}, "model": "cms.cmsplugin", "pk": 297}, {"fields": {"changed_date": "2016-03-23T19:27:30.683Z", "language": "en", "parent": null, "numchild": 0, "creation_date": "2016-03-23T13:38:05.756Z", "depth": 1, "position": 0, "path": "0072", "placeholder": 94, "plugin_type": "PollPlugin"}, "model": "cms.cmsplugin", "pk": 298}, {"fields": {"changed_date": "2016-03-23T19:27:30.692Z", "language": "en", "parent": null, "numchild": 0, "creation_date": "2016-03-22T12:01:21.349Z", "depth": 1, "position": 1, "path": "0073", "placeholder": 95, "plugin_type": "ShowTitlePlugin"}, "model": "cms.cmsplugin", "pk": 299}, {"fields": {"changed_date": "2016-03-23T19:27:30.697Z", "language": "en", "parent": null, "numchild": 0, "creation_date": "2016-03-22T12:01:53.059Z", "depth": 1, "position": 2, "path": "0074", "placeholder": 95, "plugin_type": "ShowIssuesByPublicationPlugin"}, "model": "cms.cmsplugin", "pk": 300}, {"fields": {"changed_date": "2016-03-23T19:27:30.702Z", "language": "en", "parent": null, "numchild": 0, "creation_date": "2016-03-22T12:03:51.424Z", "depth": 1, "position": 3, "path": "0075", "placeholder": 95, "plugin_type": "ShowAdSpeedZonePlugin"}, "model": "cms.cmsplugin", "pk": 301}, {"fields": {"changed_date": "2016-03-23T19:27:30.707Z", "language": "en", "parent": null, "numchild": 0, "creation_date": "2016-03-23T13:40:18.329Z", "depth": 1, "position": 0, "path": "0076", "placeholder": 95, "plugin_type": "PollPlugin"}, "model": "cms.cmsplugin", "pk": 302}, {"fields": {"changed_date": "2016-03-23T19:27:30.716Z", "language": "en", "parent": null, "numchild": 0, "creation_date": "2016-03-22T12:04:20.623Z", "depth": 1, "position": 0, "path": "0077", "placeholder": 96, "plugin_type": "ShowTitlePlugin"}, "model": "cms.cmsplugin", "pk": 303}, {"fields": {"changed_date": "2016-03-23T19:27:30.721Z", "language": "en", "parent": null, "numchild": 0, "creation_date": "2016-03-22T12:04:53.733Z", "depth": 1, "position": 1, "path": "0078", "placeholder": 96, "plugin_type": "ShowArticlesPlugin"}, "model": "cms.cmsplugin", "pk": 304}, {"fields": {"changed_date": "2016-03-23T19:27:30.729Z", "language": "en", "parent": null, "numchild": 0, "creation_date": "2016-03-22T12:05:12.822Z", "depth": 1, "position": 2, "path": "0079", "placeholder": 96, "plugin_type": "ShowAdSpeedZonePlugin"}, "model": "cms.cmsplugin", "pk": 305}, {"fields": {"changed_date": "2016-03-23T19:27:30.734Z", "language": "en", "parent": null, "numchild": 0, "creation_date": "2016-03-22T15:38:11.406Z", "depth": 1, "position": 4, "path": "007A", "placeholder": 96, "plugin_type": "ShowEventsByCurrentLocationPluginPlugin"}, "model": "cms.cmsplugin", "pk": 306}, {"fields": {"changed_date": "2016-03-23T19:27:30.744Z", "language": "en", "parent": null, "numchild": 0, "creation_date": "2016-03-23T11:11:45.423Z", "depth": 1, "position": 3, "path": "007B", "placeholder": 96, "plugin_type": "ShowTitlePlugin"}, "model": "cms.cmsplugin", "pk": 307}, {"fields": {"changed_date": "2016-03-23T19:28:28.562Z", "language": "en", "parent": null, "numchild": 0, "creation_date": "2016-03-23T19:28:18.631Z", "depth": 1, "position": 0, "path": "007D", "placeholder": 62, "plugin_type": "ShowTitlePlugin"}, "model": "cms.cmsplugin", "pk": 309}, {"fields": {"changed_date": "2016-03-23T19:28:55.646Z", "language": "en", "parent": null, "numchild": 0, "creation_date": "2016-03-23T19:28:42.551Z", "depth": 1, "position": 1, "path": "007E", "placeholder": 62, "plugin_type": "ShowIssuesByPublicationPlugin"}, "model": "cms.cmsplugin", "pk": 310}, {"fields": {"changed_date": "2016-03-23T19:29:08.286Z", "language": "en", "parent": null, "numchild": 0, "creation_date": "2016-03-21T16:24:03.689Z", "depth": 1, "position": 0, "path": "007F", "placeholder": 65, "plugin_type": "ShowIssuesByYearPlugin"}, "model": "cms.cmsplugin", "pk": 311}, {"fields": {"changed_date": "2016-03-23T19:29:08.293Z", "language": "en", "parent": null, "numchild": 0, "creation_date": "2016-03-23T19:28:18.631Z", "depth": 1, "position": 0, "path": "007G", "placeholder": 66, "plugin_type": "ShowTitlePlugin"}, "model": "cms.cmsplugin", "pk": 312}, {"fields": {"changed_date": "2016-03-23T19:29:08.298Z", "language": "en", "parent": null, "numchild": 0, "creation_date": "2016-03-23T19:28:42.551Z", "depth": 1, "position": 1, "path": "007H", "placeholder": 66, "plugin_type": "ShowIssuesByPublicationPlugin"}, "model": "cms.cmsplugin", "pk": 313}, {"fields": {"menu_title": null, "meta_description": null, "page_title": null, "language": "en", "title": "Home", "has_url_overwrite": false, "redirect": null, "publisher_is_draft": true, "page": 1, "published": true, "path": "", "publisher_state": 0, "creation_date": "2016-03-14T18:33:03.917Z", "slug": "home", "publisher_public": 2}, "model": "cms.title", "pk": 1}, {"fields": {"menu_title": null, "meta_description": null, "page_title": null, "language": "en", "title": "Home", "has_url_overwrite": false, "redirect": null, "publisher_is_draft": false, "page": 2, "published": true, "path": "", "publisher_state": 0, "creation_date": "2016-03-14T18:33:03.917Z", "slug": "home", "publisher_public": 1}, "model": "cms.title", "pk": 2}, {"fields": {"menu_title": "HOME", "meta_description": "", "page_title": "", "language": "en", "title": "OGF Home", "has_url_overwrite": false, "redirect": null, "publisher_is_draft": true, "page": 3, "published": true, "path": "ogf/ogf-home", "publisher_state": 0, "creation_date": "2016-03-14T20:04:06.886Z", "slug": "ogf-home", "publisher_public": 4}, "model": "cms.title", "pk": 3}, {"fields": {"menu_title": "", "meta_description": "", "page_title": "", "language": "en", "title": "OGF", "has_url_overwrite": false, "redirect": null, "publisher_is_draft": false, "page": 4, "published": true, "path": "ogf/ogf", "publisher_state": 0, "creation_date": "2016-03-14T20:04:06.886Z", "slug": "ogf", "publisher_public": 3}, "model": "cms.title", "pk": 4}, {"fields": {"menu_title": "PEOPLE", "meta_description": "", "page_title": "", "language": "en", "title": "People on the Move", "has_url_overwrite": false, "redirect": null, "publisher_is_draft": true, "page": 5, "published": true, "path": "ogf/people", "publisher_state": 0, "creation_date": "2016-03-14T20:04:06.886Z", "slug": "people", "publisher_public": 6}, "model": "cms.title", "pk": 5}, {"fields": {"menu_title": "PEOPLE", "meta_description": "", "page_title": "", "language": "en", "title": "People on the Move", "has_url_overwrite": false, "redirect": null, "publisher_is_draft": false, "page": 6, "published": true, "path": "ogf/people", "publisher_state": 0, "creation_date": "2016-03-14T20:04:06.886Z", "slug": "people", "publisher_public": 5}, "model": "cms.title", "pk": 6}, {"fields": {"menu_title": "", "meta_description": "", "page_title": "", "language": "en", "title": "ISSUES", "has_url_overwrite": false, "redirect": null, "publisher_is_draft": true, "page": 12, "published": true, "path": "ogf/issues", "publisher_state": 0, "creation_date": "2016-03-21T16:23:40.898Z", "slug": "issues", "publisher_public": 13}, "model": "cms.title", "pk": 12}, {"fields": {"menu_title": "", "meta_description": "", "page_title": "", "language": "en", "title": "ISSUES", "has_url_overwrite": false, "redirect": null, "publisher_is_draft": false, "page": 13, "published": true, "path": "ogf/issues", "publisher_state": 0, "creation_date": "2016-03-21T16:23:40.898Z", "slug": "issues", "publisher_public": 12}, "model": "cms.title", "pk": 13}, {"fields": {"menu_title": "", "meta_description": "", "page_title": "", "language": "en", "title": "OGF Article Detail", "has_url_overwrite": false, "redirect": "", "publisher_is_draft": true, "page": 17, "published": true, "path": "ogf/ogf-article-detail", "publisher_state": 0, "creation_date": "2016-03-21T23:26:17.771Z", "slug": "ogf-article-detail", "publisher_public": 20}, "model": "cms.title", "pk": 17}, {"fields": {"menu_title": "", "meta_description": "", "page_title": "", "language": "en", "title": "OGF SITE", "has_url_overwrite": false, "redirect": null, "publisher_is_draft": true, "page": 18, "published": true, "path": "ogf", "publisher_state": 0, "creation_date": "2016-03-22T13:54:07.447Z", "slug": "ogf", "publisher_public": 19}, "model": "cms.title", "pk": 18}, {"fields": {"menu_title": "", "meta_description": "", "page_title": "", "language": "en", "title": "OGF SITE", "has_url_overwrite": false, "redirect": null, "publisher_is_draft": false, "page": 19, "published": true, "path": "ogf", "publisher_state": 0, "creation_date": "2016-03-22T13:54:07.447Z", "slug": "ogf", "publisher_public": 18}, "model": "cms.title", "pk": 19}, {"fields": {"menu_title": "", "meta_description": "", "page_title": "", "language": "en", "title": "OGF Article Detail", "has_url_overwrite": false, "redirect": "", "publisher_is_draft": false, "page": 20, "published": true, "path": "ogf/ogf-article-detail", "publisher_state": 0, "creation_date": "2016-03-21T23:26:17.771Z", "slug": "ogf-article-detail", "publisher_public": 17}, "model": "cms.title", "pk": 20}, {"fields": {"revision": "37d96d58-d21f-40d1-9a02-6520bf394927"}, "model": "cms.urlconfrevision", "pk": 1}]